plan_id,model,variant,profile_id,line_number,text,label
patient_alibayram/medgemma:4b_P1_run1,alibayram/medgemma:4b,patient,P1,1,"Okay, here's a personalized weekly exercise program designed for you, keeping in mind your age, height, weight, activity level, goal, and medical profile. This program aims to maintain your fitness and improve athletic performance.",0
patient_alibayram/medgemma:4b_P1_run1,alibayram/medgemma:4b,patient,P1,3,**Important Considerations Before Starting:**,0
patient_alibayram/medgemma:4b_P1_run1,alibayram/medgemma:4b,patient,P1,5,"*   **Warm-up:** Always begin each workout with a 5-10 minute warm-up, including dynamic stretching (e.g., arm circles, leg swings, torso twists).",4
patient_alibayram/medgemma:4b_P1_run1,alibayram/medgemma:4b,patient,P1,6,"*   **Cool-down:** End each workout with a 5-10 minute cool-down, including static stretching (holding stretches for 20-30 seconds).",4
patient_alibayram/medgemma:4b_P1_run1,alibayram/medgemma:4b,patient,P1,7,"*   **Listen to Your Body:** Pay attention to any pain or discomfort. If you experience pain, stop the exercise and consult a healthcare professional.",3
patient_alibayram/medgemma:4b_P1_run1,alibayram/medgemma:4b,patient,P1,8,"*   **Progression:** Gradually increase the intensity, duration, or frequency of your workouts over time. Don't try to do too much too soon.",4
patient_alibayram/medgemma:4b_P1_run1,alibayram/medgemma:4b,patient,P1,9,*   **Nutrition and Hydration:** Ensure you are eating a healthy diet and staying well-hydrated.,4
patient_alibayram/medgemma:4b_P1_run1,alibayram/medgemma:4b,patient,P1,10,*   **Rest:** Adequate rest is crucial for muscle recovery and overall health.,4
patient_alibayram/medgemma:4b_P1_run1,alibayram/medgemma:4b,patient,P1,12,**Weekly Exercise Plan:**,0
patient_alibayram/medgemma:4b_P1_run1,alibayram/medgemma:4b,patient,P1,14,**Monday**,0
patient_alibayram/medgemma:4b_P1_run1,alibayram/medgemma:4b,patient,P1,16,1.  **Strength Training (Upper Body)** | Intensity: Moderate | Duration: 45 minutes,1
patient_alibayram/medgemma:4b_P1_run1,alibayram/medgemma:4b,patient,P1,17,*   Bench Press: 3 sets of 8-12 repetitions,1
patient_alibayram/medgemma:4b_P1_run1,alibayram/medgemma:4b,patient,P1,18,*   Pull-ups (or Lat Pulldowns): 3 sets of as many repetitions as possible (AMRAP),1
patient_alibayram/medgemma:4b_P1_run1,alibayram/medgemma:4b,patient,P1,19,*   Overhead Press: 3 sets of 8-12 repetitions,1
patient_alibayram/medgemma:4b_P1_run1,alibayram/medgemma:4b,patient,P1,20,*   Dumbbell Rows: 3 sets of 8-12 repetitions per side,1
patient_alibayram/medgemma:4b_P1_run1,alibayram/medgemma:4b,patient,P1,21,*   Bicep Curls: 3 sets of 10-15 repetitions,1
patient_alibayram/medgemma:4b_P1_run1,alibayram/medgemma:4b,patient,P1,22,*   Triceps Extensions: 3 sets of 10-15 repetitions,1
patient_alibayram/medgemma:4b_P1_run1,alibayram/medgemma:4b,patient,P1,24,**Tuesday**,0
patient_alibayram/medgemma:4b_P1_run1,alibayram/medgemma:4b,patient,P1,26,1.  **Cardio (Moderate Intensity)** | Intensity: Moderate | Duration: 45 minutes,1
patient_alibayram/medgemma:4b_P1_run1,alibayram/medgemma:4b,patient,P1,27,"*   Brisk Walking, Jogging, Cycling, or Elliptical: Maintain a pace where you can hold a conversation but are slightly breathless.",1
patient_alibayram/medgemma:4b_P1_run1,alibayram/medgemma:4b,patient,P1,29,**Wednesday**,0
patient_alibayram/medgemma:4b_P1_run1,alibayram/medgemma:4b,patient,P1,31,1.  **Strength Training (Lower Body)** | Intensity: Moderate | Duration: 45 minutes,1
patient_alibayram/medgemma:4b_P1_run1,alibayram/medgemma:4b,patient,P1,32,*   Squats: 3 sets of 8-12 repetitions,1
patient_alibayram/medgemma:4b_P1_run1,alibayram/medgemma:4b,patient,P1,33,"*   Deadlifts: 1 set of 5 repetitions, 1 set of 3 repetitions, 1 set of 1 repetition (increase weight each set)",1
patient_alibayram/medgemma:4b_P1_run1,alibayram/medgemma:4b,patient,P1,34,*   Lunges: 3 sets of 10-12 repetitions per leg,1
patient_alibayram/medgemma:4b_P1_run1,alibayram/medgemma:4b,patient,P1,35,*   Hamstring Curls: 3 sets of 10-15 repetitions,1
patient_alibayram/medgemma:4b_P1_run1,alibayram/medgemma:4b,patient,P1,36,*   Calf Raises: 3 sets of 15-20 repetitions,1
patient_alibayram/medgemma:4b_P1_run1,alibayram/medgemma:4b,patient,P1,38,**Thursday**,0
patient_alibayram/medgemma:4b_P1_run1,alibayram/medgemma:4b,patient,P1,40,1.  **Active Recovery** | Intensity: Light | Duration: 30 minutes,1
patient_alibayram/medgemma:4b_P1_run1,alibayram/medgemma:4b,patient,P1,41,"*   Yoga, Stretching, or Light Walking: Focus on improving flexibility and reducing muscle soreness.",1
patient_alibayram/medgemma:4b_P1_run1,alibayram/medgemma:4b,patient,P1,43,**Friday**,0
patient_alibayram/medgemma:4b_P1_run1,alibayram/medgemma:4b,patient,P1,45,1.  **Cardio (High Intensity)** | Intensity: Vigorous | Duration: 30-40 minutes,1
patient_alibayram/medgemma:4b_P1_run1,alibayram/medgemma:4b,patient,P1,46,"*   Running, Interval Training (e.g., 30 seconds sprint, 60 seconds jog), or High-Intensity Cycling: Push yourself to your maximum effort during these intervals.",1
patient_alibayram/medgemma:4b_P1_run1,alibayram/medgemma:4b,patient,P1,48,**Saturday**,0
patient_alibayram/medgemma:4b_P1_run1,alibayram/medgemma:4b,patient,P1,50,1.  **Sport/Activity Specific Training** | Intensity: Moderate to Vigorous | Duration: 60 minutes,1
patient_alibayram/medgemma:4b_P1_run1,alibayram/medgemma:4b,patient,P1,51,"*   This should be a sport or activity you enjoy and that aligns with your athletic goals (e.g., soccer, basketball, swimming, tennis). Focus on drills and skill development. Adjust intensity based on the specific sport.",1
patient_alibayram/medgemma:4b_P1_run1,alibayram/medgemma:4b,patient,P1,53,**Sunday**,0
patient_alibayram/medgemma:4b_P1_run1,alibayram/medgemma:4b,patient,P1,55,1.  **Rest** | Intensity: Rest | Duration: Rest,1
patient_alibayram/medgemma:4b_P1_run1,alibayram/medgemma:4b,patient,P1,56,*   Complete rest to allow for muscle recovery and overall recovery.,4
patient_alibayram/medgemma:4b_P1_run1,alibayram/medgemma:4b,patient,P1,58,**Additional Notes and Recommendations:**,0
patient_alibayram/medgemma:4b_P1_run1,alibayram/medgemma:4b,patient,P1,60,"*   **Progression:** After 4-6 weeks, re-evaluate your progress and adjust the program accordingly. You can increase the weight you lift, the duration of your cardio sessions, or the intensity of your workouts.",4
patient_alibayram/medgemma:4b_P1_run1,alibayram/medgemma:4b,patient,P1,61,*   **Variety:** Incorporate different types of exercises to prevent boredom and target different muscle groups.,4
patient_alibayram/medgemma:4b_P1_run1,alibayram/medgemma:4b,patient,P1,62,*   **Proper Form:** Focus on maintaining proper form during all exercises to avoid injuries. Consider working with a certified personal trainer to learn proper technique.,4
patient_alibayram/medgemma:4b_P1_run1,alibayram/medgemma:4b,patient,P1,63,"*   **Diet:** Ensure you are consuming a balanced diet with adequate protein, carbohydrates, and healthy fats to support your training goals.",4
patient_alibayram/medgemma:4b_P1_run1,alibayram/medgemma:4b,patient,P1,64,*   **Sleep:** Aim for 7-9 hours of quality sleep per night to optimize recovery and performance.,4
patient_alibayram/medgemma:4b_P1_run1,alibayram/medgemma:4b,patient,P1,65,"*   **Hydration:** Drink plenty of water throughout the day, especially before, during, and after workouts.",4
patient_alibayram/medgemma:4b_P1_run1,alibayram/medgemma:4b,patient,P1,66,"*   **Consult a Professional:** This is a general plan. It is highly recommended to consult with a qualified personal trainer or healthcare professional to create a personalized program that is tailored to your specific needs and goals. They can assess your current fitness level, identify any potential risks, and provide guidance on proper exercise technique.",3
patient_alibayram/medgemma:4b_P1_run1,alibayram/medgemma:4b,patient,P1,67,"*   **Listen to your body:** Don't push yourself too hard, especially when starting a new exercise program. Rest when you need to and don't be afraid to take a break if you're feeling sore or tired.",4
patient_alibayram/medgemma:4b_P1_run1,alibayram/medgemma:4b,patient,P1,69,"This plan provides a solid foundation for maintaining fitness and improving athletic performance. Remember to listen to your body, progress gradually, and enjoy the process! Good luck!",0
patient_alibayram/medgemma:4b_P2_run1,alibayram/medgemma:4b,patient,P2,1,"Okay, here's a personalized weekly exercise program tailored for you, keeping in mind your sedentary lifestyle, lack of medical conditions, and goal of improving general health. This program is designed to be progressive, meaning it gradually increases in intensity and duration. Remember to consult your doctor before starting any new exercise program.",0
patient_alibayram/medgemma:4b_P2_run1,alibayram/medgemma:4b,patient,P2,3,**Important Considerations Before Starting:**,0
patient_alibayram/medgemma:4b_P2_run1,alibayram/medgemma:4b,patient,P2,5,"*   **Warm-up:** Always begin each workout with a 5-10 minute warm-up. This could include light cardio (e.g., marching in place, arm circles) and dynamic stretching (e.g., leg swings, torso twists).",4
patient_alibayram/medgemma:4b_P2_run1,alibayram/medgemma:4b,patient,P2,6,"*   **Cool-down:** End each workout with a 5-10 minute cool-down, including static stretching (holding each stretch for 20-30 seconds). Focus on stretching the muscles you worked during the exercise.",4
patient_alibayram/medgemma:4b_P2_run1,alibayram/medgemma:4b,patient,P2,7,"*   **Listen to Your Body:** Pay attention to your body and rest when needed. Don't push yourself too hard, especially when starting. It's okay to take rest days.",2
patient_alibayram/medgemma:4b_P2_run1,alibayram/medgemma:4b,patient,P2,8,*   **Proper Form:** Focus on maintaining proper form during each exercise to prevent injuries. Watch videos and/or consult a fitness professional to learn the correct technique.,4
patient_alibayram/medgemma:4b_P2_run1,alibayram/medgemma:4b,patient,P2,9,"*   **Hydration:** Drink plenty of water throughout the day, especially before, during, and after exercise.",4
patient_alibayram/medgemma:4b_P2_run1,alibayram/medgemma:4b,patient,P2,10,"*   **Progression:** Gradually increase the duration, intensity, or frequency of your workouts as you get fitter. Don't try to do too much too soon.",4
patient_alibayram/medgemma:4b_P2_run1,alibayram/medgemma:4b,patient,P2,11,*   **Enjoyment:** Choose activities you enjoy to make exercise a sustainable habit.,4
patient_alibayram/medgemma:4b_P2_run1,alibayram/medgemma:4b,patient,P2,13,**Weekly Exercise Plan:**,0
patient_alibayram/medgemma:4b_P2_run1,alibayram/medgemma:4b,patient,P2,15,**Monday**,0
patient_alibayram/medgemma:4b_P2_run1,alibayram/medgemma:4b,patient,P2,17,1.  **Brisk Walking** | Intensity: Moderate | Duration: 30 minutes,1
patient_alibayram/medgemma:4b_P2_run1,alibayram/medgemma:4b,patient,P2,18,2.  **Bodyweight Squats** | Intensity: Moderate | Duration: 3 sets of 10-12 repetitions,1
patient_alibayram/medgemma:4b_P2_run1,alibayram/medgemma:4b,patient,P2,19,3.  **Push-ups (on knees if needed)** | Intensity: Moderate | Duration: 3 sets of as many repetitions as possible (AMRAP),1
patient_alibayram/medgemma:4b_P2_run1,alibayram/medgemma:4b,patient,P2,20,"4.  **Plank** | Intensity: Moderate | Duration: 3 sets, hold for 30 seconds each",1
patient_alibayram/medgemma:4b_P2_run1,alibayram/medgemma:4b,patient,P2,22,**Tuesday**,0
patient_alibayram/medgemma:4b_P2_run1,alibayram/medgemma:4b,patient,P2,24,1.  **Rest**,4
patient_alibayram/medgemma:4b_P2_run1,alibayram/medgemma:4b,patient,P2,25,2.  **Yoga** | Intensity: Light | Duration: 30 minutes (focus on beginner-friendly routines),1
patient_alibayram/medgemma:4b_P2_run1,alibayram/medgemma:4b,patient,P2,27,**Wednesday**,0
patient_alibayram/medgemma:4b_P2_run1,alibayram/medgemma:4b,patient,P2,29,1.  **Brisk Walking** | Intensity: Moderate | Duration: 30 minutes,1
patient_alibayram/medgemma:4b_P2_run1,alibayram/medgemma:4b,patient,P2,30,2.  **Lunges** | Intensity: Moderate | Duration: 3 sets of 10-12 repetitions per leg,1
patient_alibayram/medgemma:4b_P2_run1,alibayram/medgemma:4b,patient,P2,31,3.  **Dumbbell Rows (using light weights)** | Intensity: Moderate | Duration: 3 sets of 10-12 repetitions per arm,1
patient_alibayram/medgemma:4b_P2_run1,alibayram/medgemma:4b,patient,P2,32,4.  **Crunches** | Intensity: Moderate | Duration: 3 sets of 15-20 repetitions,1
patient_alibayram/medgemma:4b_P2_run1,alibayram/medgemma:4b,patient,P2,34,**Thursday**,0
patient_alibayram/medgemma:4b_P2_run1,alibayram/medgemma:4b,patient,P2,36,1.  **Rest**,4
patient_alibayram/medgemma:4b_P2_run1,alibayram/medgemma:4b,patient,P2,37,2.  **Cycling (stationary bike or outdoor)** | Intensity: Moderate | Duration: 30 minutes,1
patient_alibayram/medgemma:4b_P2_run1,alibayram/medgemma:4b,patient,P2,39,**Friday**,0
patient_alibayram/medgemma:4b_P2_run1,alibayram/medgemma:4b,patient,P2,41,1.  **Brisk Walking** | Intensity: Moderate | Duration: 30 minutes,1
patient_alibayram/medgemma:4b_P2_run1,alibayram/medgemma:4b,patient,P2,42,2.  **Calf Raises** | Intensity: Moderate | Duration: 3 sets of 15-20 repetitions,1
patient_alibayram/medgemma:4b_P2_run1,alibayram/medgemma:4b,patient,P2,43,3.  **Tricep Dips (using a chair)** | Intensity: Moderate | Duration: 3 sets of as many repetitions as possible (AMRAP),1
patient_alibayram/medgemma:4b_P2_run1,alibayram/medgemma:4b,patient,P2,44,4.  **Bird Dog** | Intensity: Moderate | Duration: 3 sets of 10-12 repetitions per side,1
patient_alibayram/medgemma:4b_P2_run1,alibayram/medgemma:4b,patient,P2,46,**Saturday**,0
patient_alibayram/medgemma:4b_P2_run1,alibayram/medgemma:4b,patient,P2,48,1.  **Rest**,4
patient_alibayram/medgemma:4b_P2_run1,alibayram/medgemma:4b,patient,P2,49,2.  **Swimming (optional)** | Intensity: Light | Duration: 30 minutes (or active recovery like a leisurely walk),1
patient_alibayram/medgemma:4b_P2_run1,alibayram/medgemma:4b,patient,P2,51,**Sunday**,0
patient_alibayram/medgemma:4b_P2_run1,alibayram/medgemma:4b,patient,P2,53,1.  **Rest**,4
patient_alibayram/medgemma:4b_P2_run1,alibayram/medgemma:4b,patient,P2,55,**Additional Notes and Recommendations:**,0
patient_alibayram/medgemma:4b_P2_run1,alibayram/medgemma:4b,patient,P2,57,"*   **Progression:** After 2-4 weeks, consider increasing the duration of your walks by 5-10 minutes, adding a weight to your squats/lunges/rows, or increasing the hold time for planks.",4
patient_alibayram/medgemma:4b_P2_run1,alibayram/medgemma:4b,patient,P2,58,"*   **Variety:** To prevent boredom and work different muscle groups, consider incorporating other activities like dancing, hiking, or gardening.",4
patient_alibayram/medgemma:4b_P2_run1,alibayram/medgemma:4b,patient,P2,59,"*   **Nutrition:** Pair this exercise plan with a healthy diet to maximize your results. Focus on whole, unprocessed foods, lean protein, fruits, vegetables, and healthy fats.",4
patient_alibayram/medgemma:4b_P2_run1,alibayram/medgemma:4b,patient,P2,60,*   **Sleep:** Aim for 7-8 hours of quality sleep each night to allow your body to recover and rebuild.,4
patient_alibayram/medgemma:4b_P2_run1,alibayram/medgemma:4b,patient,P2,61,"*   **Consistency:** The key to success is consistency. Try to stick to your exercise routine as much as possible, even if you have to adjust it occasionally.",4
patient_alibayram/medgemma:4b_P2_run1,alibayram/medgemma:4b,patient,P2,62,"*   **Motivation:** Find ways to stay motivated, such as exercising with a friend, listening to music, or tracking your progress.",4
patient_alibayram/medgemma:4b_P2_run1,alibayram/medgemma:4b,patient,P2,63,"*   **Listen to your body and modify as needed.** If you experience any pain, stop the exercise and consult a healthcare professional.",3
patient_alibayram/medgemma:4b_P2_run1,alibayram/medgemma:4b,patient,P2,64,"*   **Consider a Personal Trainer:** If you're looking for more guidance and personalized feedback, consider working with a certified personal trainer. They can help you develop a customized workout plan and teach you proper form.",4
patient_alibayram/medgemma:4b_P2_run1,alibayram/medgemma:4b,patient,P2,66,This plan is a starting point. Adjust it based on your individual needs and preferences. Good luck!,0
patient_alibayram/medgemma:4b_P3_run1,alibayram/medgemma:4b,patient,P3,1,"Okay, based on your profile and goals, here's a personalized weekly exercise program designed to improve cardiovascular health and manage your blood pressure, keeping in mind your controlled hypertension and medication. This plan is a suggestion and should be reviewed and adjusted by your doctor or a qualified healthcare professional before you begin, especially given your medical conditions.",0
patient_alibayram/medgemma:4b_P3_run1,alibayram/medgemma:4b,patient,P3,3,**Important Considerations:**,0
patient_alibayram/medgemma:4b_P3_run1,alibayram/medgemma:4b,patient,P3,5,"*   **Consult Your Doctor:** Before starting this or any new exercise program, it is *essential* to consult with your physician. They can assess your overall health, review your medications, and provide specific guidance tailored to your needs.",3
patient_alibayram/medgemma:4b_P3_run1,alibayram/medgemma:4b,patient,P3,6,"*   **Listen to Your Body:** Pay close attention to how you feel during exercise. Stop immediately if you experience chest pain, dizziness, shortness of breath, or any other concerning symptoms.",3
patient_alibayram/medgemma:4b_P3_run1,alibayram/medgemma:4b,patient,P3,7,"*   **Warm-up and Cool-down:** Always include a 5-10 minute warm-up before each workout (e.g., light cardio, dynamic stretching) and a 5-10 minute cool-down afterward (e.g., walking, static stretching).",4
patient_alibayram/medgemma:4b_P3_run1,alibayram/medgemma:4b,patient,P3,8,"*   **Hydration:** Drink plenty of water before, during, and after exercise.",4
patient_alibayram/medgemma:4b_P3_run1,alibayram/medgemma:4b,patient,P3,9,"*   **Progression:** Start slowly and gradually increase the intensity and duration of your workouts over time. Don't push yourself too hard, especially in the beginning.",4
patient_alibayram/medgemma:4b_P3_run1,alibayram/medgemma:4b,patient,P3,10,"*   **Consistency:** The key to success is consistency. Try to stick to the schedule as much as possible, but don't be discouraged if you miss a workout. Just get back on track as soon as you can.",4
patient_alibayram/medgemma:4b_P3_run1,alibayram/medgemma:4b,patient,P3,11,"*   **Medication Considerations:** Be mindful of taking your Lisinopril as prescribed, especially before and after exercise.",3
patient_alibayram/medgemma:4b_P3_run1,alibayram/medgemma:4b,patient,P3,13,**Weekly Exercise Plan**,0
patient_alibayram/medgemma:4b_P3_run1,alibayram/medgemma:4b,patient,P3,15,**Monday**,0
patient_alibayram/medgemma:4b_P3_run1,alibayram/medgemma:4b,patient,P3,17,1.  **Brisk Walking** | Intensity: Moderate | Duration: 30 minutes,1
patient_alibayram/medgemma:4b_P3_run1,alibayram/medgemma:4b,patient,P3,18,2.  **Strength Training (Bodyweight)** | Intensity: Light | Duration: 20 minutes (See details below),1
patient_alibayram/medgemma:4b_P3_run1,alibayram/medgemma:4b,patient,P3,20,**Tuesday**,0
patient_alibayram/medgemma:4b_P3_run1,alibayram/medgemma:4b,patient,P3,22,"1.  **Rest or Active Recovery** | Intensity: Light | Duration: 20 minutes (Gentle stretching, yoga, or a leisurely walk)",1
patient_alibayram/medgemma:4b_P3_run1,alibayram/medgemma:4b,patient,P3,24,**Wednesday**,0
patient_alibayram/medgemma:4b_P3_run1,alibayram/medgemma:4b,patient,P3,26,1.  **Brisk Walking** | Intensity: Moderate | Duration: 30 minutes,1
patient_alibayram/medgemma:4b_P3_run1,alibayram/medgemma:4b,patient,P3,27,2.  **Strength Training (Bodyweight)** | Intensity: Light | Duration: 20 minutes (See details below),1
patient_alibayram/medgemma:4b_P3_run1,alibayram/medgemma:4b,patient,P3,29,**Thursday**,0
patient_alibayram/medgemma:4b_P3_run1,alibayram/medgemma:4b,patient,P3,31,"1.  **Rest or Active Recovery** | Intensity: Light | Duration: 20 minutes (Gentle stretching, yoga, or a leisurely walk)",1
patient_alibayram/medgemma:4b_P3_run1,alibayram/medgemma:4b,patient,P3,33,**Friday**,0
patient_alibayram/medgemma:4b_P3_run1,alibayram/medgemma:4b,patient,P3,35,1.  **Brisk Walking** | Intensity: Moderate | Duration: 30 minutes,1
patient_alibayram/medgemma:4b_P3_run1,alibayram/medgemma:4b,patient,P3,36,2.  **Strength Training (Bodyweight)** | Intensity: Light | Duration: 20 minutes (See details below),1
patient_alibayram/medgemma:4b_P3_run1,alibayram/medgemma:4b,patient,P3,38,**Saturday**,0
patient_alibayram/medgemma:4b_P3_run1,alibayram/medgemma:4b,patient,P3,40,"1.  **Light Activity/Social Activity** | Intensity: Light | Duration: 30 minutes (Gardening, playing with grandkids, or a gentle bike ride)",1
patient_alibayram/medgemma:4b_P3_run1,alibayram/medgemma:4b,patient,P3,42,**Sunday**,0
patient_alibayram/medgemma:4b_P3_run1,alibayram/medgemma:4b,patient,P3,44,1.  **Rest** | Intensity: None | Duration: None,1
patient_alibayram/medgemma:4b_P3_run1,alibayram/medgemma:4b,patient,P3,46,**Strength Training (Bodyweight):**,0
patient_alibayram/medgemma:4b_P3_run1,alibayram/medgemma:4b,patient,P3,48,*   **Squats:** 3 sets of 10-12 repetitions (Focus on proper form),4
patient_alibayram/medgemma:4b_P3_run1,alibayram/medgemma:4b,patient,P3,49,*   **Push-ups (on knees if needed):** 3 sets of as many repetitions as possible (AMRAP),1
patient_alibayram/medgemma:4b_P3_run1,alibayram/medgemma:4b,patient,P3,50,*   **Walking Lunges:** 3 sets of 10-12 repetitions per leg,1
patient_alibayram/medgemma:4b_P3_run1,alibayram/medgemma:4b,patient,P3,51,"*   **Plank:** 3 sets, holding for 30 seconds each",1
patient_alibayram/medgemma:4b_P3_run1,alibayram/medgemma:4b,patient,P3,52,*   **Calf Raises:** 3 sets of 15-20 repetitions,1
patient_alibayram/medgemma:4b_P3_run1,alibayram/medgemma:4b,patient,P3,54,**Explanation and Additional Notes:**,0
patient_alibayram/medgemma:4b_P3_run1,alibayram/medgemma:4b,patient,P3,56,*   **Brisk Walking:** This is a low-impact exercise that is easy on the joints and provides cardiovascular benefits. Aim for a pace where you can talk comfortably but are slightly breathless.,4
patient_alibayram/medgemma:4b_P3_run1,alibayram/medgemma:4b,patient,P3,57,"*   **Strength Training:** Strength training helps build muscle mass, which can improve metabolism and help manage blood pressure. Bodyweight exercises are a good starting point. Focus on proper form to avoid injuries.",3
patient_alibayram/medgemma:4b_P3_run1,alibayram/medgemma:4b,patient,P3,58,*   **Active Recovery:** Rest days are important for allowing your body to recover and adapt to the exercise program. Active recovery involves light activities that promote blood flow and reduce muscle soreness.,2
patient_alibayram/medgemma:4b_P3_run1,alibayram/medgemma:4b,patient,P3,59,"*   **Progression:** As you get fitter, gradually increase the duration, intensity, or resistance of your workouts. For example, you could walk for longer periods, increase the number of repetitions, or add weights to your strength training exercises.",4
patient_alibayram/medgemma:4b_P3_run1,alibayram/medgemma:4b,patient,P3,60,"*   **Monitoring:** Regularly monitor your blood pressure and heart rate, especially when starting a new exercise program. Keep a record of your readings and discuss any concerns with your doctor.",3
patient_alibayram/medgemma:4b_P3_run1,alibayram/medgemma:4b,patient,P3,61,*   **Enjoyment:** Choose activities that you enjoy to make exercise a sustainable part of your lifestyle.,4
patient_alibayram/medgemma:4b_P3_run1,alibayram/medgemma:4b,patient,P3,63,"**Disclaimer:** This exercise program is a suggestion and should not be considered medical advice. It is essential to consult with your doctor before starting any new exercise program, especially given your medical conditions.",0
patient_alibayram/medgemma:4b_P4_run1,alibayram/medgemma:4b,patient,P4,1,"Okay, here's a personalized weekly exercise program tailored for you, keeping in mind your age, medical conditions (Type 2 Diabetes, Obesity), medications (Metformin), low activity level, and goal of managing blood sugar and weight loss.  **Important: This is a general plan and should be reviewed and approved by your doctor or a qualified healthcare professional before you begin. They can assess your individual health status and make necessary modifications.**",0
patient_alibayram/medgemma:4b_P4_run1,alibayram/medgemma:4b,patient,P4,3,**Important Considerations Before Starting:**,0
patient_alibayram/medgemma:4b_P4_run1,alibayram/medgemma:4b,patient,P4,5,*   **Consult Your Doctor:** This is the most crucial step. Your doctor needs to approve this plan and monitor your progress. They may recommend specific exercises or modifications based on your individual health.,3
patient_alibayram/medgemma:4b_P4_run1,alibayram/medgemma:4b,patient,P4,6,*   **Medication Adjustments:** Your doctor may need to adjust your Metformin dosage based on your activity level.  Do not change your medication without their guidance.,3
patient_alibayram/medgemma:4b_P4_run1,alibayram/medgemma:4b,patient,P4,7,"*   **Blood Sugar Monitoring:**  Regularly monitor your blood sugar levels before, during, and after exercise.  This will help you understand how exercise affects your body and adjust your insulin/Medformin accordingly (if applicable).",3
patient_alibayram/medgemma:4b_P4_run1,alibayram/medgemma:4b,patient,P4,8,"*   **Hydration:** Drink plenty of water before, during, and after exercise.",4
patient_alibayram/medgemma:4b_P4_run1,alibayram/medgemma:4b,patient,P4,9,*   **Listen to Your Body:**  Pay attention to any pain or discomfort. Stop if you experience any pain and consult your doctor.,3
patient_alibayram/medgemma:4b_P4_run1,alibayram/medgemma:4b,patient,P4,10,"*   **Proper Footwear:** Wear comfortable, supportive shoes that fit well.",4
patient_alibayram/medgemma:4b_P4_run1,alibayram/medgemma:4b,patient,P4,11,*   **Warm-up and Cool-down:** Always include a warm-up before each exercise session and a cool-down afterward.,4
patient_alibayram/medgemma:4b_P4_run1,alibayram/medgemma:4b,patient,P4,13,**Weekly Exercise Plan:**,0
patient_alibayram/medgemma:4b_P4_run1,alibayram/medgemma:4b,patient,P4,15,**Monday**,0
patient_alibayram/medgemma:4b_P4_run1,alibayram/medgemma:4b,patient,P4,17,1.  **Walking** | Intensity: Light | Duration: 20 minutes,1
patient_alibayram/medgemma:4b_P4_run1,alibayram/medgemma:4b,patient,P4,18,2.  **Strength Training (Upper Body)** | Intensity: Light | Duration: 20 minutes,1
patient_alibayram/medgemma:4b_P4_run1,alibayram/medgemma:4b,patient,P4,19,*   Wall Push-ups: 2 sets of 10 repetitions,1
patient_alibayram/medgemma:4b_P4_run1,alibayram/medgemma:4b,patient,P4,20,*   Chair Squats: 2 sets of 10 repetitions,1
patient_alibayram/medgemma:4b_P4_run1,alibayram/medgemma:4b,patient,P4,21,*   Bicep Curls (with light weights or resistance bands): 2 sets of 10 repetitions,1
patient_alibayram/medgemma:4b_P4_run1,alibayram/medgemma:4b,patient,P4,22,*   Overhead Press (with light weights or resistance bands): 2 sets of 10 repetitions,1
patient_alibayram/medgemma:4b_P4_run1,alibayram/medgemma:4b,patient,P4,23,"3.  **Cool-down:** Gentle stretching, holding each stretch for 30 seconds.",4
patient_alibayram/medgemma:4b_P4_run1,alibayram/medgemma:4b,patient,P4,25,**Tuesday**,0
patient_alibayram/medgemma:4b_P4_run1,alibayram/medgemma:4b,patient,P4,27,1.  **Rest**,4
patient_alibayram/medgemma:4b_P4_run1,alibayram/medgemma:4b,patient,P4,29,**Wednesday**,0
patient_alibayram/medgemma:4b_P4_run1,alibayram/medgemma:4b,patient,P4,31,1.  **Walking** | Intensity: Light | Duration: 30 minutes,1
patient_alibayram/medgemma:4b_P4_run1,alibayram/medgemma:4b,patient,P4,32,2.  **Strength Training (Lower Body)** | Intensity: Light | Duration: 20 minutes,1
patient_alibayram/medgemma:4b_P4_run1,alibayram/medgemma:4b,patient,P4,33,*   Chair Squats: 2 sets of 10 repetitions,1
patient_alibayram/medgemma:4b_P4_run1,alibayram/medgemma:4b,patient,P4,34,*   Calf Raises: 2 sets of 10 repetitions,1
patient_alibayram/medgemma:4b_P4_run1,alibayram/medgemma:4b,patient,P4,35,*   Hamstring Curls (with resistance bands): 2 sets of 10 repetitions,1
patient_alibayram/medgemma:4b_P4_run1,alibayram/medgemma:4b,patient,P4,36,*   Hip Abduction (with resistance bands): 2 sets of 10 repetitions,1
patient_alibayram/medgemma:4b_P4_run1,alibayram/medgemma:4b,patient,P4,37,"3.  **Cool-down:** Gentle stretching, holding each stretch for 30 seconds.",4
patient_alibayram/medgemma:4b_P4_run1,alibayram/medgemma:4b,patient,P4,39,**Thursday**,0
patient_alibayram/medgemma:4b_P4_run1,alibayram/medgemma:4b,patient,P4,41,1.  **Rest**,4
patient_alibayram/medgemma:4b_P4_run1,alibayram/medgemma:4b,patient,P4,43,**Friday**,0
patient_alibayram/medgemma:4b_P4_run1,alibayram/medgemma:4b,patient,P4,45,1.  **Swimming** | Intensity: Light | Duration: 30 minutes (or water aerobics if preferred),1
patient_alibayram/medgemma:4b_P4_run1,alibayram/medgemma:4b,patient,P4,46,2.  **Strength Training (Full Body)** | Intensity: Light | Duration: 20 minutes,1
patient_alibayram/medgemma:4b_P4_run1,alibayram/medgemma:4b,patient,P4,47,*   Modified Plank: 2 sets of 30 seconds hold,1
patient_alibayram/medgemma:4b_P4_run1,alibayram/medgemma:4b,patient,P4,48,*   Bird Dog: 2 sets of 10 repetitions per side,1
patient_alibayram/medgemma:4b_P4_run1,alibayram/medgemma:4b,patient,P4,49,*   Modified Dumbbell Rows (or resistance band rows): 2 sets of 10 repetitions,1
patient_alibayram/medgemma:4b_P4_run1,alibayram/medgemma:4b,patient,P4,50,*   Bicep Curls (with light weights or resistance bands): 2 sets of 10 repetitions,1
patient_alibayram/medgemma:4b_P4_run1,alibayram/medgemma:4b,patient,P4,51,*   Overhead Press (with light weights or resistance bands): 2 sets of 10 repetitions,1
patient_alibayram/medgemma:4b_P4_run1,alibayram/medgemma:4b,patient,P4,52,"3.  **Cool-down:** Gentle stretching, holding each stretch for 30 seconds.",4
patient_alibayram/medgemma:4b_P4_run1,alibayram/medgemma:4b,patient,P4,54,**Saturday**,0
patient_alibayram/medgemma:4b_P4_run1,alibayram/medgemma:4b,patient,P4,56,1.  **Walking** | Intensity: Light | Duration: 45 minutes,1
patient_alibayram/medgemma:4b_P4_run1,alibayram/medgemma:4b,patient,P4,57,2.  **Yoga/Pilates** | Intensity: Light | Duration: 30 minutes (beginner level),1
patient_alibayram/medgemma:4b_P4_run1,alibayram/medgemma:4b,patient,P4,59,**Sunday**,0
patient_alibayram/medgemma:4b_P4_run1,alibayram/medgemma:4b,patient,P4,61,1.  **Rest**,4
patient_alibayram/medgemma:4b_P4_run1,alibayram/medgemma:4b,patient,P4,63,**Additional Notes and Recommendations:**,0
patient_alibayram/medgemma:4b_P4_run1,alibayram/medgemma:4b,patient,P4,65,"*   **Progression:** Gradually increase the duration, intensity, or frequency of your exercise as you get fitter.  Don't increase too quickly, as this can increase your risk of injury.",4
patient_alibayram/medgemma:4b_P4_run1,alibayram/medgemma:4b,patient,P4,66,"*   **Consistency is Key:** Aim to stick to this plan as consistently as possible, even if you need to adjust it occasionally.",4
patient_alibayram/medgemma:4b_P4_run1,alibayram/medgemma:4b,patient,P4,67,"*   **Variety:**  Consider incorporating other activities you enjoy, such as gardening, dancing, or taking a leisurely bike ride, to keep things interesting.",4
patient_alibayram/medgemma:4b_P4_run1,alibayram/medgemma:4b,patient,P4,68,"*   **Nutrition:** Exercise is only one part of managing diabetes and weight loss.  Work with a registered dietitian or nutritionist to develop a healthy eating plan.  Focus on whole, unprocessed foods, portion control, and consistent carbohydrate intake.",4
patient_alibayram/medgemma:4b_P4_run1,alibayram/medgemma:4b,patient,P4,69,*   **Weight Management:** Aim for a gradual weight loss of 0.5-1 kg per week.  This is a sustainable rate that is less likely to cause problems for someone with diabetes.,4
patient_alibayram/medgemma:4b_P4_run1,alibayram/medgemma:4b,patient,P4,70,"*   **Cardiovascular Health:**  Walking, swimming, and water aerobics are excellent choices for improving cardiovascular health.",4
patient_alibayram/medgemma:4b_P4_run1,alibayram/medgemma:4b,patient,P4,71,"*   **Strength Training:** Strength training helps to build muscle mass, which can improve insulin sensitivity and boost metabolism.",4
patient_alibayram/medgemma:4b_P4_run1,alibayram/medgemma:4b,patient,P4,72,"*   **Flexibility:** Stretching and yoga/Pilates improve flexibility and range of motion, reducing the risk of injury.",4
patient_alibayram/medgemma:4b_P4_run1,alibayram/medgemma:4b,patient,P4,73,*   **Social Support:**  Consider joining a walking group or exercise class for social support and motivation.,4
patient_alibayram/medgemma:4b_P4_run1,alibayram/medgemma:4b,patient,P4,74,"*   **Monitor Blood Pressure:** Regular blood pressure monitoring is important, especially with diabetes.",3
patient_alibayram/medgemma:4b_P4_run1,alibayram/medgemma:4b,patient,P4,75,*   **Focus on Enjoyment:** Choose activities you enjoy to make exercise a sustainable part of your lifestyle.,4
patient_alibayram/medgemma:4b_P4_run1,alibayram/medgemma:4b,patient,P4,76,*   **Adjustments:** Be prepared to adjust the plan based on your individual needs and progress. Your doctor and/or a qualified exercise professional can help you make these adjustments.,4
patient_alibayram/medgemma:4b_P4_run1,alibayram/medgemma:4b,patient,P4,77,*   **Consider a pedometer or fitness tracker:** These can help you monitor your steps and activity levels.,4
patient_alibayram/medgemma:4b_P4_run1,alibayram/medgemma:4b,patient,P4,79,"**Disclaimer:** This is a sample exercise program and should not be considered medical advice. Always consult with your doctor or a qualified healthcare professional before starting any new exercise program, especially if you have any medical conditions.",0
patient_alibayram/medgemma:4b_P5_run1,alibayram/medgemma:4b,patient,P5,1,"Okay, here's a personalized weekly exercise program designed to address your knee osteoarthritis, reduce pain, and improve joint mobility, considering your profile and limitations. Remember, this is a general guideline, and it's crucial to consult with a physical therapist or qualified healthcare professional before starting any new exercise program, especially given your knee condition. They can assess your specific needs and make adjustments as needed.",0
patient_alibayram/medgemma:4b_P5_run1,alibayram/medgemma:4b,patient,P5,3,**Important Considerations Before Starting:**,0
patient_alibayram/medgemma:4b_P5_run1,alibayram/medgemma:4b,patient,P5,5,"*   **Warm-up:** Always begin each workout with a 5-10 minute warm-up, including gentle movements like arm circles, leg swings, and marching in place.",4
patient_alibayram/medgemma:4b_P5_run1,alibayram/medgemma:4b,patient,P5,6,"*   **Cool-down:** End each workout with a 5-10 minute cool-down, including stretching the muscles worked during the session.",4
patient_alibayram/medgemma:4b_P5_run1,alibayram/medgemma:4b,patient,P5,7,"*   **Listen to Your Body:** Pay attention to your pain levels. If you experience sharp or increasing pain, stop the exercise and rest. Modify the exercise or choose an alternative.",4
patient_alibayram/medgemma:4b_P5_run1,alibayram/medgemma:4b,patient,P5,8,*   **Proper Form:** Focus on maintaining correct form throughout each exercise. Poor form can exacerbate knee pain.,4
patient_alibayram/medgemma:4b_P5_run1,alibayram/medgemma:4b,patient,P5,9,"*   **Progression:** Gradually increase the intensity, duration, or resistance of your exercises as you get stronger.",4
patient_alibayram/medgemma:4b_P5_run1,alibayram/medgemma:4b,patient,P5,10,"*   **Hydration:** Drink plenty of water before, during, and after exercise.",4
patient_alibayram/medgemma:4b_P5_run1,alibayram/medgemma:4b,patient,P5,11,"*   **Ibuprofen:** Continue taking ibuprofen as needed for pain, but avoid over-reliance.",4
patient_alibayram/medgemma:4b_P5_run1,alibayram/medgemma:4b,patient,P5,13,**Weekly Exercise Plan:**,0
patient_alibayram/medgemma:4b_P5_run1,alibayram/medgemma:4b,patient,P5,15,**Monday**,0
patient_alibayram/medgemma:4b_P5_run1,alibayram/medgemma:4b,patient,P5,17,1.  **Low-Impact Aerobic Exercise:** Brisk Walking | Intensity: Light | Duration: 20 minutes,1
patient_alibayram/medgemma:4b_P5_run1,alibayram/medgemma:4b,patient,P5,18,2.  **Quadriceps Strengthening:** Seated Knee Extensions | Intensity: Light | Duration: 15 minutes,1
patient_alibayram/medgemma:4b_P5_run1,alibayram/medgemma:4b,patient,P5,19,3.  **Hamstring Strengthening:** Seated Hamstring Curls | Intensity: Light | Duration: 10 minutes,1
patient_alibayram/medgemma:4b_P5_run1,alibayram/medgemma:4b,patient,P5,20,4.  **Calf Strengthening:** Standing Calf Raises | Intensity: Light | Duration: 10 minutes,1
patient_alibayram/medgemma:4b_P5_run1,alibayram/medgemma:4b,patient,P5,22,**Tuesday**,0
patient_alibayram/medgemma:4b_P5_run1,alibayram/medgemma:4b,patient,P5,24,1.  **Swimming:** | Intensity: Light | Duration: 30 minutes (or water aerobics),1
patient_alibayram/medgemma:4b_P5_run1,alibayram/medgemma:4b,patient,P5,25,"2.  **Range of Motion Exercises:** Gentle knee flexion and extension exercises, ankle circles, and wrist rotations. | Intensity: Light | Duration: 10 minutes",1
patient_alibayram/medgemma:4b_P5_run1,alibayram/medgemma:4b,patient,P5,26,3.  **Balance Training:** Single-leg stance (holding onto a chair for support if needed) | Intensity: Light | Duration: 10 minutes,1
patient_alibayram/medgemma:4b_P5_run1,alibayram/medgemma:4b,patient,P5,28,**Wednesday**,0
patient_alibayram/medgemma:4b_P5_run1,alibayram/medgemma:4b,patient,P5,30,1.  **Low-Impact Aerobic Exercise:** Cycling (stationary or outdoor) | Intensity: Light | Duration: 25 minutes,1
patient_alibayram/medgemma:4b_P5_run1,alibayram/medgemma:4b,patient,P5,31,2.  **Hamstring Strengthening:** Hamstring curls with resistance band | Intensity: Light | Duration: 10 minutes,1
patient_alibayram/medgemma:4b_P5_run1,alibayram/medgemma:4b,patient,P5,32,3.  **Hip Abductor Strengthening:** Side leg raises | Intensity: Light | Duration: 10 minutes,1
patient_alibayram/medgemma:4b_P5_run1,alibayram/medgemma:4b,patient,P5,34,**Thursday**,0
patient_alibayram/medgemma:4b_P5_run1,alibayram/medgemma:4b,patient,P5,36,1.  **Swimming:** | Intensity: Light | Duration: 30 minutes (or water aerobics),1
patient_alibayram/medgemma:4b_P5_run1,alibayram/medgemma:4b,patient,P5,37,"2.  **Range of Motion Exercises:** Gentle knee flexion and extension exercises, ankle circles, and wrist rotations. | Intensity: Light | Duration: 10 minutes",1
patient_alibayram/medgemma:4b_P5_run1,alibayram/medgemma:4b,patient,P5,38,3.  **Balance Training:** Single-leg stance (holding onto a chair for support if needed) | Intensity: Light | Duration: 10 minutes,1
patient_alibayram/medgemma:4b_P5_run1,alibayram/medgemma:4b,patient,P5,40,**Friday**,0
patient_alibayram/medgemma:4b_P5_run1,alibayram/medgemma:4b,patient,P5,42,1.  **Low-Impact Aerobic Exercise:** Brisk Walking | Intensity: Light | Duration: 25 minutes,1
patient_alibayram/medgemma:4b_P5_run1,alibayram/medgemma:4b,patient,P5,43,"2.  **Quadriceps Strengthening:** Leg press machine (if available, otherwise use bodyweight squats with proper form) | Intensity: Light | Duration: 15 minutes",1
patient_alibayram/medgemma:4b_P5_run1,alibayram/medgemma:4b,patient,P5,44,3.  **Calf Strengthening:** Standing calf raises | Intensity: Light | Duration: 10 minutes,1
patient_alibayram/medgemma:4b_P5_run1,alibayram/medgemma:4b,patient,P5,46,**Saturday**,0
patient_alibayram/medgemma:4b_P5_run1,alibayram/medgemma:4b,patient,P5,48,1.  **Rest or Active Recovery:** Gentle stretching and mobility exercises. | Intensity: Light | Duration: 20 minutes,1
patient_alibayram/medgemma:4b_P5_run1,alibayram/medgemma:4b,patient,P5,49,"2.  **Range of Motion Exercises:** Gentle knee flexion and extension exercises, ankle circles, and wrist rotations. | Intensity: Light | Duration: 10 minutes",1
patient_alibayram/medgemma:4b_P5_run1,alibayram/medgemma:4b,patient,P5,51,**Sunday**,0
patient_alibayram/medgemma:4b_P5_run1,alibayram/medgemma:4b,patient,P5,53,1.  **Rest or Active Recovery:** Gentle stretching and mobility exercises. | Intensity: Light | Duration: 20 minutes,1
patient_alibayram/medgemma:4b_P5_run1,alibayram/medgemma:4b,patient,P5,54,"2.  **Range of Motion Exercises:** Gentle knee flexion and extension exercises, ankle circles, and wrist rotations. | Intensity: Light | Duration: 10 minutes",1
patient_alibayram/medgemma:4b_P5_run1,alibayram/medgemma:4b,patient,P5,56,**Additional Notes and Recommendations:**,0
patient_alibayram/medgemma:4b_P5_run1,alibayram/medgemma:4b,patient,P5,58,*   **Physical Therapy:** Consider consulting with a physical therapist for a comprehensive assessment and personalized exercise program. They can teach you proper form and modify exercises as needed.,4
patient_alibayram/medgemma:4b_P5_run1,alibayram/medgemma:4b,patient,P5,59,*   **Weight Management:** Maintaining a healthy weight can reduce stress on your knees.,4
patient_alibayram/medgemma:4b_P5_run1,alibayram/medgemma:4b,patient,P5,60,*   **Proper Footwear:** Wear supportive shoes with good cushioning.,4
patient_alibayram/medgemma:4b_P5_run1,alibayram/medgemma:4b,patient,P5,61,"*   **Avoid High-Impact Activities:** Avoid activities that put excessive stress on your knees, such as running, jumping, and deep squats.",4
patient_alibayram/medgemma:4b_P5_run1,alibayram/medgemma:4b,patient,P5,62,*   **Listen to your body and adjust the program as needed.**,4
patient_alibayram/medgemma:4b_P5_run1,alibayram/medgemma:4b,patient,P5,63,*   **Consider adding foam rolling** to help with muscle soreness.,4
patient_alibayram/medgemma:4b_P5_run1,alibayram/medgemma:4b,patient,P5,64,*   **Focus on core strength** to improve stability.,4
patient_alibayram/medgemma:4b_P5_run1,alibayram/medgemma:4b,patient,P5,65,*   **Consult your doctor before starting this program.**,3
patient_alibayram/medgemma:4b_P5_run1,alibayram/medgemma:4b,patient,P5,66,*   **Continue with your ibuprofen as needed.**,4
patient_alibayram/medgemma:4b_P5_run1,alibayram/medgemma:4b,patient,P5,67,"*   **If pain is severe, modify or stop exercise.**",4
patient_alibayram/medgemma:4b_P5_run1,alibayram/medgemma:4b,patient,P5,69,This plan is a starting point. It's essential to work with a healthcare professional to tailor it to your specific needs and monitor your progress. Good luck!,0
patient_alibayram/medgemma:4b_P6_run1,alibayram/medgemma:4b,patient,P6,1,"Okay, I understand. Given your medical history, current activity level, and goal, I will create a personalized weekly exercise plan focusing on a gradual return to activity with a strong emphasis on safety and monitoring. *This plan is for informational purposes only and should not replace the advice of your physician or cardiac rehabilitation specialist. You MUST consult with your doctor or a qualified healthcare professional before starting any new exercise program.*",0
patient_alibayram/medgemma:4b_P6_run1,alibayram/medgemma:4b,patient,P6,3,**Important Considerations:**,0
patient_alibayram/medgemma:4b_P6_run1,alibayram/medgemma:4b,patient,P6,5,*   **Medical Clearance:** This plan assumes you have been cleared by your doctor or cardiac rehabilitation specialist to begin exercise. This is *crucial*.,3
patient_alibayram/medgemma:4b_P6_run1,alibayram/medgemma:4b,patient,P6,6,"*   **Listen to Your Body:** Pain is a signal. Stop immediately if you experience chest pain, dizziness, shortness of breath, or any other unusual symptoms.",3
patient_alibayram/medgemma:4b_P6_run1,alibayram/medgemma:4b,patient,P6,7,*   **Heart Rate Monitoring:** Your doctor may recommend a heart rate monitor. This will help you stay within your safe heart rate zone.,3
patient_alibayram/medgemma:4b_P6_run1,alibayram/medgemma:4b,patient,P6,8,*   **Warm-up and Cool-down:** Always include a 5-10 minute warm-up before each workout and a 5-10 minute cool-down afterward.,4
patient_alibayram/medgemma:4b_P6_run1,alibayram/medgemma:4b,patient,P6,9,*   **Progression:** This plan is a starting point. Gradually increase the intensity and duration of your workouts as tolerated. Don't rush the process.,4
patient_alibayram/medgemma:4b_P6_run1,alibayram/medgemma:4b,patient,P6,10,"*   **Hydration:** Drink plenty of water before, during, and after exercise.",4
patient_alibayram/medgemma:4b_P6_run1,alibayram/medgemma:4b,patient,P6,11,*   **Rest:** Adequate rest is essential for recovery and preventing overtraining.,4
patient_alibayram/medgemma:4b_P6_run1,alibayram/medgemma:4b,patient,P6,13,**Weekly Exercise Plan:**,0
patient_alibayram/medgemma:4b_P6_run1,alibayram/medgemma:4b,patient,P6,15,**Monday**,0
patient_alibayram/medgemma:4b_P6_run1,alibayram/medgemma:4b,patient,P6,17,1.  **Walking** | Intensity: Light | Duration: 15 minutes,1
patient_alibayram/medgemma:4b_P6_run1,alibayram/medgemma:4b,patient,P6,18,2.  **Chair Stand** | Intensity: Light | Duration: 10 repetitions,1
patient_alibayram/medgemma:4b_P6_run1,alibayram/medgemma:4b,patient,P6,19,3.  **Arm Raise** | Intensity: Light | Duration: 10 repetitions,1
patient_alibayram/medgemma:4b_P6_run1,alibayram/medgemma:4b,patient,P6,20,4.  **Shoulder Blade Squeeze** | Intensity: Light | Duration: 10 repetitions,1
patient_alibayram/medgemma:4b_P6_run1,alibayram/medgemma:4b,patient,P6,21,5.  **Hamstring Stretch** | Intensity: Light | Duration: 30 seconds each leg,1
patient_alibayram/medgemma:4b_P6_run1,alibayram/medgemma:4b,patient,P6,23,**Tuesday**,0
patient_alibayram/medgemma:4b_P6_run1,alibayram/medgemma:4b,patient,P6,25,1.  **Rest**,4
patient_alibayram/medgemma:4b_P6_run1,alibayram/medgemma:4b,patient,P6,27,**Wednesday**,0
patient_alibayram/medgemma:4b_P6_run1,alibayram/medgemma:4b,patient,P6,29,1.  **Walking** | Intensity: Light | Duration: 20 minutes,1
patient_alibayram/medgemma:4b_P6_run1,alibayram/medgemma:4b,patient,P6,30,2.  **Chair Stand** | Intensity: Light | Duration: 10 repetitions,1
patient_alibayram/medgemma:4b_P6_run1,alibayram/medgemma:4b,patient,P6,31,3.  **Arm Raise** | Intensity: Light | Duration: 10 repetitions,1
patient_alibayram/medgemma:4b_P6_run1,alibayram/medgemma:4b,patient,P6,32,4.  **Shoulder Blade Squeeze** | Intensity: Light | Duration: 10 repetitions,1
patient_alibayram/medgemma:4b_P6_run1,alibayram/medgemma:4b,patient,P6,33,5.  **Hamstring Stretch** | Intensity: Light | Duration: 30 seconds each leg,1
patient_alibayram/medgemma:4b_P6_run1,alibayram/medgemma:4b,patient,P6,35,**Thursday**,0
patient_alibayram/medgemma:4b_P6_run1,alibayram/medgemma:4b,patient,P6,37,1.  **Rest**,4
patient_alibayram/medgemma:4b_P6_run1,alibayram/medgemma:4b,patient,P6,39,**Friday**,0
patient_alibayram/medgemma:4b_P6_run1,alibayram/medgemma:4b,patient,P6,41,1.  **Walking** | Intensity: Light | Duration: 25 minutes,1
patient_alibayram/medgemma:4b_P6_run1,alibayram/medgemma:4b,patient,P6,42,2.  **Chair Stand** | Intensity: Light | Duration: 10 repetitions,1
patient_alibayram/medgemma:4b_P6_run1,alibayram/medgemma:4b,patient,P6,43,3.  **Arm Raise** | Intensity: Light | Duration: 10 repetitions,1
patient_alibayram/medgemma:4b_P6_run1,alibayram/medgemma:4b,patient,P6,44,4.  **Shoulder Blade Squeeze** | Intensity: Light | Duration: 10 repetitions,1
patient_alibayram/medgemma:4b_P6_run1,alibayram/medgemma:4b,patient,P6,45,5.  **Hamstring Stretch** | Intensity: Light | Duration: 30 seconds each leg,1
patient_alibayram/medgemma:4b_P6_run1,alibayram/medgemma:4b,patient,P6,47,**Saturday**,0
patient_alibayram/medgemma:4b_P6_run1,alibayram/medgemma:4b,patient,P6,49,1.  **Rest**,4
patient_alibayram/medgemma:4b_P6_run1,alibayram/medgemma:4b,patient,P6,51,**Sunday**,0
patient_alibayram/medgemma:4b_P6_run1,alibayram/medgemma:4b,patient,P6,53,1.  **Walking** | Intensity: Light | Duration: 30 minutes,1
patient_alibayram/medgemma:4b_P6_run1,alibayram/medgemma:4b,patient,P6,54,2.  **Chair Stand** | Intensity: Light | Duration: 10 repetitions,1
patient_alibayram/medgemma:4b_P6_run1,alibayram/medgemma:4b,patient,P6,55,3.  **Arm Raise** | Intensity: Light | Duration: 10 repetitions,1
patient_alibayram/medgemma:4b_P6_run1,alibayram/medgemma:4b,patient,P6,56,4.  **Shoulder Blade Squeeze** | Intensity: Light | Duration: 10 repetitions,1
patient_alibayram/medgemma:4b_P6_run1,alibayram/medgemma:4b,patient,P6,57,5.  **Hamstring Stretch** | Intensity: Light | Duration: 30 seconds each leg,1
patient_alibayram/medgemma:4b_P6_run1,alibayram/medgemma:4b,patient,P6,59,**Additional Notes and Recommendations:**,0
patient_alibayram/medgemma:4b_P6_run1,alibayram/medgemma:4b,patient,P6,61,"*   **Cardiac Rehabilitation:** Ideally, you should participate in a cardiac rehabilitation program. This will provide supervised exercise and education.",4
patient_alibayram/medgemma:4b_P6_run1,alibayram/medgemma:4b,patient,P6,62,*   **Medication Management:** Take your medications as prescribed by your doctor.,3
patient_alibayram/medgemma:4b_P6_run1,alibayram/medgemma:4b,patient,P6,63,"*   **Monitoring:** Regularly monitor your symptoms and heart rate. Keep a log of your exercise sessions, including the date, duration, intensity, and any symptoms experienced.",3
patient_alibayram/medgemma:4b_P6_run1,alibayram/medgemma:4b,patient,P6,64,*   **Emergency Plan:** Have a plan in place in case of a medical emergency. Know the location of the nearest hospital and have someone with you when you exercise.,4
patient_alibayram/medgemma:4b_P6_run1,alibayram/medgemma:4b,patient,P6,65,*   **Gradual Progression:** The key to success is gradual progression. Don't try to do too much too soon.,4
patient_alibayram/medgemma:4b_P6_run1,alibayram/medgemma:4b,patient,P6,66,*   **Enjoyment:** Choose activities you enjoy to make exercise more sustainable.,4
patient_alibayram/medgemma:4b_P6_run1,alibayram/medgemma:4b,patient,P6,67,*   **Flexibility:** This is a guideline. Adjust the plan based on your individual needs and preferences.,4
patient_alibayram/medgemma:4b_P6_run1,alibayram/medgemma:4b,patient,P6,68,*   **Consultation:** Re-evaluate your exercise plan regularly with your doctor or cardiac rehabilitation specialist. They can provide personalized guidance and make adjustments as needed.,4
patient_alibayram/medgemma:4b_P6_run1,alibayram/medgemma:4b,patient,P6,69,*   **Consider a Personal Trainer:** A certified personal trainer with experience working with cardiac patients can provide valuable guidance and support.,4
patient_alibayram/medgemma:4b_P6_run1,alibayram/medgemma:4b,patient,P6,71,"This plan is designed to help you safely return to physical activity after your cardiac event. Remember to listen to your body, consult with your healthcare providers, and progress gradually. Good luck!",0
patient_alibayram/medgemma:4b_P7_run1,alibayram/medgemma:4b,patient,P7,1,"Okay, based on your profile, here's a personalized weekly exercise program designed to enhance your endurance and strength for recreational sports. Remember that this is a starting point, and you should adjust it based on your body's response and any feedback you receive from a qualified fitness professional.",0
patient_alibayram/medgemma:4b_P7_run1,alibayram/medgemma:4b,patient,P7,3,**Important Considerations Before Starting:**,0
patient_alibayram/medgemma:4b_P7_run1,alibayram/medgemma:4b,patient,P7,5,"*   **Warm-up:** Always begin each workout with a 5-10 minute warm-up, including light cardio (e.g., walking, jogging in place) and dynamic stretching (e.g., arm circles, leg swings).",4
patient_alibayram/medgemma:4b_P7_run1,alibayram/medgemma:4b,patient,P7,6,"*   **Cool-down:** End each workout with a 5-10 minute cool-down, including static stretching (holding each stretch for 20-30 seconds). Focus on stretching the muscles you worked during the session.",4
patient_alibayram/medgemma:4b_P7_run1,alibayram/medgemma:4b,patient,P7,7,"*   **Listen to Your Body:** Pay attention to any pain or discomfort. If you experience pain, stop the exercise and rest. Consult a doctor or physical therapist if the pain persists.",4
patient_alibayram/medgemma:4b_P7_run1,alibayram/medgemma:4b,patient,P7,8,"*   **Progression:** Gradually increase the intensity, duration, or frequency of your workouts over time. Don't try to do too much too soon.",4
patient_alibayram/medgemma:4b_P7_run1,alibayram/medgemma:4b,patient,P7,9,"*   **Hydration:** Drink plenty of water before, during, and after your workouts.",4
patient_alibayram/medgemma:4b_P7_run1,alibayram/medgemma:4b,patient,P7,10,*   **Nutrition:** Eat a balanced diet to support your training.,4
patient_alibayram/medgemma:4b_P7_run1,alibayram/medgemma:4b,patient,P7,12,**Weekly Exercise Plan:**,0
patient_alibayram/medgemma:4b_P7_run1,alibayram/medgemma:4b,patient,P7,14,**Monday**,0
patient_alibayram/medgemma:4b_P7_run1,alibayram/medgemma:4b,patient,P7,16,1.  **Cardio (Interval Training)** | Intensity: Moderate | Duration: 30 minutes,1
patient_alibayram/medgemma:4b_P7_run1,alibayram/medgemma:4b,patient,P7,17,*   Warm-up (5 minutes),1
patient_alibayram/medgemma:4b_P7_run1,alibayram/medgemma:4b,patient,P7,18,*   Alternating between 1 minute of jogging and 1 minute of walking. Repeat for 20 minutes.,1
patient_alibayram/medgemma:4b_P7_run1,alibayram/medgemma:4b,patient,P7,19,*   Cool-down (5 minutes),1
patient_alibayram/medgemma:4b_P7_run1,alibayram/medgemma:4b,patient,P7,20,2.  **Strength Training (Upper Body)** | Intensity: Moderate | Duration: 45 minutes,1
patient_alibayram/medgemma:4b_P7_run1,alibayram/medgemma:4b,patient,P7,21,*   Push-ups: 3 sets of as many repetitions as possible (AMRAP),1
patient_alibayram/medgemma:4b_P7_run1,alibayram/medgemma:4b,patient,P7,22,*   Dumbbell Rows: 3 sets of 10-12 repetitions,1
patient_alibayram/medgemma:4b_P7_run1,alibayram/medgemma:4b,patient,P7,23,*   Overhead Press (Dumbbells): 3 sets of 10-12 repetitions,1
patient_alibayram/medgemma:4b_P7_run1,alibayram/medgemma:4b,patient,P7,24,*   Bicep Curls (Dumbbells): 3 sets of 10-12 repetitions,1
patient_alibayram/medgemma:4b_P7_run1,alibayram/medgemma:4b,patient,P7,25,*   Triceps Extensions (Dumbbells): 3 sets of 10-12 repetitions,1
patient_alibayram/medgemma:4b_P7_run1,alibayram/medgemma:4b,patient,P7,26,*   Cool-down (5 minutes),1
patient_alibayram/medgemma:4b_P7_run1,alibayram/medgemma:4b,patient,P7,28,**Tuesday**,0
patient_alibayram/medgemma:4b_P7_run1,alibayram/medgemma:4b,patient,P7,30,1.  **Active Recovery** | Intensity: Light | Duration: 45 minutes,1
patient_alibayram/medgemma:4b_P7_run1,alibayram/medgemma:4b,patient,P7,31,"*   Light cycling, swimming, or walking at a comfortable pace.",1
patient_alibayram/medgemma:4b_P7_run1,alibayram/medgemma:4b,patient,P7,32,*   Focus on enjoying the activity and promoting blood flow.,4
patient_alibayram/medgemma:4b_P7_run1,alibayram/medgemma:4b,patient,P7,34,**Wednesday**,0
patient_alibayram/medgemma:4b_P7_run1,alibayram/medgemma:4b,patient,P7,36,1.  **Cardio (Steady State)** | Intensity: Moderate | Duration: 45 minutes,1
patient_alibayram/medgemma:4b_P7_run1,alibayram/medgemma:4b,patient,P7,37,*   Jogging at a comfortable pace.,4
patient_alibayram/medgemma:4b_P7_run1,alibayram/medgemma:4b,patient,P7,38,*   Focus on maintaining a consistent heart rate.,3
patient_alibayram/medgemma:4b_P7_run1,alibayram/medgemma:4b,patient,P7,39,*   Cool-down (5 minutes),1
patient_alibayram/medgemma:4b_P7_run1,alibayram/medgemma:4b,patient,P7,41,**Thursday**,0
patient_alibayram/medgemma:4b_P7_run1,alibayram/medgemma:4b,patient,P7,43,1.  **Strength Training (Lower Body)** | Intensity: Moderate | Duration: 45 minutes,1
patient_alibayram/medgemma:4b_P7_run1,alibayram/medgemma:4b,patient,P7,44,*   Squats (bodyweight or with dumbbells): 3 sets of 10-12 repetitions,1
patient_alibayram/medgemma:4b_P7_run1,alibayram/medgemma:4b,patient,P7,45,*   Lunges (forward or reverse): 3 sets of 10-12 repetitions per leg,1
patient_alibayram/medgemma:4b_P7_run1,alibayram/medgemma:4b,patient,P7,46,*   Deadlifts (Dumbbells): 3 sets of 10-12 repetitions,1
patient_alibayram/medgemma:4b_P7_run1,alibayram/medgemma:4b,patient,P7,47,*   Calf Raises: 3 sets of 15-20 repetitions,1
patient_alibayram/medgemma:4b_P7_run1,alibayram/medgemma:4b,patient,P7,48,*   Cool-down (5 minutes),1
patient_alibayram/medgemma:4b_P7_run1,alibayram/medgemma:4b,patient,P7,50,**Friday**,0
patient_alibayram/medgemma:4b_P7_run1,alibayram/medgemma:4b,patient,P7,52,1.  **Cardio (Interval Training)** | Intensity: Moderate | Duration: 30 minutes,1
patient_alibayram/medgemma:4b_P7_run1,alibayram/medgemma:4b,patient,P7,53,*   Warm-up (5 minutes),1
patient_alibayram/medgemma:4b_P7_run1,alibayram/medgemma:4b,patient,P7,54,*   Alternating between 1 minute of jumping jacks and 1 minute of rest. Repeat for 20 minutes.,1
patient_alibayram/medgemma:4b_P7_run1,alibayram/medgemma:4b,patient,P7,55,*   Cool-down (5 minutes),1
patient_alibayram/medgemma:4b_P7_run1,alibayram/medgemma:4b,patient,P7,57,**Saturday**,0
patient_alibayram/medgemma:4b_P7_run1,alibayram/medgemma:4b,patient,P7,59,1.  **Sport-Specific Training** | Intensity: Moderate to Vigorous | Duration: 60-90 minutes,1
patient_alibayram/medgemma:4b_P7_run1,alibayram/medgemma:4b,patient,P7,60,*   Focus on the specific movements and skills required for your chosen recreational sport.,4
patient_alibayram/medgemma:4b_P7_run1,alibayram/medgemma:4b,patient,P7,61,"*   Example: If you play soccer, practice passing, dribbling, and shooting.",4
patient_alibayram/medgemma:4b_P7_run1,alibayram/medgemma:4b,patient,P7,62,*   Warm-up (10 minutes),1
patient_alibayram/medgemma:4b_P7_run1,alibayram/medgemma:4b,patient,P7,63,*   Sport-specific drills (45-60 minutes),1
patient_alibayram/medgemma:4b_P7_run1,alibayram/medgemma:4b,patient,P7,64,*   Cool-down (10 minutes),1
patient_alibayram/medgemma:4b_P7_run1,alibayram/medgemma:4b,patient,P7,66,**Sunday**,0
patient_alibayram/medgemma:4b_P7_run1,alibayram/medgemma:4b,patient,P7,68,1.  **Rest** | Intensity: None | Duration: 1-2 hours,1
patient_alibayram/medgemma:4b_P7_run1,alibayram/medgemma:4b,patient,P7,69,*   Allow your body to recover from the week's training.,4
patient_alibayram/medgemma:4b_P7_run1,alibayram/medgemma:4b,patient,P7,70,*   Light stretching or yoga is optional.,1
patient_alibayram/medgemma:4b_P7_run1,alibayram/medgemma:4b,patient,P7,72,**Additional Notes and Recommendations:**,0
patient_alibayram/medgemma:4b_P7_run1,alibayram/medgemma:4b,patient,P7,74,"*   **Strength Training:** If you don't have dumbbells, you can use water bottles, soup cans, or resistance bands.",4
patient_alibayram/medgemma:4b_P7_run1,alibayram/medgemma:4b,patient,P7,75,*   **Cardio:** Choose activities you enjoy to make exercise more sustainable.,4
patient_alibayram/medgemma:4b_P7_run1,alibayram/medgemma:4b,patient,P7,76,*   **Sport-Specific Training:** Incorporate sport-specific training at least twice a week.,4
patient_alibayram/medgemma:4b_P7_run1,alibayram/medgemma:4b,patient,P7,77,"*   **Progression:** As you get fitter, you can increase the intensity, duration, or frequency of your workouts. For example, you can increase the speed of your jogging, add more weight to your strength training exercises, or add an extra day of cardio.",4
patient_alibayram/medgemma:4b_P7_run1,alibayram/medgemma:4b,patient,P7,78,*   **Consider a Fitness Assessment:** A qualified fitness professional can assess your current fitness level and provide personalized guidance.,4
patient_alibayram/medgemma:4b_P7_run1,alibayram/medgemma:4b,patient,P7,79,*   **Flexibility:** This plan is a guideline. Feel free to adjust it based on your preferences and schedule.,4
patient_alibayram/medgemma:4b_P7_run1,alibayram/medgemma:4b,patient,P7,80,*   **Consistency is Key:** The most important thing is to be consistent with your exercise program. Aim to stick to your routine as much as possible.,4
patient_alibayram/medgemma:4b_P7_run1,alibayram/medgemma:4b,patient,P7,81,"*   **Enjoy the Process:** Exercise should be enjoyable. Find activities you like and focus on the benefits of exercise, such as improved health, increased energy, and enhanced mood.",4
patient_alibayram/medgemma:4b_P7_run1,alibayram/medgemma:4b,patient,P7,83,"This plan is designed to provide a solid foundation for enhancing your endurance and strength. Remember to consult with a healthcare professional or qualified fitness trainer before starting any new exercise program, especially if you have any underlying health conditions. Good luck!",0
patient_alibayram/medgemma:4b_P8_run1,alibayram/medgemma:4b,patient,P8,1,"Okay, I understand. Given your profile, particularly your uncontrolled hypertension, obesity, and sedentary lifestyle, it's crucial to prioritize safety and gradual progression. A healthcare professional is essential for you to get a truly personalized plan, but I can provide a sample plan based on your information. **This is NOT a substitute for professional medical advice. You MUST consult your doctor before starting any new exercise program.** They will need to assess your cardiovascular health and any limitations based on your specific medical history and medications.",0
patient_alibayram/medgemma:4b_P8_run1,alibayram/medgemma:4b,patient,P8,3,Here's a sample weekly exercise plan:,4
patient_alibayram/medgemma:4b_P8_run1,alibayram/medgemma:4b,patient,P8,5,**Important Considerations Before Starting:**,0
patient_alibayram/medgemma:4b_P8_run1,alibayram/medgemma:4b,patient,P8,7,*   **Doctor's Approval:** Get clearance from your doctor before starting any exercise program. They can advise on appropriate intensity and duration.,4
patient_alibayram/medgemma:4b_P8_run1,alibayram/medgemma:4b,patient,P8,8,*   **Medication Adjustments:** Your doctor may need to adjust your medications (Amlodipine and Hydrochlorothiazide) based on your exercise program.,3
patient_alibayram/medgemma:4b_P8_run1,alibayram/medgemma:4b,patient,P8,9,"*   **Listen to Your Body:** Pay close attention to any pain, dizziness, or shortness of breath. Stop immediately if you experience these symptoms and consult your doctor.",3
patient_alibayram/medgemma:4b_P8_run1,alibayram/medgemma:4b,patient,P8,10,*   **Warm-up and Cool-down:** Always include a 5-10 minute warm-up before each exercise session and a 5-10 minute cool-down afterward.,4
patient_alibayram/medgemma:4b_P8_run1,alibayram/medgemma:4b,patient,P8,11,"*   **Hydration:** Drink plenty of water before, during, and after exercise.",4
patient_alibayram/medgemma:4b_P8_run1,alibayram/medgemma:4b,patient,P8,12,"*   **Progression:** Gradually increase the intensity, duration, and frequency of your workouts over time, as tolerated.",4
patient_alibayram/medgemma:4b_P8_run1,alibayram/medgemma:4b,patient,P8,13,*   **Proper Form:** Focus on maintaining proper form during all exercises to prevent injuries. Consider working with a qualified personal trainer for a few sessions to learn proper technique.,4
patient_alibayram/medgemma:4b_P8_run1,alibayram/medgemma:4b,patient,P8,15,**Sample Weekly Exercise Plan:**,0
patient_alibayram/medgemma:4b_P8_run1,alibayram/medgemma:4b,patient,P8,17,**Monday**,0
patient_alibayram/medgemma:4b_P8_run1,alibayram/medgemma:4b,patient,P8,19,1.  **Walking** | Intensity: Light | Duration: 20 minutes,1
patient_alibayram/medgemma:4b_P8_run1,alibayram/medgemma:4b,patient,P8,20,2.  **Chair Stand** | Intensity: Light | Duration: 10 reps x 2 sets,1
patient_alibayram/medgemma:4b_P8_run1,alibayram/medgemma:4b,patient,P8,21,3.  **Arm Circles** | Intensity: Light | Duration: 30 seconds each direction x 2 sets,1
patient_alibayram/medgemma:4b_P8_run1,alibayram/medgemma:4b,patient,P8,23,**Tuesday**,0
patient_alibayram/medgemma:4b_P8_run1,alibayram/medgemma:4b,patient,P8,25,1.  **Rest**,4
patient_alibayram/medgemma:4b_P8_run1,alibayram/medgemma:4b,patient,P8,27,**Wednesday**,0
patient_alibayram/medgemma:4b_P8_run1,alibayram/medgemma:4b,patient,P8,29,1.  **Walking** | Intensity: Light | Duration: 25 minutes,1
patient_alibayram/medgemma:4b_P8_run1,alibayram/medgemma:4b,patient,P8,30,2.  **Wall Push-ups** | Intensity: Light | Duration: 10 reps x 2 sets,1
patient_alibayram/medgemma:4b_P8_run1,alibayram/medgemma:4b,patient,P8,31,3.  **Seated Leg Raises** | Intensity: Light | Duration: 10 reps x 2 sets,1
patient_alibayram/medgemma:4b_P8_run1,alibayram/medgemma:4b,patient,P8,33,**Thursday**,0
patient_alibayram/medgemma:4b_P8_run1,alibayram/medgemma:4b,patient,P8,35,1.  **Rest**,4
patient_alibayram/medgemma:4b_P8_run1,alibayram/medgemma:4b,patient,P8,37,**Friday**,0
patient_alibayram/medgemma:4b_P8_run1,alibayram/medgemma:4b,patient,P8,39,1.  **Walking** | Intensity: Light | Duration: 30 minutes,1
patient_alibayram/medgemma:4b_P8_run1,alibayram/medgemma:4b,patient,P8,40,"2.  **Bicep Curls (with light weights, 1-2 kg)** | Intensity: Light | Duration: 10 reps x 2 sets",1
patient_alibayram/medgemma:4b_P8_run1,alibayram/medgemma:4b,patient,P8,41,"3.  **Triceps Extensions (with light weights, 1-2 kg)** | Intensity: Light | Duration: 10 reps x 2 sets",1
patient_alibayram/medgemma:4b_P8_run1,alibayram/medgemma:4b,patient,P8,43,**Saturday**,0
patient_alibayram/medgemma:4b_P8_run1,alibayram/medgemma:4b,patient,P8,45,1.  **Rest**,4
patient_alibayram/medgemma:4b_P8_run1,alibayram/medgemma:4b,patient,P8,47,**Sunday**,0
patient_alibayram/medgemma:4b_P8_run1,alibayram/medgemma:4b,patient,P8,49,1.  **Gentle Stretching** | Intensity: Light | Duration: 20 minutes,1
patient_alibayram/medgemma:4b_P8_run1,alibayram/medgemma:4b,patient,P8,51,**Detailed Explanation of Exercises:**,0
patient_alibayram/medgemma:4b_P8_run1,alibayram/medgemma:4b,patient,P8,53,*   **Walking:** This is a low-impact activity that's easily accessible and can be gradually increased in intensity and duration. Aim for a pace where you can comfortably hold a conversation.,4
patient_alibayram/medgemma:4b_P8_run1,alibayram/medgemma:4b,patient,P8,54,*   **Chair Stand:** This exercise strengthens leg muscles and improves balance. Stand up from a chair without using your hands for support.,4
patient_alibayram/medgemma:4b_P8_run1,alibayram/medgemma:4b,patient,P8,55,*   **Arm Circles:** This is a gentle warm-up that improves circulation and range of motion.,4
patient_alibayram/medgemma:4b_P8_run1,alibayram/medgemma:4b,patient,P8,56,*   **Wall Push-ups:** This is a modified push-up that's easier on the wrists and shoulders.,4
patient_alibayram/medgemma:4b_P8_run1,alibayram/medgemma:4b,patient,P8,57,*   **Seated Leg Raises:** This exercise strengthens the hip flexors and improves flexibility.,4
patient_alibayram/medgemma:4b_P8_run1,alibayram/medgemma:4b,patient,P8,58,*   **Bicep Curls:** This exercise strengthens the biceps muscles in your upper arms. Use light weights to start.,4
patient_alibayram/medgemma:4b_P8_run1,alibayram/medgemma:4b,patient,P8,59,*   **Triceps Extensions:** This exercise strengthens the triceps muscles in your upper arms. Use light weights to start.,4
patient_alibayram/medgemma:4b_P8_run1,alibayram/medgemma:4b,patient,P8,60,*   **Gentle Stretching:** This helps improve flexibility and reduce muscle soreness. Focus on major muscle groups.,4
patient_alibayram/medgemma:4b_P8_run1,alibayram/medgemma:4b,patient,P8,62,**Additional Notes and Recommendations:**,0
patient_alibayram/medgemma:4b_P8_run1,alibayram/medgemma:4b,patient,P8,64,"*   **Blood Pressure Monitoring:** Monitor your blood pressure regularly, both at home and during exercise, to ensure it remains within a safe range.",3
patient_alibayram/medgemma:4b_P8_run1,alibayram/medgemma:4b,patient,P8,65,*   **Weight Loss:** Weight loss will be gradual. Focus on consistency and healthy eating habits. Consult a registered dietitian for personalized dietary advice.,4
patient_alibayram/medgemma:4b_P8_run1,alibayram/medgemma:4b,patient,P8,66,*   **Cardiovascular Health:** Regular exercise can help improve your cardiovascular health and lower your blood pressure.,3
patient_alibayram/medgemma:4b_P8_run1,alibayram/medgemma:4b,patient,P8,67,*   **Social Support:** Consider exercising with a friend or joining a walking group for motivation and support.,4
patient_alibayram/medgemma:4b_P8_run1,alibayram/medgemma:4b,patient,P8,68,*   **Enjoyment:** Choose activities you enjoy to make exercise a sustainable part of your lifestyle.,4
patient_alibayram/medgemma:4b_P8_run1,alibayram/medgemma:4b,patient,P8,69,"*   **Progression:** As you get fitter, you can gradually increase the intensity, duration, and frequency of your workouts. Consider adding other activities like swimming, cycling, or yoga.",4
patient_alibayram/medgemma:4b_P8_run1,alibayram/medgemma:4b,patient,P8,70,*   **Professional Guidance:** I strongly recommend working with a certified personal trainer or exercise physiologist who has experience working with individuals with hypertension and obesity. They can create a personalized plan that's safe and effective for you.,4
patient_alibayram/medgemma:4b_P8_run1,alibayram/medgemma:4b,patient,P8,71,*   **Medication Adherence:** Continue taking your medications as prescribed by your doctor.,3
patient_alibayram/medgemma:4b_P8_run1,alibayram/medgemma:4b,patient,P8,73,"**Disclaimer:** This exercise plan is a sample and should not be considered a substitute for professional medical advice. Always consult with your doctor before starting any new exercise program, especially given your medical conditions. This plan is based on limited information and may not be suitable for everyone.",0
patient_deepseek-r1:14b_P1_run1,deepseek-r1:14b,patient,P1,1,**Personalized Weekly Exercise Program**,0
patient_deepseek-r1:14b_P1_run1,deepseek-r1:14b,patient,P1,3,**Day 1: Full Body Strength Training**,0
patient_deepseek-r1:14b_P1_run1,deepseek-r1:14b,patient,P1,4,1. Warm-Up: Dynamic stretching (5 minutes),1
patient_deepseek-r1:14b_P1_run1,deepseek-r1:14b,patient,P1,5,2. Squats - Barbell | Intensity: Vigorous | Duration: 3 sets of 8 reps,1
patient_deepseek-r1:14b_P1_run1,deepseek-r1:14b,patient,P1,6,3. Deadlifts - Weightlifting | Intensity: Vigorous | Duration: 3 sets of 6 reps,1
patient_deepseek-r1:14b_P1_run1,deepseek-r1:14b,patient,P1,7,4. Push-Ups | Intensity: Moderate | Duration: 3 sets of 12-15 reps,1
patient_deepseek-r1:14b_P1_run1,deepseek-r1:14b,patient,P1,8,5. Pull-Ups or Lat Pulldowns | Intensity: Moderate | Duration: 3 sets of 8-10 reps,1
patient_deepseek-r1:14b_P1_run1,deepseek-r1:14b,patient,P1,9,6. Plank | Intensity: Moderate | Duration: 3 sets of 45 seconds hold,1
patient_deepseek-r1:14b_P1_run1,deepseek-r1:14b,patient,P1,10,7. Cool Down: Static stretching (5 minutes),1
patient_deepseek-r1:14b_P1_run1,deepseek-r1:14b,patient,P1,12,**Day 2: High-Intensity Interval Training (HIIT)**,0
patient_deepseek-r1:14b_P1_run1,deepseek-r1:14b,patient,P1,13,1. Warm-Up: Light jogging or cycling (5 minutes),1
patient_deepseek-r1:14b_P1_run1,deepseek-r1:14b,patient,P1,14,2. HIIT Session: Alternating sprints and jogs | Intensity: Vigorous | Duration: 20 minutes,1
patient_deepseek-r1:14b_P1_run1,deepseek-r1:14b,patient,P1,15,3. Core Workout: Mountain Climbers | Intensity: Moderate | Duration: 3 sets of 30 seconds,1
patient_deepseek-r1:14b_P1_run1,deepseek-r1:14b,patient,P1,16,4. Cool Down: Light walking or cycling (5 minutes),1
patient_deepseek-r1:14b_P1_run1,deepseek-r1:14b,patient,P1,18,**Day 3: Rest or Active Recovery**,2
patient_deepseek-r1:14b_P1_run1,deepseek-r1:14b,patient,P1,19,1. Light Activity: Yoga or stretching | Intensity: Light | Duration: 20-30 minutes,1
patient_deepseek-r1:14b_P1_run1,deepseek-r1:14b,patient,P1,20,2. Walking or swimming | Intensity: Light | Duration: 20-30 minutes,1
patient_deepseek-r1:14b_P1_run1,deepseek-r1:14b,patient,P1,22,**Day 4: Upper Body Strength Training**,0
patient_deepseek-r1:14b_P1_run1,deepseek-r1:14b,patient,P1,23,1. Warm-Up: Dynamic stretching (5 minutes),1
patient_deepseek-r1:14b_P1_run1,deepseek-r1:14b,patient,P1,24,2. Bench Press - Dumbbells | Intensity: Vigorous | Duration: 3 sets of 8 reps,1
patient_deepseek-r1:14b_P1_run1,deepseek-r1:14b,patient,P1,25,3. Overhead Shoulder Press | Intensity: Moderate | Duration: 3 sets of 8-10 reps,1
patient_deepseek-r1:14b_P1_run1,deepseek-r1:14b,patient,P1,26,4. Bent-Over Rows - Barbell | Intensity: Vigorous | Duration: 3 sets of 6 reps,1
patient_deepseek-r1:14b_P1_run1,deepseek-r1:14b,patient,P1,27,5. Bicep Curls and Tricep Dips | Intensity: Moderate | Duration: 3 sets of 12 reps each,1
patient_deepseek-r1:14b_P1_run1,deepseek-r1:14b,patient,P1,28,6. Cool Down: Static stretching (5 minutes),1
patient_deepseek-r1:14b_P1_run1,deepseek-r1:14b,patient,P1,30,**Day 5: Endurance/Cardio**,0
patient_deepseek-r1:14b_P1_run1,deepseek-r1:14b,patient,P1,31,1. Warm-Up: Light jogging or cycling (5 minutes),1
patient_deepseek-r1:14b_P1_run1,deepseek-r1:14b,patient,P1,32,"2. Steady-State Cardio: Running, cycling, or swimming | Intensity: Moderate to Vigorous | Duration: 45-60 minutes",1
patient_deepseek-r1:14b_P1_run1,deepseek-r1:14b,patient,P1,33,3. Cool Down: Light walking or stretching (10 minutes),1
patient_deepseek-r1:14b_P1_run1,deepseek-r1:14b,patient,P1,35,**Day 6: Lower Body and Core**,0
patient_deepseek-r1:14b_P1_run1,deepseek-r1:14b,patient,P1,36,1. Warm-Up: Dynamic stretching (5 minutes),1
patient_deepseek-r1:14b_P1_run1,deepseek-r1:14b,patient,P1,37,2. Lunges - Weighted | Intensity: Vigorous | Duration: 3 sets of 8 reps per leg,1
patient_deepseek-r1:14b_P1_run1,deepseek-r1:14b,patient,P1,38,3. Leg Press | Intensity: Moderate | Duration: 3 sets of 10 reps,1
patient_deepseek-r1:14b_P1_run1,deepseek-r1:14b,patient,P1,39,4. Romanian Deadlifts | Intensity: Moderate | Duration: 3 sets of 8 reps,1
patient_deepseek-r1:14b_P1_run1,deepseek-r1:14b,patient,P1,40,5. Russian Twists | Intensity: Moderate | Duration: 3 sets of 20 reps,1
patient_deepseek-r1:14b_P1_run1,deepseek-r1:14b,patient,P1,41,6. Cool Down: Static stretching (5 minutes),1
patient_deepseek-r1:14b_P1_run1,deepseek-r1:14b,patient,P1,43,**Day 7: Flexibility and Mobility**,0
patient_deepseek-r1:14b_P1_run1,deepseek-r1:14b,patient,P1,44,"1. Warm-Up: Gentle cardio (e.g., walking) (5 minutes)",1
patient_deepseek-r1:14b_P1_run1,deepseek-r1:14b,patient,P1,45,"2. Full-Body Stretching Routine | Intensity: Light | Duration: 45-60 minutes, focusing on major muscle groups",1
patient_deepseek-r1:14b_P1_run1,deepseek-r1:14b,patient,P1,46,3. Foam Rolling and Myofascial Release | Intensity: Light | Duration: 10-15 minutes,1
patient_deepseek-r1:14b_P1_run1,deepseek-r1:14b,patient,P1,48,**Additional Notes/Recommendations:**,0
patient_deepseek-r1:14b_P1_run1,deepseek-r1:14b,patient,P1,49,- **Nutrition:** Maintain a balanced diet with adequate protein intake to support muscle repair and growth.,4
patient_deepseek-r1:14b_P1_run1,deepseek-r1:14b,patient,P1,50,"- **Hydration:** Drink plenty of water throughout the day, especially before, during, and after workouts.",4
patient_deepseek-r1:14b_P1_run1,deepseek-r1:14b,patient,P1,51,- **Sleep:** Aim for 7-9 hours of quality sleep each night to aid recovery.,4
patient_deepseek-r1:14b_P1_run1,deepseek-r1:14b,patient,P1,52,- **Progression:** Gradually increase weights or intensity in strength training sessions as you build strength. Adjust based on how your body responds to the program.,4
patient_deepseek-r1:14b_P1_run1,deepseek-r1:14b,patient,P1,53,- **Form:** Focus on proper technique to prevent injury and maximize effectiveness of exercises.,4
patient_deepseek-r1:14b_P1_run1,deepseek-r1:14b,patient,P1,55,"This structured plan balances strength, endurance, flexibility, and recovery, tailored to enhance athletic performance while maintaining overall fitness.",4
patient_deepseek-r1:14b_P2_run1,deepseek-r1:14b,patient,P2,1,**Personalized Weekly Exercise Program for 35-Year-Old Female**,0
patient_deepseek-r1:14b_P2_run1,deepseek-r1:14b,patient,P2,3,**Day 1: Walking Introduction**,0
patient_deepseek-r1:14b_P2_run1,deepseek-r1:14b,patient,P2,4,1. Brisk Walking | Intensity: Light | Duration: 30 minutes,1
patient_deepseek-r1:14b_P2_run1,deepseek-r1:14b,patient,P2,6,**Day 2: Bodyweight Strength Training**,0
patient_deepseek-r1:14b_P2_run1,deepseek-r1:14b,patient,P2,7,1. Squats (Bodyweight) | Intensity: Moderate | Duration: 10 minutes,1
patient_deepseek-r1:14b_P2_run1,deepseek-r1:14b,patient,P2,8,2. Push-Ups | Intensity: Moderate | Duration: 10 minutes,1
patient_deepseek-r1:14b_P2_run1,deepseek-r1:14b,patient,P2,9,3. Plank | Intensity: Moderate | Duration: 10 minutes,1
patient_deepseek-r1:14b_P2_run1,deepseek-r1:14b,patient,P2,10,4. Bridges | Intensity: Moderate | Duration: 10 minutes,1
patient_deepseek-r1:14b_P2_run1,deepseek-r1:14b,patient,P2,12,**Day 3: Gentle Yoga**,0
patient_deepseek-r1:14b_P2_run1,deepseek-r1:14b,patient,P2,13,1. Gentle Hatha Yoga | Intensity: Light | Duration: 20 minutes,1
patient_deepseek-r1:14b_P2_run1,deepseek-r1:14b,patient,P2,15,**Day 4: Walking with Interval Training**,0
patient_deepseek-r1:14b_P2_run1,deepseek-r1:14b,patient,P2,16,1. Brisk Walking (Including Intervals) | Intensity: Moderate | Duration: 30 minutes,1
patient_deepseek-r1:14b_P2_run1,deepseek-r1:14b,patient,P2,18,**Day 5: Resistance and Bodyweight Exercises**,0
patient_deepseek-r1:14b_P2_run1,deepseek-r1:14b,patient,P2,19,1. Lunges (Bodyweight) | Intensity: Moderate | Duration: 10 minutes,1
patient_deepseek-r1:14b_P2_run1,deepseek-r1:14b,patient,P2,20,2. Tricep Dips (Using Furniture) | Intensity: Moderate | Duration: 10 minutes,1
patient_deepseek-r1:14b_P2_run1,deepseek-r1:14b,patient,P2,21,3. Russian Twists | Intensity: Moderate | Duration: 10 minutes,1
patient_deepseek-r1:14b_P2_run1,deepseek-r1:14b,patient,P2,23,**Day 6: Walking with Terrain Variation**,0
patient_deepseek-r1:14b_P2_run1,deepseek-r1:14b,patient,P2,24,1. Brisk Walking (Including Hills or Rough Terrain) | Intensity: Light-Moderate | Duration: 40 minutes,1
patient_deepseek-r1:14b_P2_run1,deepseek-r1:14b,patient,P2,26,**Day 7: Flexibility and Balance Focus**,0
patient_deepseek-r1:14b_P2_run1,deepseek-r1:14b,patient,P2,27,1. Static Stretching Routine | Intensity: Light | Duration: 15 minutes,1
patient_deepseek-r1:14b_P2_run1,deepseek-r1:14b,patient,P2,28,2. Single-Leg Stands | Intensity: Moderate | Duration: 10 minutes,1
patient_deepseek-r1:14b_P2_run1,deepseek-r1:14b,patient,P2,30,**Additional Notes:**,0
patient_deepseek-r1:14b_P2_run1,deepseek-r1:14b,patient,P2,31,- **Hydration:** Drink plenty of water throughout the day.,4
patient_deepseek-r1:14b_P2_run1,deepseek-r1:14b,patient,P2,32,"- **Nutrition:** Maintain a balanced diet rich in fruits, vegetables, lean proteins, and whole grains.",4
patient_deepseek-r1:14b_P2_run1,deepseek-r1:14b,patient,P2,33,"- **Listen to Your Body:** If you feel overly fatigued or experience any pain, reduce intensity or rest.",4
patient_deepseek-r1:14b_P2_run1,deepseek-r1:14b,patient,P2,34,"- **Progress Gradually:** Over time, increase duration and intensity as your fitness improves.",4
patient_deepseek-r1:14b_P2_run1,deepseek-r1:14b,patient,P2,35,- **Variety:** Keep activities interesting by introducing new exercises occasionally.,4
patient_deepseek-r1:14b_P2_run1,deepseek-r1:14b,patient,P2,36,"- **Track Progress:** Monitor improvements in strength, endurance, and flexibility to stay motivated.",4
patient_deepseek-r1:14b_P2_run1,deepseek-r1:14b,patient,P2,38,"This plan is designed to be sustainable and adaptable, helping you build a consistent exercise habit while improving overall health.",0
patient_deepseek-r1:14b_P3_run1,deepseek-r1:14b,patient,P3,1,**Personalized Weekly Exercise Program for [Name]**,0
patient_deepseek-r1:14b_P3_run1,deepseek-r1:14b,patient,P3,3,**Goal:** Improve cardiovascular health and manage blood pressure,0
patient_deepseek-r1:14b_P3_run1,deepseek-r1:14b,patient,P3,4,**Duration:** 60-90 minutes per session,1
patient_deepseek-r1:14b_P3_run1,deepseek-r1:14b,patient,P3,6,### **Weekly Schedule:**,0
patient_deepseek-r1:14b_P3_run1,deepseek-r1:14b,patient,P3,8,**Monday - Aerobic Exercise**,0
patient_deepseek-r1:14b_P3_run1,deepseek-r1:14b,patient,P3,9,1. Walking | Intensity: Moderate | Duration: 30 minutes,1
patient_deepseek-r1:14b_P3_run1,deepseek-r1:14b,patient,P3,10,2. Cool Down Stretches | Intensity: Light | Duration: 5-10 minutes,1
patient_deepseek-r1:14b_P3_run1,deepseek-r1:14b,patient,P3,12,**Tuesday - Strength Training**,0
patient_deepseek-r1:14b_P3_run1,deepseek-r1:14b,patient,P3,13,1. Resistance Band Rows | Intensity: Moderate | Duration: 3 sets of 12 reps,1
patient_deepseek-r1:14b_P3_run1,deepseek-r1:14b,patient,P3,14,2. Push-Ups (or Tricep Dips) | Intensity: Moderate | Duration: 3 sets of 10-15 reps,1
patient_deepseek-r1:14b_P3_run1,deepseek-r1:14b,patient,P3,15,3. Bodyweight Squats | Intensity: Moderate | Duration: 3 sets of 12 reps,1
patient_deepseek-r1:14b_P3_run1,deepseek-r1:14b,patient,P3,16,4. Cool Down Stretches | Intensity: Light | Duration: 5-10 minutes,1
patient_deepseek-r1:14b_P3_run1,deepseek-r1:14b,patient,P3,18,**Wednesday - Active Recovery**,2
patient_deepseek-r1:14b_P3_run1,deepseek-r1:14b,patient,P3,19,1. Gentle Yoga Flow | Intensity: Light-Moderate | Duration: 30 minutes,1
patient_deepseek-r1:14b_P3_run1,deepseek-r1:14b,patient,P3,20,"- Focus on flexibility, balance, and relaxation.",4
patient_deepseek-r1:14b_P3_run1,deepseek-r1:14b,patient,P3,21,2. Stretching or Foam Rolling | Intensity: Light | Duration: 10-15 minutes,1
patient_deepseek-r1:14b_P3_run1,deepseek-r1:14b,patient,P3,23,**Thursday - Aerobic Interval Training**,0
patient_deepseek-r1:14b_P3_run1,deepseek-r1:14b,patient,P3,24,1. Cycling (or Treadmill Walking) | Intensity: Alternating moderate and vigorous | Duration: 30 minutes,1
patient_deepseek-r1:14b_P3_run1,deepseek-r1:14b,patient,P3,25,- Example: Alternate between 2 minutes at a comfortable pace and 1 minute at a higher intensity.,1
patient_deepseek-r1:14b_P3_run1,deepseek-r1:14b,patient,P3,26,2. Cool Down Stretches | Intensity: Light | Duration: 5-10 minutes,1
patient_deepseek-r1:14b_P3_run1,deepseek-r1:14b,patient,P3,28,**Friday - Strength Training (Core & Balance)**,0
patient_deepseek-r1:14b_P3_run1,deepseek-r1:14b,patient,P3,29,1. Plank | Intensity: Moderate | Duration: 3 sets of 20-30 seconds,1
patient_deepseek-r1:14b_P3_run1,deepseek-r1:14b,patient,P3,30,2. Single-Leg Stand | Intensity: Moderate | Duration: 3 sets of 15-20 seconds per leg,1
patient_deepseek-r1:14b_P3_run1,deepseek-r1:14b,patient,P3,31,3. Russian Twists (with or without weight) | Intensity: Moderate | Duration: 3 sets of 20 reps,1
patient_deepseek-r1:14b_P3_run1,deepseek-r1:14b,patient,P3,32,4. Cool Down Stretches | Intensity: Light | Duration: 5-10 minutes,1
patient_deepseek-r1:14b_P3_run1,deepseek-r1:14b,patient,P3,34,**Saturday - Outdoor Activity**,0
patient_deepseek-r1:14b_P3_run1,deepseek-r1:14b,patient,P3,35,1. Hiking or Nature Walk | Intensity: Moderate | Duration: 60 minutes,1
patient_deepseek-r1:14b_P3_run1,deepseek-r1:14b,patient,P3,36,- Incorporate inclines for added challenge.,4
patient_deepseek-r1:14b_P3_run1,deepseek-r1:14b,patient,P3,37,2. Stretching | Intensity: Light | Duration: 10-15 minutes,1
patient_deepseek-r1:14b_P3_run1,deepseek-r1:14b,patient,P3,39,**Sunday - Rest and Recovery**,2
patient_deepseek-r1:14b_P3_run1,deepseek-r1:14b,patient,P3,40,1. Gentle Stroll | Intensity: Light | Duration: 30 minutes,1
patient_deepseek-r1:14b_P3_run1,deepseek-r1:14b,patient,P3,41,- Focus on relaxation and enjoyment.,4
patient_deepseek-r1:14b_P3_run1,deepseek-r1:14b,patient,P3,42,2. Flexibility Routine or Reading | Intensity: Light | Duration: 15-30 minutes,1
patient_deepseek-r1:14b_P3_run1,deepseek-r1:14b,patient,P3,44,### **Additional Notes:**,0
patient_deepseek-r1:14b_P3_run1,deepseek-r1:14b,patient,P3,46,"1. **Hydration:** Drink plenty of water before, during, and after exercise.",4
patient_deepseek-r1:14b_P3_run1,deepseek-r1:14b,patient,P3,47,2. **Monitor Blood Pressure:** Check blood pressure regularly and consult healthcare provider if readings are elevated.,3
patient_deepseek-r1:14b_P3_run1,deepseek-r1:14b,patient,P3,48,"3. **Listen to Your Body:** If experiencing dizziness or chest pain, stop exercising immediately and seek medical advice.",3
patient_deepseek-r1:14b_P3_run1,deepseek-r1:14b,patient,P3,49,4. **Progression:** Gradually increase intensity or duration as fitness improves.,4
patient_deepseek-r1:14b_P3_run1,deepseek-r1:14b,patient,P3,50,5. **Variety:** Feel free to substitute exercises based on preferences or availability.,4
patient_deepseek-r1:14b_P3_run1,deepseek-r1:14b,patient,P3,52,"This program balances aerobic exercise, strength training, flexibility, and active recovery, tailored to enhance cardiovascular health while managing hypertension safely.",4
patient_deepseek-r1:14b_P4_run1,deepseek-r1:14b,patient,P4,1,**Personalized Weekly Exercise Program**,0
patient_deepseek-r1:14b_P4_run1,deepseek-r1:14b,patient,P4,3,**Monday: Light Cardio**,0
patient_deepseek-r1:14b_P4_run1,deepseek-r1:14b,patient,P4,4,1. Walking | Intensity: Moderate | Duration: 30 minutes,1
patient_deepseek-r1:14b_P4_run1,deepseek-r1:14b,patient,P4,5,- Include a warm-up and cool-down of 5 minutes each.,4
patient_deepseek-r1:14b_P4_run1,deepseek-r1:14b,patient,P4,7,**Tuesday: Strength Training**,0
patient_deepseek-r1:14b_P4_run1,deepseek-r1:14b,patient,P4,8,"1. Resistance Band Exercises (Leg Press, Chest Press) | Intensity: Moderate | Duration: 20 minutes",1
patient_deepseek-r1:14b_P4_run1,deepseek-r1:14b,patient,P4,9,"- Focus on 8-10 reps per exercise, with proper form.",4
patient_deepseek-r1:14b_P4_run1,deepseek-r1:14b,patient,P4,11,**Wednesday: Flexibility & Stretching**,0
patient_deepseek-r1:14b_P4_run1,deepseek-r1:14b,patient,P4,12,"1. Stretching Routine (Hamstrings, Quads, Chest, Shoulders) | Intensity: Light | Duration: 15 minutes",1
patient_deepseek-r1:14b_P4_run1,deepseek-r1:14b,patient,P4,13,- Hold each stretch for about a minute.,4
patient_deepseek-r1:14b_P4_run1,deepseek-r1:14b,patient,P4,15,**Thursday: Light Cardio (Cycling)**,0
patient_deepseek-r1:14b_P4_run1,deepseek-r1:14b,patient,P4,16,1. Stationary or Outdoor Cycling | Intensity: Moderate | Duration: 30 minutes,1
patient_deepseek-r1:14b_P4_run1,deepseek-r1:14b,patient,P4,17,- Use a low-intensity pace to maintain comfort.,1
patient_deepseek-r1:14b_P4_run1,deepseek-r1:14b,patient,P4,19,**Friday: Core Strengthening**,0
patient_deepseek-r1:14b_P4_run1,deepseek-r1:14b,patient,P4,20,"1. Planks, Crunches, Bird-Dog | Intensity: Moderate | Duration: 20 minutes",1
patient_deepseek-r1:14b_P4_run1,deepseek-r1:14b,patient,P4,21,- Focus on controlled movements for stability.,4
patient_deepseek-r1:14b_P4_run1,deepseek-r1:14b,patient,P4,23,**Saturday: Moderate-Intensity Activity (Swimming)**,0
patient_deepseek-r1:14b_P4_run1,deepseek-r1:14b,patient,P4,24,1. Water Aerobics or Swimming | Intensity: Moderate | Duration: 30 minutes,1
patient_deepseek-r1:14b_P4_run1,deepseek-r1:14b,patient,P4,25,- Enjoy the low-impact nature of water exercises.,4
patient_deepseek-r1:14b_P4_run1,deepseek-r1:14b,patient,P4,27,**Sunday: Light Activity & Balance Practice**,0
patient_deepseek-r1:14b_P4_run1,deepseek-r1:14b,patient,P4,28,"1. Gardening, Walking, or Tai Chi | Intensity: Light | Duration: 20-30 minutes",1
patient_deepseek-r1:14b_P4_run1,deepseek-r1:14b,patient,P4,29,- Incorporate balance exercises like single-leg stands if comfortable.,4
patient_deepseek-r1:14b_P4_run1,deepseek-r1:14b,patient,P4,31,**Additional Notes:**,0
patient_deepseek-r1:14b_P4_run1,deepseek-r1:14b,patient,P4,32,- **Blood Sugar Monitoring:** Check blood glucose before and after exercise.,3
patient_deepseek-r1:14b_P4_run1,deepseek-r1:14b,patient,P4,33,"- **Hydration:** Stay well-hydrated throughout the day, especially during workouts.",4
patient_deepseek-r1:14b_P4_run1,deepseek-r1:14b,patient,P4,34,"- **Footwear:** Wear supportive, cushioned shoes for all activities.",4
patient_deepseek-r1:14b_P4_run1,deepseek-r1:14b,patient,P4,35,"- **Consultation:** Before starting this program, consult her healthcare provider to ensure suitability.",3
patient_deepseek-r1:14b_P4_run1,deepseek-r1:14b,patient,P4,37,"This plan balances aerobic, strength, flexibility, and balance exercises while considering her health conditions and low activity level. Adjustments can be made as her fitness improves.",0
patient_deepseek-r1:14b_P5_run1,deepseek-r1:14b,patient,P5,1,**Personalized Weekly Exercise Program for a 45-Year-Old Male with Knee Osteoarthritis**,0
patient_deepseek-r1:14b_P5_run1,deepseek-r1:14b,patient,P5,3,**Monday:**,0
patient_deepseek-r1:14b_P5_run1,deepseek-r1:14b,patient,P5,4,1. **Swimming (Low-Impact Cardio)** | Intensity: Light | Duration: 20 minutes,1
patient_deepseek-r1:14b_P5_run1,deepseek-r1:14b,patient,P5,5,"- Focus on leisurely swimming, such as laps or water aerobics.",4
patient_deepseek-r1:14b_P5_run1,deepseek-r1:14b,patient,P5,7,2. **Wall Squats (Quadriceps Strengthening)** | Intensity: Moderate | Duration: 15 minutes,1
patient_deepseek-r1:14b_P5_run1,deepseek-r1:14b,patient,P5,8,- Perform with support against a wall to reduce knee strain.,4
patient_deepseek-r1:14b_P5_run1,deepseek-r1:14b,patient,P5,10,3. **Straight Leg Raises (Hamstring Strengthening)** | Intensity: Light | Duration: 10 minutes,1
patient_deepseek-r1:14b_P5_run1,deepseek-r1:14b,patient,P5,11,"- Lie on back and lift one leg at a time, keeping it straight.",4
patient_deepseek-r1:14b_P5_run1,deepseek-r1:14b,patient,P5,13,**Tuesday:**,0
patient_deepseek-r1:14b_P5_run1,deepseek-r1:14b,patient,P5,14,1. **Stationary Cycling (Low-Impact Cardio)** | Intensity: Moderate | Duration: 25 minutes,1
patient_deepseek-r1:14b_P5_run1,deepseek-r1:14b,patient,P5,15,- Adjust resistance gradually; focus on steady pedaling without pain.,4
patient_deepseek-r1:14b_P5_run1,deepseek-r1:14b,patient,P5,17,2. **Bodyweight Squats with Support (Strength Training)** | Intensity: Light | Duration: 10 minutes,1
patient_deepseek-r1:14b_P5_run1,deepseek-r1:14b,patient,P5,18,"- Use a chair for support and perform mini squats, ensuring proper form.",4
patient_deepseek-r1:14b_P5_run1,deepseek-r1:14b,patient,P5,20,**Wednesday:**,0
patient_deepseek-r1:14b_P5_run1,deepseek-r1:14b,patient,P5,21,1. **Yoga (Flexibility & Balance)** | Intensity: Moderate | Duration: 20 minutes,1
patient_deepseek-r1:14b_P5_run1,deepseek-r1:14b,patient,P5,22,"- Emphasize poses that improve flexibility without knee strain, like modified lunges.",4
patient_deepseek-r1:14b_P5_run1,deepseek-r1:14b,patient,P5,24,2. **Core Strengthening (Planks with Modification)** | Intensity: Light | Duration: 10 minutes,1
patient_deepseek-r1:14b_P5_run1,deepseek-r1:14b,patient,P5,25,- Use elbows on a bench or knees on the ground to reduce intensity.,1
patient_deepseek-r1:14b_P5_run1,deepseek-r1:14b,patient,P5,27,**Thursday:**,0
patient_deepseek-r1:14b_P5_run1,deepseek-r1:14b,patient,P5,28,1. **Gentle Walking (Cardio & Joint Movement)** | Intensity: Light | Duration: 25 minutes,1
patient_deepseek-r1:14b_P5_run1,deepseek-r1:14b,patient,P5,29,- Incorporate intervals of walking and resting as needed.,4
patient_deepseek-r1:14b_P5_run1,deepseek-r1:14b,patient,P5,31,2. **Heel Drops (Calve Strengthening)** | Intensity: Moderate | Duration: 10 minutes,1
patient_deepseek-r1:14b_P5_run1,deepseek-r1:14b,patient,P5,32,- Perform by stepping down from a low platform with control.,4
patient_deepseek-r1:14b_P5_run1,deepseek-r1:14b,patient,P5,34,**Friday:**,0
patient_deepseek-r1:14b_P5_run1,deepseek-r1:14b,patient,P5,35,1. **Swimming or Light Water Aerobics** | Intensity: Light | Duration: 20 minutes,1
patient_deepseek-r1:14b_P5_run1,deepseek-r1:14b,patient,P5,36,- Focus on gentle movements to maintain cardiovascular activity without impact.,4
patient_deepseek-r1:14b_P5_run1,deepseek-r1:14b,patient,P5,38,**Saturday:**,0
patient_deepseek-r1:14b_P5_run1,deepseek-r1:14b,patient,P5,39,1. **Gentle Stretching (Flexibility)** | Intensity: Light | Duration: 15 minutes,1
patient_deepseek-r1:14b_P5_run1,deepseek-r1:14b,patient,P5,40,"- Target major muscle groups, focusing on the legs and lower back.",4
patient_deepseek-r1:14b_P5_run1,deepseek-r1:14b,patient,P5,42,2. **Balance Training (Single-Leg Stance with Support)** | Intensity: Moderate | Duration: 10 minutes,1
patient_deepseek-r1:14b_P5_run1,deepseek-r1:14b,patient,P5,43,- Use a chair for support while standing on one leg to improve stability.,4
patient_deepseek-r1:14b_P5_run1,deepseek-r1:14b,patient,P5,45,**Sunday:**,0
patient_deepseek-r1:14b_P5_run1,deepseek-r1:14b,patient,P5,46,1. **Active Recovery (Light Activity)** | Intensity: Light | Duration: 20 minutes,1
patient_deepseek-r1:14b_P5_run1,deepseek-r1:14b,patient,P5,47,"- Engage in light walking, swimming, or stretching to stay mobile without overexertion.",1
patient_deepseek-r1:14b_P5_run1,deepseek-r1:14b,patient,P5,49,**Additional Notes and Recommendations:**,0
patient_deepseek-r1:14b_P5_run1,deepseek-r1:14b,patient,P5,51,- **Emphasize Proper Form:** Ensure all exercises are performed with correct technique to avoid injury.,4
patient_deepseek-r1:14b_P5_run1,deepseek-r1:14b,patient,P5,52,"- **Listen to Your Body:** If pain exceeds a 3/10 intensity, reduce the duration or intensity of the workout.",4
patient_deepseek-r1:14b_P5_run1,deepseek-r1:14b,patient,P5,53,"- **Consult Healthcare Provider:** Before starting any new exercise program, especially with existing medical conditions.",3
patient_deepseek-r1:14b_P5_run1,deepseek-r1:14b,patient,P5,54,- **Use Ice if Needed:** Apply ice to knees after exercises to reduce inflammation and discomfort.,4
patient_deepseek-r1:14b_P5_run1,deepseek-r1:14b,patient,P5,55,"- **Gradually Increase Intensity:** As strength improves, slowly increase the difficulty or duration of exercises.",4
patient_deepseek-r1:14b_P5_run1,deepseek-r1:14b,patient,P5,57,"This plan balances low-impact cardio, strength training, flexibility, balance, and core work to support knee health and improve mobility. Consistency is key for long-term benefits.",0
patient_deepseek-r1:14b_P6_run1,deepseek-r1:14b,patient,P6,1,**Personalized Weekly Exercise Program for [Name]**,0
patient_deepseek-r1:14b_P6_run1,deepseek-r1:14b,patient,P6,3,**Overview:**,0
patient_deepseek-r1:14b_P6_run1,deepseek-r1:14b,patient,P6,4,"This program is designed for a 70-year-old woman with a history of myocardial infarction and stable angina, aiming to safely return to physical activity. The focus is on low-impact exercises to improve cardiovascular health, strength, flexibility, and balance.",3
patient_deepseek-r1:14b_P6_run1,deepseek-r1:14b,patient,P6,6,**Weekly Structure:**,0
patient_deepseek-r1:14b_P6_run1,deepseek-r1:14b,patient,P6,7,- **Day 1:** Light Walking & Chair Exercises,4
patient_deepseek-r1:14b_P6_run1,deepseek-r1:14b,patient,P6,8,- **Day 2:** Strength Training with Resistance Bands,4
patient_deepseek-r1:14b_P6_run1,deepseek-r1:14b,patient,P6,9,- **Day 3:** Rest or Gentle Stretching,4
patient_deepseek-r1:14b_P6_run1,deepseek-r1:14b,patient,P6,10,"- **Day 4:** Aerobic Activity (e.g., Cycling)",4
patient_deepseek-r1:14b_P6_run1,deepseek-r1:14b,patient,P6,11,- **Day 5:** Balance & Flexibility Routine,4
patient_deepseek-r1:14b_P6_run1,deepseek-r1:14b,patient,P6,12,- **Day 6:** Strength Training & Stretching,4
patient_deepseek-r1:14b_P6_run1,deepseek-r1:14b,patient,P6,13,- **Day 7:** Active Recovery or Leisurely Walk,4
patient_deepseek-r1:14b_P6_run1,deepseek-r1:14b,patient,P6,15,**Detailed Plan:**,0
patient_deepseek-r1:14b_P6_run1,deepseek-r1:14b,patient,P6,17,1. **Monday - Light Walking & Chair Exercises**,4
patient_deepseek-r1:14b_P6_run1,deepseek-r1:14b,patient,P6,18,- **Exercise 1:** Brisk Walking (Intensity: Moderate) | Duration: 20 minutes,1
patient_deepseek-r1:14b_P6_run1,deepseek-r1:14b,patient,P6,19,"- Start with a warm-up, gradually increase speed.",4
patient_deepseek-r1:14b_P6_run1,deepseek-r1:14b,patient,P6,20,- **Exercise 2:** Chair Squats (3 sets of 8-10 reps),1
patient_deepseek-r1:14b_P6_run1,deepseek-r1:14b,patient,P6,21,- Focus on proper form to build lower body strength.,4
patient_deepseek-r1:14b_P6_run1,deepseek-r1:14b,patient,P6,23,2. **Tuesday - Strength Training**,4
patient_deepseek-r1:14b_P6_run1,deepseek-r1:14b,patient,P6,24,- **Exercise 1:** Resistance Band Chest Press (3 sets of 8-10 reps),1
patient_deepseek-r1:14b_P6_run1,deepseek-r1:14b,patient,P6,25,- **Exercise 2:** Overhead Shoulder Press with Resistance Bands (3 sets of 8-10 reps),1
patient_deepseek-r1:14b_P6_run1,deepseek-r1:14b,patient,P6,26,- **Exercise 3:** Seated Row with Resistance Bands (3 sets of 8-10 reps),1
patient_deepseek-r1:14b_P6_run1,deepseek-r1:14b,patient,P6,27,- Use controlled movements and focus on form.,4
patient_deepseek-r1:14b_P6_run1,deepseek-r1:14b,patient,P6,29,3. **Wednesday - Rest or Gentle Stretching**,4
patient_deepseek-r1:14b_P6_run1,deepseek-r1:14b,patient,P6,30,"- **Activity:** Light stretching focusing on major muscle groups (chest, shoulders, hamstrings) | Duration: 15-20 minutes",1
patient_deepseek-r1:14b_P6_run1,deepseek-r1:14b,patient,P6,31,- **Note:** Prioritize relaxation and recovery.,4
patient_deepseek-r1:14b_P6_run1,deepseek-r1:14b,patient,P6,33,4. **Thursday - Aerobic Activity**,4
patient_deepseek-r1:14b_P6_run1,deepseek-r1:14b,patient,P6,34,- **Exercise:** Stationary Cycling (Intensity: Moderate) | Duration: 20-30 minutes,1
patient_deepseek-r1:14b_P6_run1,deepseek-r1:14b,patient,P6,35,"- Maintain a steady pace, monitor heart rate or RPE.",4
patient_deepseek-r1:14b_P6_run1,deepseek-r1:14b,patient,P6,37,5. **Friday - Balance & Flexibility Routine**,4
patient_deepseek-r1:14b_P6_run1,deepseek-r1:14b,patient,P6,38,- **Exercise 1:** Single-leg stands with support | 3 sets of 30 seconds per leg,1
patient_deepseek-r1:14b_P6_run1,deepseek-r1:14b,patient,P6,39,- **Exercise 2:** Standing Side Leg Raises (3 sets of 8-10 reps per side),1
patient_deepseek-r1:14b_P6_run1,deepseek-r1:14b,patient,P6,40,- **Exercise 3:** Seated Forward Fold | Duration: 2-3 minutes,1
patient_deepseek-r1:14b_P6_run1,deepseek-r1:14b,patient,P6,41,- Focus on balance and flexibility.,4
patient_deepseek-r1:14b_P6_run1,deepseek-r1:14b,patient,P6,43,6. **Saturday - Strength Training & Stretching**,4
patient_deepseek-r1:14b_P6_run1,deepseek-r1:14b,patient,P6,44,- Repeat Tuesday's strength training exercises.,4
patient_deepseek-r1:14b_P6_run1,deepseek-r1:14b,patient,P6,45,- End with stretching to cool down.,4
patient_deepseek-r1:14b_P6_run1,deepseek-r1:14b,patient,P6,47,7. **Sunday - Active Recovery or Leisurely Walk**,4
patient_deepseek-r1:14b_P6_run1,deepseek-r1:14b,patient,P6,48,- **Exercise:** Gentle walk or leisure activity | Duration: 20-30 minutes,1
patient_deepseek-r1:14b_P6_run1,deepseek-r1:14b,patient,P6,49,"- Enjoy at her own pace, focusing on enjoyment and recovery.",4
patient_deepseek-r1:14b_P6_run1,deepseek-r1:14b,patient,P6,51,**Additional Notes:**,0
patient_deepseek-r1:14b_P6_run1,deepseek-r1:14b,patient,P6,52,- **Medical Clearance:** Ensure she has consulted with her healthcare provider before starting.,3
patient_deepseek-r1:14b_P6_run1,deepseek-r1:14b,patient,P6,53,"- **Monitor Symptoms:** If experiencing chest pain, dizziness, or extreme fatigue, stop and seek medical help.",3
patient_deepseek-r1:14b_P6_run1,deepseek-r1:14b,patient,P6,54,"- **Hydration & Clothing:** Stay hydrated, wear comfortable clothing, and appropriate footwear.",4
patient_deepseek-r1:14b_P6_run1,deepseek-r1:14b,patient,P6,55,- **Progression:** Gradually increase duration by 2-3 minutes each week as her fitness improves.,4
patient_deepseek-r1:14b_P6_run1,deepseek-r1:14b,patient,P6,56,- **Rest Days:** Use rest days to allow recovery and prevent overexertion.,2
patient_deepseek-r1:14b_P6_run1,deepseek-r1:14b,patient,P6,58,"This program balances safety with gradual progression, ensuring she can return to physical activity safely and sustainably.",4
patient_deepseek-r1:14b_P7_run1,deepseek-r1:14b,patient,P7,1,**Personalized Weekly Exercise Program**,0
patient_deepseek-r1:14b_P7_run1,deepseek-r1:14b,patient,P7,3,**Monday: Endurance (Running)**,0
patient_deepseek-r1:14b_P7_run1,deepseek-r1:14b,patient,P7,4,1. Dynamic Stretching | Intensity: Moderate | Duration: 5 minutes,1
patient_deepseek-r1:14b_P7_run1,deepseek-r1:14b,patient,P7,5,"2. Running - Interval Training | Intensity: Vigorous | Duration: 45 minutes (e.g., 30 seconds sprint, 1 minute jog)",1
patient_deepseek-r1:14b_P7_run1,deepseek-r1:14b,patient,P7,6,3. Static Stretching | Intensity: Light | Duration: 10 minutes,1
patient_deepseek-r1:14b_P7_run1,deepseek-r1:14b,patient,P7,8,**Tuesday: Strength Training (Upper Body)**,0
patient_deepseek-r1:14b_P7_run1,deepseek-r1:14b,patient,P7,9,1. Dynamic Stretching | Intensity: Moderate | Duration: 5 minutes,1
patient_deepseek-r1:14b_P7_run1,deepseek-r1:14b,patient,P7,10,2. Push-Ups (3 sets of 12-15 reps),1
patient_deepseek-r1:14b_P7_run1,deepseek-r1:14b,patient,P7,11,3. Pull-Ups or Lat Pulldowns (3 sets of 8-10 reps),1
patient_deepseek-r1:14b_P7_run1,deepseek-r1:14b,patient,P7,12,4. Dumbbell Bench Press (3 sets of 8-10 reps),1
patient_deepseek-r1:14b_P7_run1,deepseek-r1:14b,patient,P7,13,5. Dumbbell Shoulder Press (3 sets of 8-10 reps),1
patient_deepseek-r1:14b_P7_run1,deepseek-r1:14b,patient,P7,14,"6. Bicep Curls and Tricep Dips (2 sets each, 12-15 reps)",1
patient_deepseek-r1:14b_P7_run1,deepseek-r1:14b,patient,P7,15,7. Static Stretching | Intensity: Light | Duration: 10 minutes,1
patient_deepseek-r1:14b_P7_run1,deepseek-r1:14b,patient,P7,17,**Wednesday: Active Recovery or Cross-training**,2
patient_deepseek-r1:14b_P7_run1,deepseek-r1:14b,patient,P7,18,1. Yoga Flow | Intensity: Light | Duration: 45 minutes,1
patient_deepseek-r1:14b_P7_run1,deepseek-r1:14b,patient,P7,19,2. Focused Stretching on Upper Body | Intensity: Light | Duration: 15 minutes,1
patient_deepseek-r1:14b_P7_run1,deepseek-r1:14b,patient,P7,21,**Thursday: Endurance (Cycling)**,0
patient_deepseek-r1:14b_P7_run1,deepseek-r1:14b,patient,P7,22,1. Dynamic Stretching | Intensity: Moderate | Duration: 5 minutes,1
patient_deepseek-r1:14b_P7_run1,deepseek-r1:14b,patient,P7,23,"2. Cycling - Interval Training | Intensity: Vigorous | Duration: 45 minutes (e.g., alternate between high intensity and moderate pace)",1
patient_deepseek-r1:14b_P7_run1,deepseek-r1:14b,patient,P7,24,3. Static Stretching | Intensity: Light | Duration: 10 minutes,1
patient_deepseek-r1:14b_P7_run1,deepseek-r1:14b,patient,P7,26,**Friday: Strength Training (Lower Body)**,0
patient_deepseek-r1:14b_P7_run1,deepseek-r1:14b,patient,P7,27,1. Dynamic Stretching | Intensity: Moderate | Duration: 5 minutes,1
patient_deepseek-r1:14b_P7_run1,deepseek-r1:14b,patient,P7,28,2. Squats (3 sets of 8-10 reps),1
patient_deepseek-r1:14b_P7_run1,deepseek-r1:14b,patient,P7,29,3. Deadlifts (3 sets of 6-8 reps),1
patient_deepseek-r1:14b_P7_run1,deepseek-r1:14b,patient,P7,30,4. Lunges (3 sets of 10-12 reps per leg),1
patient_deepseek-r1:14b_P7_run1,deepseek-r1:14b,patient,P7,31,5. Leg Press or Step-Ups (3 sets of 8-10 reps),1
patient_deepseek-r1:14b_P7_run1,deepseek-r1:14b,patient,P7,32,6. Calf Raises (3 sets of 15-20 reps),1
patient_deepseek-r1:14b_P7_run1,deepseek-r1:14b,patient,P7,33,7. Static Stretching | Intensity: Light | Duration: 10 minutes,1
patient_deepseek-r1:14b_P7_run1,deepseek-r1:14b,patient,P7,35,**Saturday: Sport-Specific Drills or HIIT**,0
patient_deepseek-r1:14b_P7_run1,deepseek-r1:14b,patient,P7,36,1. Dynamic Stretching | Intensity: Moderate | Duration: 5 minutes,1
patient_deepseek-r1:14b_P7_run1,deepseek-r1:14b,patient,P7,37,"2. Sport-Specific Drills (e.g., for soccer, basketball, etc.) | Intensity: Vigorous | Duration: 30-45 minutes",1
patient_deepseek-r1:14b_P7_run1,deepseek-r1:14b,patient,P7,38,"3. High-Intensity Interval Training (HIIT) Circuit | Intensity: Vigorous | Duration: 20 minutes (e.g., burpees, jump squats, push-ups)",1
patient_deepseek-r1:14b_P7_run1,deepseek-r1:14b,patient,P7,39,4. Static Stretching | Intensity: Light | Duration: 10 minutes,1
patient_deepseek-r1:14b_P7_run1,deepseek-r1:14b,patient,P7,41,**Sunday: Rest**,2
patient_deepseek-r1:14b_P7_run1,deepseek-r1:14b,patient,P7,42,"1. Complete Rest or Gentle Activities (e.g., walking, stretching) | Intensity: Very Light | Duration: As needed",1
patient_deepseek-r1:14b_P7_run1,deepseek-r1:14b,patient,P7,44,**Additional Notes and Recommendations:**,0
patient_deepseek-r1:14b_P7_run1,deepseek-r1:14b,patient,P7,45,"- **Hydration:** Drink plenty of water throughout the day, especially before, during, and after workouts.",4
patient_deepseek-r1:14b_P7_run1,deepseek-r1:14b,patient,P7,46,"- **Nutrition:** Maintain a balanced diet rich in lean proteins, complex carbohydrates, healthy fats, and essential vitamins/minerals to support muscle growth and recovery.",4
patient_deepseek-r1:14b_P7_run1,deepseek-r1:14b,patient,P7,47,- **Sleep:** Aim for 7-9 hours of quality sleep each night to aid in muscle repair and overall recovery.,4
patient_deepseek-r1:14b_P7_run1,deepseek-r1:14b,patient,P7,48,- **Flexibility:** Incorporate yoga or stretching sessions regularly to improve flexibility and reduce the risk of injury.,4
patient_deepseek-r1:14b_P7_run1,deepseek-r1:14b,patient,P7,49,"- **Monitor Progress:** Keep track of your workouts, endurance times, and strength gains to assess progress and adjust your program as needed.",4
patient_deepseek-r1:14b_P7_run1,deepseek-r1:14b,patient,P7,51,"This structured plan balances endurance, strength, sport-specific training, and adequate recovery to help you achieve your fitness goals effectively.",4
patient_deepseek-r1:14b_P8_run1,deepseek-r1:14b,patient,P8,1,**Personalized Weekly Exercise Program**,0
patient_deepseek-r1:14b_P8_run1,deepseek-r1:14b,patient,P8,3,**Monday: Light Cardio**,0
patient_deepseek-r1:14b_P8_run1,deepseek-r1:14b,patient,P8,4,1. Walking | Intensity: Light | Duration: 20 minutes,1
patient_deepseek-r1:14b_P8_run1,deepseek-r1:14b,patient,P8,5,- Start with a 5-minute walk to warm up.,4
patient_deepseek-r1:14b_P8_run1,deepseek-r1:14b,patient,P8,6,- Maintain a steady pace for 10 minutes.,1
patient_deepseek-r1:14b_P8_run1,deepseek-r1:14b,patient,P8,7,- Cool down with another 5 minutes of walking.,4
patient_deepseek-r1:14b_P8_run1,deepseek-r1:14b,patient,P8,9,**Tuesday: Strength Training**,0
patient_deepseek-r1:14b_P8_run1,deepseek-r1:14b,patient,P8,10,1. Seated Dumbbell Shoulder Press | Intensity: Moderate | Duration: 3 sets of 12 reps,1
patient_deepseek-r1:14b_P8_run1,deepseek-r1:14b,patient,P8,11,2. Dumbbell Bench Press | Intensity: Moderate | Duration: 3 sets of 12 reps,1
patient_deepseek-r1:14b_P8_run1,deepseek-r1:14b,patient,P8,12,3. Dumbbell Bicep Curls | Intensity: Moderate | Duration: 3 sets of 12 reps,1
patient_deepseek-r1:14b_P8_run1,deepseek-r1:14b,patient,P8,13,4. Dumbbell Tricep Pushdowns | Intensity: Moderate | Duration: 3 sets of 12 reps,1
patient_deepseek-r1:14b_P8_run1,deepseek-r1:14b,patient,P8,14,5. Planks | Intensity: Moderate | Duration: 3 sets of 30 seconds hold,1
patient_deepseek-r1:14b_P8_run1,deepseek-r1:14b,patient,P8,16,**Wednesday: Flexibility and Balance**,0
patient_deepseek-r1:14b_P8_run1,deepseek-r1:14b,patient,P8,17,1. Seated Hamstring Stretch | Intensity: Light | Duration: 2 minutes per leg,1
patient_deepseek-r1:14b_P8_run1,deepseek-r1:14b,patient,P8,18,2. Standing Hip Flexor Stretch | Intensity: Light | Duration: 2 minutes per side,1
patient_deepseek-r1:14b_P8_run1,deepseek-r1:14b,patient,P8,19,3. Single-Leg Stand (use a chair for support) | Intensity: Light | Duration: 1 minute per leg,1
patient_deepseek-r1:14b_P8_run1,deepseek-r1:14b,patient,P8,20,4. Cat-Cow Stretch | Intensity: Light | Duration: 2 minutes,1
patient_deepseek-r1:14b_P8_run1,deepseek-r1:14b,patient,P8,22,**Thursday: Interval Training**,0
patient_deepseek-r1:14b_P8_run1,deepseek-r1:14b,patient,P8,23,1. Walking | Intensity: Alternating moderate and light | Duration: 15-20 minutes,1
patient_deepseek-r1:14b_P8_run1,deepseek-r1:14b,patient,P8,24,- Alternate between walking at a brisk pace for 1 minute and a slower pace for 2 minutes.,1
patient_deepseek-r1:14b_P8_run1,deepseek-r1:14b,patient,P8,26,**Friday: Upper Body Strength and Core**,0
patient_deepseek-r1:14b_P8_run1,deepseek-r1:14b,patient,P8,27,1. Dumbbell Shoulder Shrugs | Intensity: Moderate | Duration: 3 sets of 12 reps,1
patient_deepseek-r1:14b_P8_run1,deepseek-r1:14b,patient,P8,28,2. Lateral Raises with Light Weights | Intensity: Moderate | Duration: 3 sets of 12 reps,1
patient_deepseek-r1:14b_P8_run1,deepseek-r1:14b,patient,P8,29,3. Resistance Band Rows | Intensity: Moderate | Duration: 3 sets of 12 reps,1
patient_deepseek-r1:14b_P8_run1,deepseek-r1:14b,patient,P8,30,4. Bicycle Crunches | Intensity: Moderate | Duration: 3 sets of 15-20 reps,1
patient_deepseek-r1:14b_P8_run1,deepseek-r1:14b,patient,P8,32,**Saturday: Active Recovery**,2
patient_deepseek-r1:14b_P8_run1,deepseek-r1:14b,patient,P8,33,1. Gentle Yoga | Intensity: Light | Duration: 20 minutes,1
patient_deepseek-r1:14b_P8_run1,deepseek-r1:14b,patient,P8,34,"- Focus on poses like Downward Dog, Warrior II, and Tree Pose.",4
patient_deepseek-r1:14b_P8_run1,deepseek-r1:14b,patient,P8,35,2. Stretching Routine | Intensity: Light | Duration: 10 minutes,1
patient_deepseek-r1:14b_P8_run1,deepseek-r1:14b,patient,P8,37,**Sunday: Rest Day**,2
patient_deepseek-r1:14b_P8_run1,deepseek-r1:14b,patient,P8,39,**Additional Recommendations:**,0
patient_deepseek-r1:14b_P8_run1,deepseek-r1:14b,patient,P8,40,"- Hydrate adequately before, during, and after exercise.",4
patient_deepseek-r1:14b_P8_run1,deepseek-r1:14b,patient,P8,41,- Monitor blood pressure regularly and consult a healthcare provider if there are significant changes.,3
patient_deepseek-r1:14b_P8_run1,deepseek-r1:14b,patient,P8,42,"- Incorporate physical activity into daily routines, such as taking the stairs or walking more.",4
patient_deepseek-r1:14b_P8_run1,deepseek-r1:14b,patient,P8,43,- Track progress through weight loss and improvements in blood pressure readings to stay motivated.,4
patient_deepseek-r1:14b_P8_run1,deepseek-r1:14b,patient,P8,45,"This plan is designed to be gradually increased, starting with shorter durations and building up as endurance improves. Always consult a healthcare provider before starting any new exercise program.",0
patient_llama3.1:8b_P1_run1,llama3.1:8b,patient,P1,1,"Based on your profile and goals, I've created a personalized weekly exercise program for you.",0
patient_llama3.1:8b_P1_run1,llama3.1:8b,patient,P1,3,**Monday**,0
patient_llama3.1:8b_P1_run1,llama3.1:8b,patient,P1,5,1. Brisk Walking | Intensity: Moderate | Duration: 30 minutes,1
patient_llama3.1:8b_P1_run1,llama3.1:8b,patient,P1,6,"2. Bodyweight Squats | Intensity: Vigorous | Sets: 3, Reps: 12-15",1
patient_llama3.1:8b_P1_run1,llama3.1:8b,patient,P1,7,"3. Push-ups | Intensity: Vigorous | Sets: 3, Reps: 12-15",1
patient_llama3.1:8b_P1_run1,llama3.1:8b,patient,P1,9,**Tuesday**,0
patient_llama3.1:8b_P1_run1,llama3.1:8b,patient,P1,11,1. Resistance Band Chest Press | Intensity: Moderate | Duration: 30 minutes,1
patient_llama3.1:8b_P1_run1,llama3.1:8b,patient,P1,12,"2. Lunge with Dumbbell | Intensity: Vigorous | Sets: 3, Reps: 10-12 per leg",1
patient_llama3.1:8b_P1_run1,llama3.1:8b,patient,P1,13,3. Plank | Intensity: Vigorous | Hold for 60 seconds,1
patient_llama3.1:8b_P1_run1,llama3.1:8b,patient,P1,15,**Wednesday**,0
patient_llama3.1:8b_P1_run1,llama3.1:8b,patient,P1,17,1. Swimming (or High-Intensity Interval Training) | Intensity: Vigorous | Duration: 30 minutes,1
patient_llama3.1:8b_P1_run1,llama3.1:8b,patient,P1,18,"2. Incline Dumbbell Press | Intensity: Moderate | Sets: 3, Reps: 12-15",1
patient_llama3.1:8b_P1_run1,llama3.1:8b,patient,P1,19,"3. Russian Twists | Intensity: Vigorous | Sets: 3, Reps: 10-12",1
patient_llama3.1:8b_P1_run1,llama3.1:8b,patient,P1,21,**Thursday**,0
patient_llama3.1:8b_P1_run1,llama3.1:8b,patient,P1,23,1. Hiking (or High-Intensity Interval Training) | Intensity: Vigorous | Duration: 30 minutes,1
patient_llama3.1:8b_P1_run1,llama3.1:8b,patient,P1,24,"2. Dumbbell Rows | Intensity: Moderate | Sets: 3, Reps: 12-15 per arm",1
patient_llama3.1:8b_P1_run1,llama3.1:8b,patient,P1,25,"3. Calf Raises | Intensity: Vigorous | Sets: 3, Reps: 10-12",1
patient_llama3.1:8b_P1_run1,llama3.1:8b,patient,P1,27,**Friday**,0
patient_llama3.1:8b_P1_run1,llama3.1:8b,patient,P1,29,1. Cycle (or High-Intensity Interval Training) | Intensity: Vigorous | Duration: 30 minutes,1
patient_llama3.1:8b_P1_run1,llama3.1:8b,patient,P1,30,"2. Burpees | Intensity: Vigorous | Sets: 3, Reps: 6-8",1
patient_llama3.1:8b_P1_run1,llama3.1:8b,patient,P1,31,3. Mountain Climbers | Intensity: Vigorous | Hold for 60 seconds,1
patient_llama3.1:8b_P1_run1,llama3.1:8b,patient,P1,33,**Saturday**,0
patient_llama3.1:8b_P1_run1,llama3.1:8b,patient,P1,35,"1. Outdoor Activities (e.g., hiking, swimming, or team sports) | Duration: 45 minutes to an hour",1
patient_llama3.1:8b_P1_run1,llama3.1:8b,patient,P1,36,2. Stretching and Foam Rolling | Duration: 15-20 minutes,1
patient_llama3.1:8b_P1_run1,llama3.1:8b,patient,P1,38,**Sunday**,0
patient_llama3.1:8b_P1_run1,llama3.1:8b,patient,P1,40,1. Rest day or active recovery (light yoga or walking),1
patient_llama3.1:8b_P1_run1,llama3.1:8b,patient,P1,42,Additional Notes:,4
patient_llama3.1:8b_P1_run1,llama3.1:8b,patient,P1,44,* Warm up before each workout with 5-10 minutes of light cardio and stretching.,4
patient_llama3.1:8b_P1_run1,llama3.1:8b,patient,P1,45,* Cool down after each workout with 5-10 minutes of stretching.,4
patient_llama3.1:8b_P1_run1,llama3.1:8b,patient,P1,46,"* Incorporate progressive overload by increasing the weight, reps, or sets as you get stronger.",4
patient_llama3.1:8b_P1_run1,llama3.1:8b,patient,P1,47,* Focus on proper form and technique throughout all exercises.,4
patient_llama3.1:8b_P1_run1,llama3.1:8b,patient,P1,48,* Listen to your body and take extra rest days if needed.,4
patient_llama3.1:8b_P1_run1,llama3.1:8b,patient,P1,49,* Monitor your progress and adjust the plan accordingly.,4
patient_llama3.1:8b_P1_run1,llama3.1:8b,patient,P1,51,Recommendations:,4
patient_llama3.1:8b_P1_run1,llama3.1:8b,patient,P1,53,* Aim for 7-9 hours of sleep each night to aid in muscle recovery.,4
patient_llama3.1:8b_P1_run1,llama3.1:8b,patient,P1,54,* Stay hydrated by drinking at least 2 liters of water per day.,4
patient_llama3.1:8b_P1_run1,llama3.1:8b,patient,P1,55,"* Include a balanced diet that includes plenty of protein, complex carbohydrates, and healthy fats to support your fitness goals.",4
patient_llama3.1:8b_P1_run1,llama3.1:8b,patient,P1,56,* Mix up your workouts every few weeks to avoid plateaus and prevent overuse injuries.,4
patient_llama3.1:8b_P1_run1,llama3.1:8b,patient,P1,58,Remember to consult with a healthcare professional or certified personal trainer before starting any new exercise program. This plan is tailored to your specific needs and goals but may need adjustments based on individual factors.,3
patient_llama3.1:8b_P2_run1,llama3.1:8b,patient,P2,1,"Based on your profile and goals, I've created a personalized weekly exercise program for you. Please note that it's essential to consult with a healthcare professional before starting any new exercise routine.",0
patient_llama3.1:8b_P2_run1,llama3.1:8b,patient,P2,3,**Monday**,0
patient_llama3.1:8b_P2_run1,llama3.1:8b,patient,P2,5,1. Brisk Walking | Intensity: Moderate | Duration: 30 minutes,1
patient_llama3.1:8b_P2_run1,llama3.1:8b,patient,P2,6,"2. Bodyweight Squats | Intensity: Light-Moderate | Duration: 3 sets of 10 reps, 60 seconds rest between sets",1
patient_llama3.1:8b_P2_run1,llama3.1:8b,patient,P2,8,**Tuesday (Upper Body Day)**,0
patient_llama3.1:8b_P2_run1,llama3.1:8b,patient,P2,10,"1. Push-ups | Intensity: Moderate | Duration: 3 sets of 10 reps, 60 seconds rest between sets",1
patient_llama3.1:8b_P2_run1,llama3.1:8b,patient,P2,11,"2. Seated Dumbbell Rows | Intensity: Light-Moderate | Duration: 3 sets of 10 reps, 60 seconds rest between sets",1
patient_llama3.1:8b_P2_run1,llama3.1:8b,patient,P2,12,"3. Shoulder Press (using light weights or bodyweight) | Intensity: Moderate | Duration: 3 sets of 10 reps, 60 seconds rest between sets",1
patient_llama3.1:8b_P2_run1,llama3.1:8b,patient,P2,14,**Wednesday**,0
patient_llama3.1:8b_P2_run1,llama3.1:8b,patient,P2,16,1. Yoga or Stretching | Intensity: Light-Moderate | Duration: 20-30 minutes,1
patient_llama3.1:8b_P2_run1,llama3.1:8b,patient,P2,17,"2. Wall Sit | Intensity: Moderate | Duration: 3 sets of 60-second hold, 60 seconds rest between sets",1
patient_llama3.1:8b_P2_run1,llama3.1:8b,patient,P2,19,**Thursday (Lower Body Day)**,0
patient_llama3.1:8b_P2_run1,llama3.1:8b,patient,P2,21,1. Brisk Walking | Intensity: Moderate | Duration: 30 minutes,1
patient_llama3.1:8b_P2_run1,llama3.1:8b,patient,P2,22,"2. Calf Raises | Intensity: Light-Moderate | Duration: 3 sets of 15 reps, 60 seconds rest between sets",1
patient_llama3.1:8b_P2_run1,llama3.1:8b,patient,P2,23,"3. Step-ups (using a low step or bench) | Intensity: Moderate | Duration: 3 sets of 10 reps per leg, 60 seconds rest between sets",1
patient_llama3.1:8b_P2_run1,llama3.1:8b,patient,P2,25,**Friday**,0
patient_llama3.1:8b_P2_run1,llama3.1:8b,patient,P2,27,1. Swimming or Cycling (if accessible and preferred) | Intensity: Light-Moderate | Duration: 30 minutes,1
patient_llama3.1:8b_P2_run1,llama3.1:8b,patient,P2,28,"2. Core Exercise (Plank Hold) | Intensity: Moderate | Duration: 3 sets of 60-second hold, 60 seconds rest between sets",1
patient_llama3.1:8b_P2_run1,llama3.1:8b,patient,P2,30,**Saturday**,0
patient_llama3.1:8b_P2_run1,llama3.1:8b,patient,P2,32,"1. Outdoor Activities (e.g., Gardening, Dancing, or a leisurely walk) | Intensity: Light-Moderate | Duration: Choose an activity you enjoy and aim for at least 30 minutes",1
patient_llama3.1:8b_P2_run1,llama3.1:8b,patient,P2,33,2. Cool-down Stretching | Intensity: Light | Duration: 10-15 minutes,1
patient_llama3.1:8b_P2_run1,llama3.1:8b,patient,P2,35,**Sunday**,0
patient_llama3.1:8b_P2_run1,llama3.1:8b,patient,P2,37,"1. Rest Day or Active Recovery (e.g., Light Yoga, Foam Rolling, or a Leisurely Walk) | Intensity: Light-Moderate | Duration: Choose an activity that helps you relax and recover",1
patient_llama3.1:8b_P2_run1,llama3.1:8b,patient,P2,38,2. Review and Plan for the upcoming week | Duration: 10-15 minutes,1
patient_llama3.1:8b_P2_run1,llama3.1:8b,patient,P2,40,Additional Notes and Recommendations:,4
patient_llama3.1:8b_P2_run1,llama3.1:8b,patient,P2,42,"1. **Warm-up and Cool-down**: Before each workout, perform a 5-10 minute dynamic warm-up (e.g., light cardio, stretching). After your workouts, cool down with static stretches to help prevent soreness.",4
patient_llama3.1:8b_P2_run1,llama3.1:8b,patient,P2,43,"2. **Listen to Your Body**: If you experience any discomfort or pain during exercise, stop immediately and consult with a healthcare professional. Adjust the intensity and volume of exercises as needed.",3
patient_llama3.1:8b_P2_run1,llama3.1:8b,patient,P2,44,"3. **Progressive Overload**: Gradually increase the duration, frequency, or intensity of your workouts over time to continue making progress towards your goals.",4
patient_llama3.1:8b_P2_run1,llama3.1:8b,patient,P2,45,"4. **Hydration and Nutrition**: Stay hydrated throughout the day by drinking plenty of water. Aim for a balanced diet that includes fruits, vegetables, whole grains, lean protein sources, and healthy fats.",4
patient_llama3.1:8b_P2_run1,llama3.1:8b,patient,P2,46,5. **Consistency and Patience**: Stick to your exercise routine consistently and be patient with your progress. Celebrate small victories along the way to stay motivated.,4
patient_llama3.1:8b_P2_run1,llama3.1:8b,patient,P2,48,"Remember, this is just a starting point, and you can adjust the plan as needed based on your preferences and progress. Enjoy your new exercise journey!",4
patient_llama3.1:8b_P3_run1,llama3.1:8b,patient,P3,1,"Based on your profile and goals, I've created a personalized weekly exercise plan for you. Please note that it's essential to consult with your doctor before starting any new exercise program, especially considering your controlled hypertension.",0
patient_llama3.1:8b_P3_run1,llama3.1:8b,patient,P3,3,**Monday**,0
patient_llama3.1:8b_P3_run1,llama3.1:8b,patient,P3,5,1. Brisk Walking | Intensity: Moderate | Duration: 30 minutes,1
patient_llama3.1:8b_P3_run1,llama3.1:8b,patient,P3,6,2. Seated Marching (legs only) | Intensity: Light | Duration: 10 minutes,1
patient_llama3.1:8b_P3_run1,llama3.1:8b,patient,P3,8,**Tuesday**,0
patient_llama3.1:8b_P3_run1,llama3.1:8b,patient,P3,10,"1. Bodyweight Squats | Intensity: Moderate | Duration: 3 sets of 12 reps, 60 seconds rest between sets",1
patient_llama3.1:8b_P3_run1,llama3.1:8b,patient,P3,11,"2. Chair Dips (using a sturdy chair) | Intensity: Moderate | Duration: 3 sets of 12 reps, 60 seconds rest between sets",1
patient_llama3.1:8b_P3_run1,llama3.1:8b,patient,P3,13,**Wednesday**,0
patient_llama3.1:8b_P3_run1,llama3.1:8b,patient,P3,15,"1. Rest day or active recovery (e.g., light stretching or yoga)",1
patient_llama3.1:8b_P3_run1,llama3.1:8b,patient,P3,17,**Thursday**,0
patient_llama3.1:8b_P3_run1,llama3.1:8b,patient,P3,19,1. Brisk Walking | Intensity: Moderate | Duration: 30 minutes,1
patient_llama3.1:8b_P3_run1,llama3.1:8b,patient,P3,20,"2. Wall Push-Ups | Intensity: Light | Duration: 3 sets of 12 reps, 60 seconds rest between sets",1
patient_llama3.1:8b_P3_run1,llama3.1:8b,patient,P3,22,**Friday**,0
patient_llama3.1:8b_P3_run1,llama3.1:8b,patient,P3,24,"1. Resistance Band Chest Press (lying on a flat surface) | Intensity: Moderate | Duration: 3 sets of 12 reps, 60 seconds rest between sets",1
patient_llama3.1:8b_P3_run1,llama3.1:8b,patient,P3,25,"2. Seated Leg Raises (using a stability ball or chair for support) | Intensity: Light | Duration: 3 sets of 12 reps, 60 seconds rest between sets",1
patient_llama3.1:8b_P3_run1,llama3.1:8b,patient,P3,27,**Saturday**,0
patient_llama3.1:8b_P3_run1,llama3.1:8b,patient,P3,29,"1. Outdoor Activity (e.g., gardening, cycling, or swimming) | Intensity: Moderate | Duration: 45 minutes",1
patient_llama3.1:8b_P3_run1,llama3.1:8b,patient,P3,30,2. Yoga or Stretching Exercises (focus on flexibility and balance) | Intensity: Light | Duration: 10-15 minutes,1
patient_llama3.1:8b_P3_run1,llama3.1:8b,patient,P3,32,**Sunday**,0
patient_llama3.1:8b_P3_run1,llama3.1:8b,patient,P3,34,1. Brisk Walking | Intensity: Moderate | Duration: 30 minutes,1
patient_llama3.1:8b_P3_run1,llama3.1:8b,patient,P3,35,"2. Seated Leg Press (using bodyweight or light resistance) | Intensity: Moderate | Duration: 3 sets of 12 reps, 60 seconds rest between sets",1
patient_llama3.1:8b_P3_run1,llama3.1:8b,patient,P3,37,Additional Notes and Recommendations:,4
patient_llama3.1:8b_P3_run1,llama3.1:8b,patient,P3,39,"* Warm up before each session with 5-10 minutes of light cardio (e.g., walking or jogging in place).",4
patient_llama3.1:8b_P3_run1,llama3.1:8b,patient,P3,40,* Cool down after each session with 5-10 minutes of stretching exercises.,4
patient_llama3.1:8b_P3_run1,llama3.1:8b,patient,P3,41,* Monitor your blood pressure regularly to ensure it remains within a healthy range while exercising.,3
patient_llama3.1:8b_P3_run1,llama3.1:8b,patient,P3,42,* Gradually increase the duration and intensity of workouts as you become more comfortable.,4
patient_llama3.1:8b_P3_run1,llama3.1:8b,patient,P3,43,"* Incorporate strength training exercises 2-3 times per week, focusing on major muscle groups (legs, hips, back, shoulders, arms, and core).",4
patient_llama3.1:8b_P3_run1,llama3.1:8b,patient,P3,44,* Aim for at least 150 minutes of moderate-intensity aerobic activity or 75 minutes of vigorous-intensity aerobic activity per week.,4
patient_llama3.1:8b_P3_run1,llama3.1:8b,patient,P3,45,"* Consult with your doctor to adjust the plan if you experience any discomfort, pain, or changes in blood pressure.",3
patient_llama3.1:8b_P3_run1,llama3.1:8b,patient,P3,47,This exercise plan should help improve your cardiovascular health while managing your blood pressure. Remember to listen to your body and make adjustments as needed. It's essential to prioritize your health and safety above all else.,3
patient_llama3.1:8b_P4_run1,llama3.1:8b,patient,P4,1,"I cannot provide a personalized exercise program without consulting with a healthcare professional. However, I can suggest some general guidelines for exercising with type 2 diabetes and obesity. Would you like to proceed with that?",3
patient_llama3.1:8b_P5_run1,llama3.1:8b,patient,P5,1,"Based on your profile and medical conditions, I've created a personalized weekly exercise program to help you reduce knee pain and improve joint mobility.",0
patient_llama3.1:8b_P5_run1,llama3.1:8b,patient,P5,3,**Monday**,0
patient_llama3.1:8b_P5_run1,llama3.1:8b,patient,P5,5,1. Brisk Walking | Intensity: Moderate | Duration: 30 minutes,1
patient_llama3.1:8b_P5_run1,llama3.1:8b,patient,P5,6,* Aim for a gentle pace with good posture to minimize strain on your knees.,4
patient_llama3.1:8b_P5_run1,llama3.1:8b,patient,P5,7,"2. Seated Leg Stretch | Intensity: Light | Duration: 3 sets, 15 seconds each leg",1
patient_llama3.1:8b_P5_run1,llama3.1:8b,patient,P5,8,"* Sit comfortably in a chair and lift one leg out to the side, keeping your knee straight. Hold, then slowly lower it back down.",4
patient_llama3.1:8b_P5_run1,llama3.1:8b,patient,P5,10,**Tuesday**,0
patient_llama3.1:8b_P5_run1,llama3.1:8b,patient,P5,12,1. Bodyweight Squats (Modified) | Intensity: Moderate | Duration: 3 sets of 10 reps,1
patient_llama3.1:8b_P5_run1,llama3.1:8b,patient,P5,13,"* Stand with feet shoulder-width apart and hold onto a stable object for support if needed. Lower yourself into a squat, keeping your back straight and knees behind your toes. Push through your heels to return to standing.",4
patient_llama3.1:8b_P5_run1,llama3.1:8b,patient,P5,14,2. Straight-Leg Raises (lying down) | Intensity: Light | Duration: 3 sets of 10 reps,1
patient_llama3.1:8b_P5_run1,llama3.1:8b,patient,P5,15,"* Lie on your back with legs straight, lift one leg about 6 inches off the ground, then slowly lower it back down.",4
patient_llama3.1:8b_P5_run1,llama3.1:8b,patient,P5,17,**Wednesday**,0
patient_llama3.1:8b_P5_run1,llama3.1:8b,patient,P5,19,1. Cycling (stationary bike or outdoor) | Intensity: Moderate | Duration: 30 minutes,1
patient_llama3.1:8b_P5_run1,llama3.1:8b,patient,P5,20,* Keep a comfortable pace and focus on maintaining good posture to reduce knee strain.,4
patient_llama3.1:8b_P5_run1,llama3.1:8b,patient,P5,21,2. Seated Leg Lifts (leg press machine) | Intensity: Light | Duration: 3 sets of 10 reps,1
patient_llama3.1:8b_P5_run1,llama3.1:8b,patient,P5,22,* Sit comfortably in the leg press machine with your feet shoulder-width apart on the platform.,4
patient_llama3.1:8b_P5_run1,llama3.1:8b,patient,P5,24,**Thursday**,0
patient_llama3.1:8b_P5_run1,llama3.1:8b,patient,P5,26,1. Gentle Swimming or Water Walking | Intensity: Moderate | Duration: 30 minutes,1
patient_llama3.1:8b_P5_run1,llama3.1:8b,patient,P5,27,"* If possible, join a swimming program or water walking group to minimize joint impact.",4
patient_llama3.1:8b_P5_run1,llama3.1:8b,patient,P5,28,2. Wall Push-Ups (Modified) | Intensity: Light | Duration: 3 sets of 10 reps,1
patient_llama3.1:8b_P5_run1,llama3.1:8b,patient,P5,29,"* Stand with your feet shoulder-width apart and place your hands on a wall at shoulder height. Slowly lower yourself toward the wall, keeping your elbows close to your body.",4
patient_llama3.1:8b_P5_run1,llama3.1:8b,patient,P5,31,**Friday**,0
patient_llama3.1:8b_P5_run1,llama3.1:8b,patient,P5,33,1. Yoga or Pilates (modified for knee health) | Intensity: Light-Moderate | Duration: 45 minutes,1
patient_llama3.1:8b_P5_run1,llama3.1:8b,patient,P5,34,* Focus on gentle movements that promote flexibility and balance without putting excessive stress on your knees.,4
patient_llama3.1:8b_P5_run1,llama3.1:8b,patient,P5,35,2. Straight-Leg Raises (seated) | Intensity: Light | Duration: 3 sets of 10 reps,1
patient_llama3.1:8b_P5_run1,llama3.1:8b,patient,P5,36,"* Sit comfortably in a chair with legs straight, lift one leg about 6 inches off the ground, then slowly lower it back down.",4
patient_llama3.1:8b_P5_run1,llama3.1:8b,patient,P5,38,**Saturday**,0
patient_llama3.1:8b_P5_run1,llama3.1:8b,patient,P5,40,1. Gentle Hiking or Walking | Intensity: Moderate | Duration: 60 minutes,1
patient_llama3.1:8b_P5_run1,llama3.1:8b,patient,P5,41,* Choose trails with minimal inclines and avoid uneven terrain to minimize knee strain.,4
patient_llama3.1:8b_P5_run1,llama3.1:8b,patient,P5,42,"2. Seated Leg Stretch | Intensity: Light | Duration: 3 sets, 15 seconds each leg",1
patient_llama3.1:8b_P5_run1,llama3.1:8b,patient,P5,44,**Sunday**,0
patient_llama3.1:8b_P5_run1,llama3.1:8b,patient,P5,46,"1. Rest day or active recovery (e.g., light yoga or stretching)",1
patient_llama3.1:8b_P5_run1,llama3.1:8b,patient,P5,47,2. Review your progress and adjust the program as needed.,1
patient_llama3.1:8b_P5_run1,llama3.1:8b,patient,P5,49,Additional notes and recommendations:,4
patient_llama3.1:8b_P5_run1,llama3.1:8b,patient,P5,51,* Start with shorter durations and gradually increase exercise time as you build endurance.,4
patient_llama3.1:8b_P5_run1,llama3.1:8b,patient,P5,52,* Listen to your body and rest when experiencing pain or discomfort.,4
patient_llama3.1:8b_P5_run1,llama3.1:8b,patient,P5,53,"* Wear comfortable, supportive shoes during exercises that involve weight-bearing activities (e.g., walking).",4
patient_llama3.1:8b_P5_run1,llama3.1:8b,patient,P5,54,* Consider consulting a physical therapist or fitness professional to tailor the program further based on your specific needs and abilities.,4
patient_llama3.1:8b_P5_run1,llama3.1:8b,patient,P5,55,"* Keep track of your progress, noting any changes in pain levels or joint mobility. Adjust the program as needed to maintain a safe and effective exercise routine.",4
patient_llama3.1:8b_P5_run1,llama3.1:8b,patient,P5,57,Please consult with your doctor before beginning this or any new exercise program.,4
patient_llama3.1:8b_P6_run1,llama3.1:8b,patient,P6,1,"I cannot provide a personalized exercise program without consulting with your doctor. However, I can offer some general advice and guidelines for safe exercise after a cardiac event. Would that help?",4
patient_llama3.1:8b_P7_run1,llama3.1:8b,patient,P7,1,"Based on your profile and goals, I've created a personalized weekly exercise program for you.",0
patient_llama3.1:8b_P7_run1,llama3.1:8b,patient,P7,3,**Monday**,0
patient_llama3.1:8b_P7_run1,llama3.1:8b,patient,P7,5,1. Brisk Walking | Intensity: Moderate | Duration: 30 minutes,1
patient_llama3.1:8b_P7_run1,llama3.1:8b,patient,P7,6,"2. Bodyweight Squats | Intensity: Light-Moderate | Duration: 3 sets of 12 reps, 60 seconds rest between sets",1
patient_llama3.1:8b_P7_run1,llama3.1:8b,patient,P7,7,"3. Push-ups | Intensity: Light-Moderate | Duration: 3 sets of 12 reps, 60 seconds rest between sets",1
patient_llama3.1:8b_P7_run1,llama3.1:8b,patient,P7,9,**Tuesday**,0
patient_llama3.1:8b_P7_run1,llama3.1:8b,patient,P7,11,1. Jogging or Running | Intensity: Vigorous | Duration: 20 minutes (start with a 5-minute warm-up and cool-down),1
patient_llama3.1:8b_P7_run1,llama3.1:8b,patient,P7,12,"2. Dumbbell Chest Press | Intensity: Light-Moderate | Duration: 3 sets of 12 reps, 60 seconds rest between sets",1
patient_llama3.1:8b_P7_run1,llama3.1:8b,patient,P7,13,"3. Russian Twists | Intensity: Moderate | Duration: 3 sets of 15 reps (each side), 60 seconds rest between sets",1
patient_llama3.1:8b_P7_run1,llama3.1:8b,patient,P7,15,**Wednesday**,0
patient_llama3.1:8b_P7_run1,llama3.1:8b,patient,P7,17,"1. Rest day or Active Recovery (e.g., light yoga, stretching)",1
patient_llama3.1:8b_P7_run1,llama3.1:8b,patient,P7,19,**Thursday**,0
patient_llama3.1:8b_P7_run1,llama3.1:8b,patient,P7,21,1. Swimming or Cycling | Intensity: Moderate-Vigorous | Duration: 30 minutes,1
patient_llama3.1:8b_P7_run1,llama3.1:8b,patient,P7,22,"2. Lunges | Intensity: Light-Moderate | Duration: 3 sets of 12 reps (per leg), 60 seconds rest between sets",1
patient_llama3.1:8b_P7_run1,llama3.1:8b,patient,P7,23,"3. Planks | Intensity: Moderate | Duration: Hold for 30-60 seconds, 3 sets",1
patient_llama3.1:8b_P7_run1,llama3.1:8b,patient,P7,25,**Friday**,0
patient_llama3.1:8b_P7_run1,llama3.1:8b,patient,P7,27,1. HIIT (High-Intensity Interval Training) workout:,1
patient_llama3.1:8b_P7_run1,llama3.1:8b,patient,P7,28,"* Sprint intervals (e.g., sprints, burpees, jump squats): 20 seconds of high-intensity exercise followed by 40 seconds of rest",1
patient_llama3.1:8b_P7_run1,llama3.1:8b,patient,P7,29,* Repeat for 15-20 minutes,1
patient_llama3.1:8b_P7_run1,llama3.1:8b,patient,P7,30,"2. Leg Raises | Intensity: Moderate | Duration: 3 sets of 12 reps, 60 seconds rest between sets",1
patient_llama3.1:8b_P7_run1,llama3.1:8b,patient,P7,32,**Saturday**,0
patient_llama3.1:8b_P7_run1,llama3.1:8b,patient,P7,34,"1. Outdoor Activity (e.g., hiking, team sports) | Intensity: Vigorous | Duration: 45-60 minutes",1
patient_llama3.1:8b_P7_run1,llama3.1:8b,patient,P7,35,2. Cool-down stretching and foam rolling to aid recovery,1
patient_llama3.1:8b_P7_run1,llama3.1:8b,patient,P7,37,**Sunday**,0
patient_llama3.1:8b_P7_run1,llama3.1:8b,patient,P7,39,"1. Rest day or Active Recovery (e.g., light yoga, stretching)",1
patient_llama3.1:8b_P7_run1,llama3.1:8b,patient,P7,41,Additional notes and recommendations:,4
patient_llama3.1:8b_P7_run1,llama3.1:8b,patient,P7,43,"* As you're already at a high activity level, we'll focus on progressive overload and variety in your workouts.",4
patient_llama3.1:8b_P7_run1,llama3.1:8b,patient,P7,44,* Make sure to warm up properly before each session with 5-10 minutes of light cardio and dynamic stretching.,1
patient_llama3.1:8b_P7_run1,llama3.1:8b,patient,P7,45,"* Monitor your progress by tracking your workouts, weight, and body fat percentage (if possible).",4
patient_llama3.1:8b_P7_run1,llama3.1:8b,patient,P7,46,"* Incorporate proper nutrition and hydration to support your training. Aim for a balanced diet with plenty of protein, complex carbohydrates, and healthy fats.",4
patient_llama3.1:8b_P7_run1,llama3.1:8b,patient,P7,47,"* As you get stronger and more comfortable, consider increasing the intensity or duration of your workouts.",1
patient_llama3.1:8b_P7_run1,llama3.1:8b,patient,P7,49,"Remember to listen to your body and adjust the plan as needed. If you experience any discomfort or pain, stop the exercise immediately and consult with a healthcare professional if necessary.",3
patient_llama3.1:8b_P8_run1,llama3.1:8b,patient,P8,1,"I cannot provide a personalized exercise program without consulting with a medical professional. However, I can suggest some general guidelines for creating a safe and effective exercise plan for someone with your profile. Would that help?",4
patient_qwen2.5:14b_P1_run1,qwen2.5:14b,patient,P1,1,"Given your profile and goals, here’s a personalized weekly exercise program designed to maintain fitness and improve athletic performance.",0
patient_qwen2.5:14b_P1_run1,qwen2.5:14b,patient,P1,3,**Weekly Exercise Plan**,0
patient_qwen2.5:14b_P1_run1,qwen2.5:14b,patient,P1,5,**Monday**,0
patient_qwen2.5:14b_P1_run1,qwen2.5:14b,patient,P1,6,1. Strength Training (Upper Body) | Intensity: Moderate | Duration: 45 minutes,1
patient_qwen2.5:14b_P1_run1,qwen2.5:14b,patient,P1,7,"- Focus on compound movements such as bench press, pull-ups, rows, shoulder presses.",4
patient_qwen2.5:14b_P1_run1,qwen2.5:14b,patient,P1,8,2. High-Intensity Interval Training (HIIT) Cardio | Intensity: Vigorous | Duration: 30 minutes,1
patient_qwen2.5:14b_P1_run1,qwen2.5:14b,patient,P1,9,- Sprints or cycling intervals.,1
patient_qwen2.5:14b_P1_run1,qwen2.5:14b,patient,P1,11,**Tuesday**,0
patient_qwen2.5:14b_P1_run1,qwen2.5:14b,patient,P1,12,1. Yoga | Intensity: Light | Duration: 60 minutes,1
patient_qwen2.5:14b_P1_run1,qwen2.5:14b,patient,P1,13,- Flexibility and balance work to aid recovery and prevent injury.,4
patient_qwen2.5:14b_P1_run1,qwen2.5:14b,patient,P1,14,2. Core Strength Training | Intensity: Moderate | Duration: 20 minutes,1
patient_qwen2.5:14b_P1_run1,qwen2.5:14b,patient,P1,15,"- Planks, Russian twists, mountain climbers.",1
patient_qwen2.5:14b_P1_run1,qwen2.5:14b,patient,P1,17,**Wednesday**,0
patient_qwen2.5:14b_P1_run1,qwen2.5:14b,patient,P1,18,"1. Rest or Active Recovery (e.g., light stretching or walking) | Intensity: Light | Duration: 30-45 minutes",1
patient_qwen2.5:14b_P1_run1,qwen2.5:14b,patient,P1,20,**Thursday**,0
patient_qwen2.5:14b_P1_run1,qwen2.5:14b,patient,P1,21,1. Strength Training (Lower Body) | Intensity: Moderate | Duration: 45 minutes,1
patient_qwen2.5:14b_P1_run1,qwen2.5:14b,patient,P1,22,"- Focus on squats, deadlifts, lunges, calf raises.",4
patient_qwen2.5:14b_P1_run1,qwen2.5:14b,patient,P1,23,2. Tabata or Sprint Interval Training (SIT) Cardio | Intensity: Vigorous | Duration: 30 minutes,1
patient_qwen2.5:14b_P1_run1,qwen2.5:14b,patient,P1,25,**Friday**,0
patient_qwen2.5:14b_P1_run1,qwen2.5:14b,patient,P1,26,1. Plyometric Training | Intensity: Moderate to High | Duration: 45 minutes,1
patient_qwen2.5:14b_P1_run1,qwen2.5:14b,patient,P1,27,"- Box jumps, burpees, jump squats for explosive power and agility.",4
patient_qwen2.5:14b_P1_run1,qwen2.5:14b,patient,P1,28,2. Circuit Training | Intensity: Moderate | Duration: 30 minutes,1
patient_qwen2.5:14b_P1_run1,qwen2.5:14b,patient,P1,29,- A mix of bodyweight exercises targeting all major muscle groups.,4
patient_qwen2.5:14b_P1_run1,qwen2.5:14b,patient,P1,31,**Saturday**,0
patient_qwen2.5:14b_P1_run1,qwen2.5:14b,patient,P1,32,"1. Long-distance Cardio (e.g., running, cycling) | Intensity: Moderate to High | Duration: 60-90 minutes",1
patient_qwen2.5:14b_P1_run1,qwen2.5:14b,patient,P1,33,- Endurance work for aerobic capacity and stamina.,4
patient_qwen2.5:14b_P1_run1,qwen2.5:14b,patient,P1,34,"2. Active Recovery Activity (e.g., swimming or light hiking) | Intensity: Light to Moderate | Duration: 45-60 minutes",1
patient_qwen2.5:14b_P1_run1,qwen2.5:14b,patient,P1,36,**Sunday**,0
patient_qwen2.5:14b_P1_run1,qwen2.5:14b,patient,P1,37,"1. Rest day or active recovery (light stretching, walking, yoga) | Intensity: Light | Duration: 30-45 minutes",1
patient_qwen2.5:14b_P1_run1,qwen2.5:14b,patient,P1,38,- Focus on mental and physical restoration.,4
patient_qwen2.5:14b_P1_run1,qwen2.5:14b,patient,P1,40,**Additional Notes & Recommendations**,0
patient_qwen2.5:14b_P1_run1,qwen2.5:14b,patient,P1,42,"- **Hydration:** Make sure to drink plenty of water before, during, and after exercise.",4
patient_qwen2.5:14b_P1_run1,qwen2.5:14b,patient,P1,43,"- **Nutrition:** Maintain a balanced diet rich in protein, complex carbohydrates, healthy fats, fruits, and vegetables to support your training regimen.",4
patient_qwen2.5:14b_P1_run1,qwen2.5:14b,patient,P1,44,- **Rest and Recovery:** Ensure adequate sleep (7-9 hours per night) for optimal recovery. Use active recovery techniques on rest days to aid muscle repair and prevent injury.,2
patient_qwen2.5:14b_P1_run1,qwen2.5:14b,patient,P1,45,- **Flexibility Training:** Incorporate regular stretching or yoga sessions to improve flexibility and reduce the risk of injury.,4
patient_qwen2.5:14b_P1_run1,qwen2.5:14b,patient,P1,46,- **Variety in Exercises:** Mix up your workouts every few weeks to challenge different muscles and avoid plateaus.,4
patient_qwen2.5:14b_P1_run1,qwen2.5:14b,patient,P1,48,"This plan is tailored to help you maintain fitness while enhancing athletic performance. Always listen to your body, and adjust exercise intensity as needed based on how you feel each day.",0
patient_qwen2.5:14b_P2_run1,qwen2.5:14b,patient,P2,1,"Given your profile and goals, here's a personalized exercise program designed to help you start a regular routine with low risk of injury while gradually improving cardiovascular health and strength.",0
patient_qwen2.5:14b_P2_run1,qwen2.5:14b,patient,P2,3,**Weekly Exercise Plan**,0
patient_qwen2.5:14b_P2_run1,qwen2.5:14b,patient,P2,5,**Monday: Cardio & Core**,0
patient_qwen2.5:14b_P2_run1,qwen2.5:14b,patient,P2,6,1. Brisk Walking | Intensity: Moderate | Duration: 30 minutes,1
patient_qwen2.5:14b_P2_run1,qwen2.5:14b,patient,P2,7,2. Body Weight Squats (with support if needed) | Intensity: Light | Sets/Reps: 3 sets of 8-10 reps,1
patient_qwen2.5:14b_P2_run1,qwen2.5:14b,patient,P2,8,"3. Plank | Intensity: Light | Duration: Hold for 30 seconds, rest for 30 seconds, repeat 3 times",1
patient_qwen2.5:14b_P2_run1,qwen2.5:14b,patient,P2,10,**Tuesday: Strength & Flexibility**,0
patient_qwen2.5:14b_P2_run1,qwen2.5:14b,patient,P2,11,1. Cycling on a stationary bike | Intensity: Moderate | Duration: 20 minutes,1
patient_qwen2.5:14b_P2_run1,qwen2.5:14b,patient,P2,12,2. Body Weight Dips (use a bench or chair) | Intensity: Light | Sets/Reps: 3 sets of 5-7 reps,1
patient_qwen2.5:14b_P2_run1,qwen2.5:14b,patient,P2,13,"3. Hamstring Stretch | Intensity: Gentle | Duration: Hold for 15 seconds, repeat on each side",1
patient_qwen2.5:14b_P2_run1,qwen2.5:14b,patient,P2,15,**Wednesday: Rest Day**,2
patient_qwen2.5:14b_P2_run1,qwen2.5:14b,patient,P2,16,- Focus on stretching and gentle yoga to maintain flexibility.,4
patient_qwen2.5:14b_P2_run1,qwen2.5:14b,patient,P2,18,**Thursday: Cardio & Strength**,0
patient_qwen2.5:14b_P2_run1,qwen2.5:14b,patient,P2,19,1. Jogging (start slow if you're not used to it) | Intensity: Light-Moderate | Duration: 20 minutes,1
patient_qwen2.5:14b_P2_run1,qwen2.5:14b,patient,P2,20,2. Push-Ups (knees can be bent if necessary) | Intensity: Light | Sets/Reps: 3 sets of 5-7 reps,1
patient_qwen2.5:14b_P2_run1,qwen2.5:14b,patient,P2,21,"3. Shoulder Stretch | Intensity: Gentle | Duration: Hold for 15 seconds, repeat on each side",1
patient_qwen2.5:14b_P2_run1,qwen2.5:14b,patient,P2,23,**Friday: Strength & Balance**,0
patient_qwen2.5:14b_P2_run1,qwen2.5:14b,patient,P2,24,1. Swimming or Water Aerobics (if available) | Intensity: Moderate | Duration: 20 minutes,1
patient_qwen2.5:14b_P2_run1,qwen2.5:14b,patient,P2,25,2. Body Weight Lunges | Intensity: Light | Sets/Reps: 3 sets of 8-10 reps per leg,1
patient_qwen2.5:14b_P2_run1,qwen2.5:14b,patient,P2,26,"3. Single-Leg Standing (with support if needed) | Intensity: Gentle | Duration: Hold for 30 seconds, repeat on each side",1
patient_qwen2.5:14b_P2_run1,qwen2.5:14b,patient,P2,28,**Saturday: Active Recovery**,2
patient_qwen2.5:14b_P2_run1,qwen2.5:14b,patient,P2,29,1. Yoga or Pilates | Intensity: Light | Duration: 45 minutes,1
patient_qwen2.5:14b_P2_run1,qwen2.5:14b,patient,P2,30,2. Body Weight Rows using a resistance band | Intensity: Light | Sets/Reps: 3 sets of 8-10 reps,1
patient_qwen2.5:14b_P2_run1,qwen2.5:14b,patient,P2,32,**Sunday: Rest Day**,2
patient_qwen2.5:14b_P2_run1,qwen2.5:14b,patient,P2,33,"- Optional light walking, stretching, or gentle cycling.",1
patient_qwen2.5:14b_P2_run1,qwen2.5:14b,patient,P2,35,**Additional Notes and Recommendations:**,0
patient_qwen2.5:14b_P2_run1,qwen2.5:14b,patient,P2,37,- **Warm-Up/Cool Down:** Always start your exercise sessions with a warm-up (5 minutes of light activity) to prepare your body for the workout. End each session with a cool-down period that includes stretching.,4
patient_qwen2.5:14b_P2_run1,qwen2.5:14b,patient,P2,39,"- **Hydration & Nutrition:** Stay hydrated throughout the day, especially before, during, and after workouts. Maintain a balanced diet rich in fruits, vegetables, lean proteins, and whole grains.",4
patient_qwen2.5:14b_P2_run1,qwen2.5:14b,patient,P2,41,"- **Listen to Your Body:** If you experience any discomfort or pain during exercise, stop immediately and consult with your healthcare provider if necessary.",3
patient_qwen2.5:14b_P2_run1,qwen2.5:14b,patient,P2,43,"- **Gradual Progression:** As you become more comfortable with these exercises, gradually increase the intensity and duration. For instance, add 5 minutes of walking each week until you reach a goal that feels challenging but manageable.",4
patient_qwen2.5:14b_P2_run1,qwen2.5:14b,patient,P2,45,"- **Incorporate Variety:** To keep things interesting and to ensure full-body fitness, consider adding different types of activities such as dancing, hiking, or team sports as you progress in your routine.",4
patient_qwen2.5:14b_P2_run1,qwen2.5:14b,patient,P2,47,"This plan is designed for beginners and emphasizes cardiovascular health alongside strength training. As you become more comfortable with these exercises, gradually increase the intensity and duration while continuing to monitor how your body feels.",0
patient_qwen2.5:14b_P3_run1,qwen2.5:14b,patient,P3,1,"Given your profile and health status, it's important to create a balanced exercise program that focuses on improving cardiovascular fitness while also being mindful of your controlled hypertension. Here is a personalized weekly exercise plan tailored for you:",0
patient_qwen2.5:14b_P3_run1,qwen2.5:14b,patient,P3,3,**Monday:**,0
patient_qwen2.5:14b_P3_run1,qwen2.5:14b,patient,P3,4,1. Brisk Walking | Intensity: Moderate | Duration: 30 minutes,1
patient_qwen2.5:14b_P3_run1,qwen2.5:14b,patient,P3,5,"2. Upper Body Stretching & Mobility Exercises (e.g., shoulder rolls, arm circles) | Intensity: Light | Duration: 5-10 minutes",1
patient_qwen2.5:14b_P3_run1,qwen2.5:14b,patient,P3,7,**Tuesday:**,0
patient_qwen2.5:14b_P3_run1,qwen2.5:14b,patient,P3,8,1. Cycling (Stationary or Outdoor) | Intensity: Moderate | Duration: 30 minutes,1
patient_qwen2.5:14b_P3_run1,qwen2.5:14b,patient,P3,9,"2. Core Strengthening Exercises (e.g., pelvic tilts, partial sit-ups) | Intensity: Light to Moderate | Duration: 15 minutes",1
patient_qwen2.5:14b_P3_run1,qwen2.5:14b,patient,P3,11,**Wednesday:**,0
patient_qwen2.5:14b_P3_run1,qwen2.5:14b,patient,P3,12,Rest Day (Optional light activity such as stretching or a short walk),2
patient_qwen2.5:14b_P3_run1,qwen2.5:14b,patient,P3,14,**Thursday:**,0
patient_qwen2.5:14b_P3_run1,qwen2.5:14b,patient,P3,15,1. Brisk Walking or Jogging (if comfortable and gradually increasing intensity over time) | Intensity: Moderate | Duration: 30 minutes,1
patient_qwen2.5:14b_P3_run1,qwen2.5:14b,patient,P3,16,"2. Lower Body Stretching & Mobility Exercises (e.g., hamstring stretches, hip flexor stretches) | Intensity: Light | Duration: 5-10 minutes",1
patient_qwen2.5:14b_P3_run1,qwen2.5:14b,patient,P3,18,**Friday:**,0
patient_qwen2.5:14b_P3_run1,qwen2.5:14b,patient,P3,19,1. Swimming or Water Aerobics | Intensity: Moderate to Vigorous | Duration: 30 minutes,1
patient_qwen2.5:14b_P3_run1,qwen2.5:14b,patient,P3,20,"2. Upper and Lower Body Strength Training using light weights (e.g., bicep curls, leg lifts) | Intensity: Light to Moderate | Duration: 15-20 minutes",1
patient_qwen2.5:14b_P3_run1,qwen2.5:14b,patient,P3,22,**Saturday:**,0
patient_qwen2.5:14b_P3_run1,qwen2.5:14b,patient,P3,23,1. Yoga or Pilates Class focusing on flexibility and relaxation techniques | Intensity: Moderate | Duration: 30-45 minutes,1
patient_qwen2.5:14b_P3_run1,qwen2.5:14b,patient,P3,24,2. Cool Down with Deep Breathing Exercises | Intensity: Very Light | Duration: 5-10 minutes,1
patient_qwen2.5:14b_P3_run1,qwen2.5:14b,patient,P3,26,**Sunday:**,0
patient_qwen2.5:14b_P3_run1,qwen2.5:14b,patient,P3,27,Rest Day (Optional light activity such as stretching or a short walk),2
patient_qwen2.5:14b_P3_run1,qwen2.5:14b,patient,P3,29,### Additional Notes and Recommendations:,0
patient_qwen2.5:14b_P3_run1,qwen2.5:14b,patient,P3,30,"- Always start your workouts with a proper warm-up to prepare your body for exercise, and cool down afterward to help prevent injury.",4
patient_qwen2.5:14b_P3_run1,qwen2.5:14b,patient,P3,31,"- Monitor your blood pressure regularly before and after exercising. If you experience dizziness, lightheadedness, or extreme fatigue during exercise, stop immediately and consult your healthcare provider.",3
patient_qwen2.5:14b_P3_run1,qwen2.5:14b,patient,P3,32,"- Stay hydrated throughout the day, especially on workout days.",4
patient_qwen2.5:14b_P3_run1,qwen2.5:14b,patient,P3,33,- Consider wearing a heart rate monitor to ensure that you are maintaining an appropriate intensity level for cardiovascular health while managing blood pressure.,3
patient_qwen2.5:14b_P3_run1,qwen2.5:14b,patient,P3,34,- Incorporate flexibility exercises into your routine daily to improve mobility and reduce stiffness.,4
patient_qwen2.5:14b_P3_run1,qwen2.5:14b,patient,P3,35,- Gradually increase the duration and intensity of workouts over time as recommended by your healthcare provider based on your progress and comfort levels.,3
patient_qwen2.5:14b_P3_run1,qwen2.5:14b,patient,P3,37,"It's highly advisable to consult with a medical professional or a certified fitness trainer who can provide personalized guidance, monitor your health status closely, and adjust this plan according to your evolving needs.",4
patient_qwen2.5:14b_P4_run1,qwen2.5:14b,patient,P4,1,"Given your profile and goals, it's important to start with low-intensity exercises that you can gradually build up as your fitness improves. Since you have type 2 diabetes and are currently on medication, it’s crucial to consult with a healthcare provider before beginning an exercise program, especially one that includes aerobic activity or strength training.",0
patient_qwen2.5:14b_P4_run1,qwen2.5:14b,patient,P4,3,Here is a personalized weekly exercise plan for you:,0
patient_qwen2.5:14b_P4_run1,qwen2.5:14b,patient,P4,5,**Monday**,0
patient_qwen2.5:14b_P4_run1,qwen2.5:14b,patient,P4,6,1. Walking | Intensity: Moderate | Duration: 30 minutes,1
patient_qwen2.5:14b_P4_run1,qwen2.5:14b,patient,P4,7,- Start slow and gradually increase your pace as you feel comfortable.,4
patient_qwen2.5:14b_P4_run1,qwen2.5:14b,patient,P4,8,2. Stretching and Flexibility Exercises | Intensity: Light | Duration: 5-10 minutes,1
patient_qwen2.5:14b_P4_run1,qwen2.5:14b,patient,P4,9,- Focus on all major muscle groups.,4
patient_qwen2.5:14b_P4_run1,qwen2.5:14b,patient,P4,11,**Tuesday**,0
patient_qwen2.5:14b_P4_run1,qwen2.5:14b,patient,P4,12,1. Swimming or Aquatic Exercise | Intensity: Moderate | Duration: 30 minutes,1
patient_qwen2.5:14b_P4_run1,qwen2.5:14b,patient,P4,13,"- Water provides resistance, making it an excellent low-impact option.",4
patient_qwen2.5:14b_P4_run1,qwen2.5:14b,patient,P4,14,2. Strength Training with Light Weights | Intensity: Light to Moderate | Duration: 15 minutes,1
patient_qwen2.5:14b_P4_run1,qwen2.5:14b,patient,P4,15,- Focus on major muscle groups.,4
patient_qwen2.5:14b_P4_run1,qwen2.5:14b,patient,P4,17,**Wednesday**,0
patient_qwen2.5:14b_P4_run1,qwen2.5:14b,patient,P4,18,"Rest Day or Gentle Activity (e.g., short walk)",2
patient_qwen2.5:14b_P4_run1,qwen2.5:14b,patient,P4,20,**Thursday**,0
patient_qwen2.5:14b_P4_run1,qwen2.5:14b,patient,P4,21,1. Cycling (Stationary Bike) | Intensity: Moderate | Duration: 30 minutes,1
patient_qwen2.5:14b_P4_run1,qwen2.5:14b,patient,P4,22,2. Stretching and Flexibility Exercises | Intensity: Light | Duration: 5-10 minutes,1
patient_qwen2.5:14b_P4_run1,qwen2.5:14b,patient,P4,24,**Friday**,0
patient_qwen2.5:14b_P4_run1,qwen2.5:14b,patient,P4,25,1. Walking | Intensity: Moderate | Duration: 30 minutes,1
patient_qwen2.5:14b_P4_run1,qwen2.5:14b,patient,P4,26,- Consider adding hills or steps for added challenge.,4
patient_qwen2.5:14b_P4_run1,qwen2.5:14b,patient,P4,27,2. Strength Training with Resistance Bands | Intensity: Light to Moderate | Duration: 15 minutes,1
patient_qwen2.5:14b_P4_run1,qwen2.5:14b,patient,P4,28,- Focus on upper body and core.,4
patient_qwen2.5:14b_P4_run1,qwen2.5:14b,patient,P4,30,**Saturday**,0
patient_qwen2.5:14b_P4_run1,qwen2.5:14b,patient,P4,31,"Rest Day or Gentle Activity (e.g., short walk)",2
patient_qwen2.5:14b_P4_run1,qwen2.5:14b,patient,P4,33,**Sunday**,0
patient_qwen2.5:14b_P4_run1,qwen2.5:14b,patient,P4,34,1. Yoga or Tai Chi | Intensity: Light to Moderate | Duration: 30-60 minutes,1
patient_qwen2.5:14b_P4_run1,qwen2.5:14b,patient,P4,35,2. Stretching and Flexibility Exercises | Intensity: Light | Duration: 5-10 minutes,1
patient_qwen2.5:14b_P4_run1,qwen2.5:14b,patient,P4,37,### Additional Notes and Recommendations:,0
patient_qwen2.5:14b_P4_run1,qwen2.5:14b,patient,P4,38,"- **Consult Healthcare Provider:** Ensure you consult with your healthcare provider before starting this exercise plan, especially considering your medical conditions.",3
patient_qwen2.5:14b_P4_run1,qwen2.5:14b,patient,P4,39,- **Monitor Blood Sugar Levels:** Keep an eye on blood sugar levels during physical activity. Adjust your schedule if you experience any adverse effects like hypoglycemia or hyperglycemia.,3
patient_qwen2.5:14b_P4_run1,qwen2.5:14b,patient,P4,40,- **Hydration and Nutrition:** Stay hydrated throughout the day and maintain a balanced diet to support your exercise routine and overall health.,4
patient_qwen2.5:14b_P4_run1,qwen2.5:14b,patient,P4,41,"- **Progress Gradually:** Start with shorter durations and lower intensities, gradually increasing as your fitness improves. Listen to your body and adjust activities accordingly.",4
patient_qwen2.5:14b_P4_run1,qwen2.5:14b,patient,P4,43,"This plan aims at improving cardiovascular health, managing blood sugar levels, and supporting weight loss through consistent physical activity while ensuring safety given your medical conditions.",0
patient_qwen2.5:14b_P5_run1,qwen2.5:14b,patient,P5,1,"Given your profile and goals, it's important to focus on low-impact exercises that can help reduce knee pain while improving joint mobility without exacerbating existing conditions like osteoarthritis. Here’s a personalized exercise program for you:",0
patient_qwen2.5:14b_P5_run1,qwen2.5:14b,patient,P5,3,**[Monday]**,0
patient_qwen2.5:14b_P5_run1,qwen2.5:14b,patient,P5,4,1. Warm-Up | Intensity: Light | Duration: 5 minutes,1
patient_qwen2.5:14b_P5_run1,qwen2.5:14b,patient,P5,5,- Start with walking or gentle cycling to increase blood flow and prepare the joints.,4
patient_qwen2.5:14b_P5_run1,qwen2.5:14b,patient,P5,6,2. Leg Stretches | Intensity: Light | Duration: 10 minutes,1
patient_qwen2.5:14b_P5_run1,qwen2.5:14b,patient,P5,7,"- Focus on quadriceps, hamstrings, calves, and hip flexors to improve flexibility without over-stretching.",4
patient_qwen2.5:14b_P5_run1,qwen2.5:14b,patient,P5,8,3. Static Quadruped Position (Cat/Cow) | Intensity: Light | Duration: 2 sets of 15 seconds each,1
patient_qwen2.5:14b_P5_run1,qwen2.5:14b,patient,P5,9,4. Seated Leg Extensions with Theraband Resistance | Intensity: Moderate | Duration: 3 sets of 10-12 reps,1
patient_qwen2.5:14b_P5_run1,qwen2.5:14b,patient,P5,10,- Ensure proper form to avoid knee strain.,4
patient_qwen2.5:14b_P5_run1,qwen2.5:14b,patient,P5,11,5. Cool Down | Intensity: Light | Duration: 5 minutes,1
patient_qwen2.5:14b_P5_run1,qwen2.5:14b,patient,P5,12,- Gentle stretching focusing on the legs and core.,4
patient_qwen2.5:14b_P5_run1,qwen2.5:14b,patient,P5,14,**[Tuesday]**,0
patient_qwen2.5:14b_P5_run1,qwen2.5:14b,patient,P5,15,1. Warm-Up | Intensity: Light | Duration: 5 minutes,1
patient_qwen2.5:14b_P5_run1,qwen2.5:14b,patient,P5,16,- Similar to Monday’s warm-up.,4
patient_qwen2.5:14b_P5_run1,qwen2.5:14b,patient,P5,17,2. Seated Leg Press Machine (Low Resistance) | Intensity: Moderate | Duration: 3 sets of 10-12 reps,1
patient_qwen2.5:14b_P5_run1,qwen2.5:14b,patient,P5,18,"- Focus on leg extension movements, ensuring knees are not overextended.",4
patient_qwen2.5:14b_P5_run1,qwen2.5:14b,patient,P5,19,3. Water Aerobics or Pool Walking | Intensity: Light to Moderate | Duration: 30 minutes,1
patient_qwen2.5:14b_P5_run1,qwen2.5:14b,patient,P5,20,- The buoyancy of water helps reduce stress on knee joints while still providing resistance for strengthening.,4
patient_qwen2.5:14b_P5_run1,qwen2.5:14b,patient,P5,21,4. Seated Leg Curl Machine (Low Resistance) | Intensity: Moderate | Duration: 3 sets of 10-12 reps,1
patient_qwen2.5:14b_P5_run1,qwen2.5:14b,patient,P5,22,5. Cool Down | Intensity: Light | Duration: 5 minutes,1
patient_qwen2.5:14b_P5_run1,qwen2.5:14b,patient,P5,24,**[Wednesday]**,0
patient_qwen2.5:14b_P5_run1,qwen2.5:14b,patient,P5,25,1. Rest Day or Light Walking | Intensity: Very Light to Light | Duration: 30 minutes (optional),1
patient_qwen2.5:14b_P5_run1,qwen2.5:14b,patient,P5,27,**[Thursday]**,0
patient_qwen2.5:14b_P5_run1,qwen2.5:14b,patient,P5,28,1. Warm-Up | Intensity: Light | Duration: 5 minutes,1
patient_qwen2.5:14b_P5_run1,qwen2.5:14b,patient,P5,29,2. Seated Leg Extensions with Theraband Resistance | Intensity: Moderate | Duration: 3 sets of 10-12 reps,1
patient_qwen2.5:14b_P5_run1,qwen2.5:14b,patient,P5,30,"- As on Monday, focus on proper form.",4
patient_qwen2.5:14b_P5_run1,qwen2.5:14b,patient,P5,31,3. Stationary Bike (Low to Medium Resistance) | Intensity: Light to Moderate | Duration: 30 minutes,1
patient_qwen2.5:14b_P5_run1,qwen2.5:14b,patient,P5,32,4. Seated Calf Raises with Theraband Resistance | Intensity: Moderate | Duration: 3 sets of 15 reps,1
patient_qwen2.5:14b_P5_run1,qwen2.5:14b,patient,P5,33,- This helps strengthen the muscles that support knee stability.,4
patient_qwen2.5:14b_P5_run1,qwen2.5:14b,patient,P5,34,5. Cool Down | Intensity: Light | Duration: 5 minutes,1
patient_qwen2.5:14b_P5_run1,qwen2.5:14b,patient,P5,36,**[Friday]**,0
patient_qwen2.5:14b_P5_run1,qwen2.5:14b,patient,P5,37,1. Warm-Up | Intensity: Light | Duration: 5 minutes,1
patient_qwen2.5:14b_P5_run1,qwen2.5:14b,patient,P5,38,2. Seated Leg Press Machine (Low Resistance) | Intensity: Moderate | Duration: 3 sets of 10-12 reps,1
patient_qwen2.5:14b_P5_run1,qwen2.5:14b,patient,P5,39,"- As on Thursday, use low resistance to avoid joint strain.",4
patient_qwen2.5:14b_P5_run1,qwen2.5:14b,patient,P5,40,3. Water Aerobics or Pool Walking | Intensity: Light to Moderate | Duration: 30 minutes,1
patient_qwen2.5:14b_P5_run1,qwen2.5:14b,patient,P5,41,4. Seated Leg Curl Machine (Low Resistance) | Intensity: Moderate | Duration: 3 sets of 10-12 reps,1
patient_qwen2.5:14b_P5_run1,qwen2.5:14b,patient,P5,42,5. Cool Down | Intensity: Light | Duration: 5 minutes,1
patient_qwen2.5:14b_P5_run1,qwen2.5:14b,patient,P5,44,**[Saturday]**,0
patient_qwen2.5:14b_P5_run1,qwen2.5:14b,patient,P5,45,1. Rest Day or Gentle Stretching and Flexibility Exercises | Intensity: Very Light to Light | Duration: 30 minutes (optional),1
patient_qwen2.5:14b_P5_run1,qwen2.5:14b,patient,P5,47,**[Sunday]**,0
patient_qwen2.5:14b_P5_run1,qwen2.5:14b,patient,P5,48,1. Active Recovery Day | Intensity: Very Light | Duration: 20-30 minutes,1
patient_qwen2.5:14b_P5_run1,qwen2.5:14b,patient,P5,49,"- Engage in light activities like walking, gentle yoga, or swimming without any high-intensity exercises.",1
patient_qwen2.5:14b_P5_run1,qwen2.5:14b,patient,P5,51,### Additional Notes and Recommendations:,0
patient_qwen2.5:14b_P5_run1,qwen2.5:14b,patient,P5,52,"1. **Consult a Physical Therapist:** Before starting this program, it would be beneficial to consult with a physical therapist who can provide personalized guidance based on your knee condition.",4
patient_qwen2.5:14b_P5_run1,qwen2.5:14b,patient,P5,53,"2. **Pain Management:** If you experience pain during exercise, stop immediately and rest. Ice the affected area if necessary.",3
patient_qwen2.5:14b_P5_run1,qwen2.5:14b,patient,P5,54,"3. **Progression Gradually:** As your knees adapt, gradually increase resistance or duration of exercises under professional supervision to avoid overuse injuries.",4
patient_qwen2.5:14b_P5_run1,qwen2.5:14b,patient,P5,55,"4. **Nutrition and Hydration:** Maintain a balanced diet rich in anti-inflammatory foods such as fruits, vegetables, lean proteins, and healthy fats. Stay well hydrated to support joint health.",4
patient_qwen2.5:14b_P5_run1,qwen2.5:14b,patient,P5,57,Remember that this plan is tailored for your specific needs but should still be reviewed by healthcare professionals before implementation.,3
patient_qwen2.5:14b_P6_run1,qwen2.5:14b,patient,P6,1,"Given your medical history and current health status, it's crucial to start with a low-intensity exercise program that gradually increases over time under professional supervision. Your goal is to safely return to physical activity after experiencing a myocardial infarction (heart attack) two years ago.",0
patient_qwen2.5:14b_P6_run1,qwen2.5:14b,patient,P6,3,### Weekly Exercise Plan,0
patient_qwen2.5:14b_P6_run1,qwen2.5:14b,patient,P6,5,**[Monday]**,0
patient_qwen2.5:14b_P6_run1,qwen2.5:14b,patient,P6,6,1. **Light Walking | Intensity: Light | Duration: 5 minutes**,1
patient_qwen2.5:14b_P6_run1,qwen2.5:14b,patient,P6,7,2. **Seated Stretching Exercises for Upper Body | Intensity: Light | Duration: 5 minutes**,1
patient_qwen2.5:14b_P6_run1,qwen2.5:14b,patient,P6,9,**[Tuesday]**,0
patient_qwen2.5:14b_P6_run1,qwen2.5:14b,patient,P6,10,"1. **Upper Body Strengthening (Chair Dips, Seated Rows) | Intensity: Light | Duration: 5 minutes**",1
patient_qwen2.5:14b_P6_run1,qwen2.5:14b,patient,P6,11,2. **Breathing and Relaxation Techniques | Intensity: Very Light | Duration: 10 minutes**,1
patient_qwen2.5:14b_P6_run1,qwen2.5:14b,patient,P6,13,**[Wednesday]**,0
patient_qwen2.5:14b_P6_run1,qwen2.5:14b,patient,P6,14,Rest day or light walking for up to 5 minutes.,2
patient_qwen2.5:14b_P6_run1,qwen2.5:14b,patient,P6,16,**[Thursday]**,0
patient_qwen2.5:14b_P6_run1,qwen2.5:14b,patient,P6,17,1. **Light Walking | Intensity: Light | Duration: 10 minutes**,1
patient_qwen2.5:14b_P6_run1,qwen2.5:14b,patient,P6,18,"2. **Lower Body Strengthening (Leg Lifts, Seated Leg Extensions) | Intensity: Light | Duration: 5 minutes**",1
patient_qwen2.5:14b_P6_run1,qwen2.5:14b,patient,P6,20,**[Friday]**,0
patient_qwen2.5:14b_P6_run1,qwen2.5:14b,patient,P6,21,1. **Seated Stretching Exercises for Lower Body | Intensity: Light | Duration: 5 minutes**,1
patient_qwen2.5:14b_P6_run1,qwen2.5:14b,patient,P6,22,2. **Breathing and Relaxation Techniques | Intensity: Very Light | Duration: 10 minutes**,1
patient_qwen2.5:14b_P6_run1,qwen2.5:14b,patient,P6,24,**[Saturday]**,0
patient_qwen2.5:14b_P6_run1,qwen2.5:14b,patient,P6,25,Rest day or light walking for up to 5 minutes.,2
patient_qwen2.5:14b_P6_run1,qwen2.5:14b,patient,P6,27,**[Sunday]**,0
patient_qwen2.5:14b_P6_run1,qwen2.5:14b,patient,P6,28,1. **Light Walking | Intensity: Light | Duration: 10 minutes**,1
patient_qwen2.5:14b_P6_run1,qwen2.5:14b,patient,P6,29,"2. **Upper Body Strengthening (Chair Dips, Seated Rows) | Intensity: Light | Duration: 5 minutes**",1
patient_qwen2.5:14b_P6_run1,qwen2.5:14b,patient,P6,31,### Additional Notes and Recommendations,0
patient_qwen2.5:14b_P6_run1,qwen2.5:14b,patient,P6,32,- Always warm up before exercising with light walking or seated stretching.,4
patient_qwen2.5:14b_P6_run1,qwen2.5:14b,patient,P6,33,- Cool down after exercise with breathing exercises and relaxation techniques.,4
patient_qwen2.5:14b_P6_run1,qwen2.5:14b,patient,P6,34,- Consult your healthcare provider regularly to monitor progress and adjust the program as necessary.,3
patient_qwen2.5:14b_P6_run1,qwen2.5:14b,patient,P6,35,"- Stay hydrated throughout the day, especially during physical activity.",4
patient_qwen2.5:14b_P6_run1,qwen2.5:14b,patient,P6,36,"- Monitor heart rate and listen for signs of fatigue; if you experience any discomfort or symptoms of angina, stop immediately and seek medical advice.",3
patient_qwen2.5:14b_P6_run1,qwen2.5:14b,patient,P6,37,"- Gradually increase walking duration by 1-2 minutes each week, provided there are no adverse effects.",4
patient_qwen2.5:14b_P6_run1,qwen2.5:14b,patient,P6,38,"- Incorporate activities that improve balance and flexibility to reduce the risk of falls (e.g., tai chi under professional guidance).",4
patient_qwen2.5:14b_P6_run1,qwen2.5:14b,patient,P6,39,- Consider joining a cardiac rehabilitation program for personalized supervision and support.,4
patient_qwen2.5:14b_P6_run1,qwen2.5:14b,patient,P6,41,This plan is designed to help you safely return to physical activity while minimizing risks associated with your medical history. Always prioritize safety and seek professional advice before making any significant changes to your exercise routine.,0
patient_qwen2.5:14b_P7_run1,qwen2.5:14b,patient,P7,1,"Based on your profile and goals, here’s a personalized weekly exercise program designed to enhance both endurance and strength for recreational sports activities.",0
patient_qwen2.5:14b_P7_run1,qwen2.5:14b,patient,P7,3,**[Monday]**,0
patient_qwen2.5:14b_P7_run1,qwen2.5:14b,patient,P7,4,1. Warm-up (Light Jogging) | Intensity: Light | Duration: 5 minutes,1
patient_qwen2.5:14b_P7_run1,qwen2.5:14b,patient,P7,5,2. Squats | Intensity: Moderate | Duration: 3 sets of 8-12 reps,1
patient_qwen2.5:14b_P7_run1,qwen2.5:14b,patient,P7,6,3. Push-ups | Intensity: Moderate | Duration: 3 sets of 8-12 reps,1
patient_qwen2.5:14b_P7_run1,qwen2.5:14b,patient,P7,7,4. Cycling (Stationary Bike) | Intensity: Vigorous | Duration: 30 minutes,1
patient_qwen2.5:14b_P7_run1,qwen2.5:14b,patient,P7,8,"5. Core Workout (Planks, Russian Twists) | Intensity: Moderate | Duration: 10 minutes",1
patient_qwen2.5:14b_P7_run1,qwen2.5:14b,patient,P7,10,**[Tuesday]**,0
patient_qwen2.5:14b_P7_run1,qwen2.5:14b,patient,P7,11,1. Warm-up (Jump Rope) | Intensity: Light | Duration: 5 minutes,1
patient_qwen2.5:14b_P7_run1,qwen2.5:14b,patient,P7,12,2. Deadlifts | Intensity: Vigorous | Duration: 3 sets of 6-8 reps,1
patient_qwen2.5:14b_P7_run1,qwen2.5:14b,patient,P7,13,3. Bench Press or Push-ups (Advanced Level) | Intensity: Moderate to Vigorous | Duration: 3 sets of 10-12 reps,1
patient_qwen2.5:14b_P7_run1,qwen2.5:14b,patient,P7,14,4. Mountain Climbers | Intensity: Moderate to Vigorous | Duration: 5 minutes,1
patient_qwen2.5:14b_P7_run1,qwen2.5:14b,patient,P7,15,5. Cool-down Stretching,1
patient_qwen2.5:14b_P7_run1,qwen2.5:14b,patient,P7,17,**[Wednesday]**,0
patient_qwen2.5:14b_P7_run1,qwen2.5:14b,patient,P7,18,"Rest Day or Active Recovery (Light Walk, Yoga)",2
patient_qwen2.5:14b_P7_run1,qwen2.5:14b,patient,P7,20,**[Thursday]**,0
patient_qwen2.5:14b_P7_run1,qwen2.5:14b,patient,P7,21,1. Warm-up (Dynamic Stretching) | Intensity: Light | Duration: 5-10 minutes,1
patient_qwen2.5:14b_P7_run1,qwen2.5:14b,patient,P7,22,2. Lunges with Dumbbells | Intensity: Moderate to Vigorous | Duration: 3 sets of 8-12 reps per leg,1
patient_qwen2.5:14b_P7_run1,qwen2.5:14b,patient,P7,23,3. Pull-ups or Lat Pulldowns | Intensity: Moderate to Vigorous | Duration: 3 sets of 6-12 reps,1
patient_qwen2.5:14b_P7_run1,qwen2.5:14b,patient,P7,24,4. Cardio Interval Training (HIIT) | Intensity: Vigorous | Duration: 20 minutes,1
patient_qwen2.5:14b_P7_run1,qwen2.5:14b,patient,P7,25,5. Cool-down Stretching,1
patient_qwen2.5:14b_P7_run1,qwen2.5:14b,patient,P7,27,**[Friday]**,0
patient_qwen2.5:14b_P7_run1,qwen2.5:14b,patient,P7,28,1. Warm-up (Jogging or Cycling) | Intensity: Light | Duration: 5 minutes,1
patient_qwen2.5:14b_P7_run1,qwen2.5:14b,patient,P7,29,"2. Bodyweight Circuit (Squats, Push-ups, Dips, Lunges, Planks) | Intensity: Moderate to Vigorous | Duration: 3 rounds of each exercise for 40 seconds with 10-second breaks between exercises.",1
patient_qwen2.5:14b_P7_run1,qwen2.5:14b,patient,P7,30,3. Cycling or Running | Intensity: Moderate to Vigorous | Duration: 25 minutes,1
patient_qwen2.5:14b_P7_run1,qwen2.5:14b,patient,P7,31,4. Cool-down Stretching,1
patient_qwen2.5:14b_P7_run1,qwen2.5:14b,patient,P7,33,**[Saturday]**,0
patient_qwen2.5:14b_P7_run1,qwen2.5:14b,patient,P7,34,"Rest Day or Light Activity (Light Jogging, Walking)",2
patient_qwen2.5:14b_P7_run1,qwen2.5:14b,patient,P7,36,**[Sunday]**,0
patient_qwen2.5:14b_P7_run1,qwen2.5:14b,patient,P7,37,1. Warm-up (Dynamic Stretching) | Intensity: Light | Duration: 5-10 minutes,1
patient_qwen2.5:14b_P7_run1,qwen2.5:14b,patient,P7,38,2. Yoga for Flexibility and Strength | Intensity: Moderate | Duration: 45 minutes,1
patient_qwen2.5:14b_P7_run1,qwen2.5:14b,patient,P7,39,3. Outdoor Hike or Long Distance Cycling | Intensity: Vigorous | Duration: 60-90 minutes,1
patient_qwen2.5:14b_P7_run1,qwen2.5:14b,patient,P7,41,**Additional Notes and Recommendations**,0
patient_qwen2.5:14b_P7_run1,qwen2.5:14b,patient,P7,43,"- **Hydration:** Ensure you drink plenty of water before, during, and after exercise.",4
patient_qwen2.5:14b_P7_run1,qwen2.5:14b,patient,P7,44,- **Nutrition:** Focus on a balanced diet rich in proteins to support muscle growth and recovery. Include carbohydrates for energy and healthy fats for overall health.,4
patient_qwen2.5:14b_P7_run1,qwen2.5:14b,patient,P7,45,- **Recovery:** Pay attention to your body's signals and ensure adequate rest between intense training days. Consider using foam rollers or getting massages for muscle recovery.,4
patient_qwen2.5:14b_P7_run1,qwen2.5:14b,patient,P7,46,"- **Progressive Overload:** Gradually increase the intensity of your workouts as you get stronger, such as adding more weight or increasing reps and sets.",4
patient_qwen2.5:14b_P7_run1,qwen2.5:14b,patient,P7,47,"- **Variety:** To avoid plateaus and keep things interesting, incorporate different exercises and activities into your routine each week.",4
patient_qwen2.5:14b_P7_run1,qwen2.5:14b,patient,P7,49,"This plan is designed to be balanced yet challenging. If you feel any discomfort beyond normal muscle soreness, consult a medical professional. Enjoy your workouts!",0
patient_qwen2.5:14b_P8_run1,qwen2.5:14b,patient,P8,1,"Given your profile and health conditions, it's crucial to start with low-intensity exercises gradually and increase as you build up stamina and strength. Always consult with your healthcare provider before starting a new exercise program, especially considering your uncontrolled hypertension.",0
patient_qwen2.5:14b_P8_run1,qwen2.5:14b,patient,P8,3,**Weekly Exercise Plan**,0
patient_qwen2.5:14b_P8_run1,qwen2.5:14b,patient,P8,5,**Day 1: Gentle Start**,0
patient_qwen2.5:14b_P8_run1,qwen2.5:14b,patient,P8,6,1. Walking | Intensity: Light | Duration: 10 minutes,1
patient_qwen2.5:14b_P8_run1,qwen2.5:14b,patient,P8,7,2. Seated Stretching | Intensity: Very Light | Duration: 5 minutes,1
patient_qwen2.5:14b_P8_run1,qwen2.5:14b,patient,P8,9,**Day 2: Cardio Boost**,0
patient_qwen2.5:14b_P8_run1,qwen2.5:14b,patient,P8,10,1. Walking | Intensity: Light | Duration: 15 minutes,1
patient_qwen2.5:14b_P8_run1,qwen2.5:14b,patient,P8,11,2. Seated Marching | Intensity: Light | Duration: 5 minutes,1
patient_qwen2.5:14b_P8_run1,qwen2.5:14b,patient,P8,13,**Day 3: Rest Day**,2
patient_qwen2.5:14b_P8_run1,qwen2.5:14b,patient,P8,15,**Day 4: Muscle Toning**,0
patient_qwen2.5:14b_P8_run1,qwen2.5:14b,patient,P8,16,"1. Chair Exercises (Seated Leg Raises, Arm Circles) | Intensity: Very Light | Duration: 5-7 minutes",1
patient_qwen2.5:14b_P8_run1,qwen2.5:14b,patient,P8,17,2. Gentle Stretching | Intensity: Very Light | Duration: 5 minutes,1
patient_qwen2.5:14b_P8_run1,qwen2.5:14b,patient,P8,19,**Day 5: Cardio Challenge**,0
patient_qwen2.5:14b_P8_run1,qwen2.5:14b,patient,P8,20,1. Brisk Walking or Elliptical Machine | Intensity: Moderate | Duration: 10 minutes (start with 5 minutes and gradually increase),1
patient_qwen2.5:14b_P8_run1,qwen2.5:14b,patient,P8,21,2. Seated Marching | Intensity: Light | Duration: 5 minutes,1
patient_qwen2.5:14b_P8_run1,qwen2.5:14b,patient,P8,23,**Day 6: Flexibility Focus**,0
patient_qwen2.5:14b_P8_run1,qwen2.5:14b,patient,P8,24,1. Stretching Exercises | Intensity: Very Light | Duration: 10 minutes,1
patient_qwen2.5:14b_P8_run1,qwen2.5:14b,patient,P8,25,2. Gentle Yoga Poses | Intensity: Very Light | Duration: 10 minutes,1
patient_qwen2.5:14b_P8_run1,qwen2.5:14b,patient,P8,27,**Day 7: Active Recovery**,2
patient_qwen2.5:14b_P8_run1,qwen2.5:14b,patient,P8,28,1. Walking | Intensity: Light | Duration: 20 minutes,1
patient_qwen2.5:14b_P8_run1,qwen2.5:14b,patient,P8,29,2. Deep Breathing and Relaxation Exercises | Intensity: Very Light | Duration: 5-7 minutes,1
patient_qwen2.5:14b_P8_run1,qwen2.5:14b,patient,P8,31,### Additional Notes:,0
patient_qwen2.5:14b_P8_run1,qwen2.5:14b,patient,P8,32,"- **Warm-Up & Cool Down:** Always start your exercise with a short warm-up (light stretching or walking) to prepare your muscles for the activity, and finish with a cool-down period that includes stretching.",4
patient_qwen2.5:14b_P8_run1,qwen2.5:14b,patient,P8,33,"- **Hydration:** Drink plenty of water before, during, and after exercising. If you feel thirsty, drink more water.",4
patient_qwen2.5:14b_P8_run1,qwen2.5:14b,patient,P8,34,- **Monitoring Blood Pressure:** Keep track of your blood pressure regularly and consult with your doctor if there are significant changes or if you experience any symptoms such as dizziness or shortness of breath.,3
patient_qwen2.5:14b_P8_run1,qwen2.5:14b,patient,P8,35,"- **Gradual Progression:** As your fitness improves, gradually increase the duration and intensity of your exercises. Start each new phase only after you feel comfortable and capable at your current level.",4
patient_qwen2.5:14b_P8_run1,qwen2.5:14b,patient,P8,36,- **Diet Considerations:** Exercise should complement a balanced diet aimed at weight loss and better blood pressure control. Consult with a nutritionist for personalized dietary advice.,3
patient_qwen2.5:14b_P8_run1,qwen2.5:14b,patient,P8,38,"Always prioritize safety and listen to your body. If you experience any discomfort or pain, stop immediately and consult your healthcare provider.",3
professional_alibayram/medgemma:4b_P1_run1,alibayram/medgemma:4b,professional,P1,1,"Okay, here's a weekly exercise plan for your patient, keeping in mind his age, activity level, goal, and the absence of medical conditions or medications. This plan aims to maintain fitness and improve athletic performance.",0
professional_alibayram/medgemma:4b_P1_run1,alibayram/medgemma:4b,professional,P1,3,**Important Considerations Before Starting:**,0
professional_alibayram/medgemma:4b_P1_run1,alibayram/medgemma:4b,professional,P1,5,"*   **Warm-up:** Before each workout, perform a 5-10 minute warm-up, including dynamic stretching like arm circles, leg swings, torso twists, and walking in place.",4
professional_alibayram/medgemma:4b_P1_run1,alibayram/medgemma:4b,professional,P1,6,"*   **Cool-down:** After each workout, perform a 5-10 minute cool-down, including static stretching, holding each stretch for 30 seconds. Focus on stretching the muscles worked during the exercise session.",4
professional_alibayram/medgemma:4b_P1_run1,alibayram/medgemma:4b,professional,P1,7,"*   **Progression:** Gradually increase the duration, intensity, or frequency of the exercises as the patient gets fitter.",4
professional_alibayram/medgemma:4b_P1_run1,alibayram/medgemma:4b,professional,P1,8,*   **Listen to the Body:** Encourage the patient to pay attention to their body and rest when needed. Don't push through pain.,4
professional_alibayram/medgemma:4b_P1_run1,alibayram/medgemma:4b,professional,P1,9,"*   **Hydration:** Remind the patient to stay adequately hydrated throughout the day, especially before, during, and after exercise.",4
professional_alibayram/medgemma:4b_P1_run1,alibayram/medgemma:4b,professional,P1,10,*   **Nutrition:** Advise the patient to maintain a balanced and healthy diet to support their exercise goals.,4
professional_alibayram/medgemma:4b_P1_run1,alibayram/medgemma:4b,professional,P1,11,*   **Variety:** Encourage the patient to vary the exercises to prevent boredom and overuse injuries.,4
professional_alibayram/medgemma:4b_P1_run1,alibayram/medgemma:4b,professional,P1,12,"*   **Proper Form:** Emphasize the importance of using proper form during all exercises to avoid injuries. If necessary, consider a session with a qualified trainer to ensure correct technique.",4
professional_alibayram/medgemma:4b_P1_run1,alibayram/medgemma:4b,professional,P1,14,**Weekly Exercise Plan:**,0
professional_alibayram/medgemma:4b_P1_run1,alibayram/medgemma:4b,professional,P1,16,**Monday**,0
professional_alibayram/medgemma:4b_P1_run1,alibayram/medgemma:4b,professional,P1,17,1.  **Strength Training (Full Body)** | Intensity: Moderate | Duration: 45 minutes,1
professional_alibayram/medgemma:4b_P1_run1,alibayram/medgemma:4b,professional,P1,18,*   Squats: 3 sets of 8-12 repetitions,1
professional_alibayram/medgemma:4b_P1_run1,alibayram/medgemma:4b,professional,P1,19,*   Push-ups: 3 sets of as many repetitions as possible (AMRAP),1
professional_alibayram/medgemma:4b_P1_run1,alibayram/medgemma:4b,professional,P1,20,*   Dumbbell Rows: 3 sets of 8-12 repetitions per arm,1
professional_alibayram/medgemma:4b_P1_run1,alibayram/medgemma:4b,professional,P1,21,*   Overhead Press (Dumbbells or Barbell): 3 sets of 8-12 repetitions,1
professional_alibayram/medgemma:4b_P1_run1,alibayram/medgemma:4b,professional,P1,22,"*   Plank: 3 sets, hold for 30-60 seconds",1
professional_alibayram/medgemma:4b_P1_run1,alibayram/medgemma:4b,professional,P1,23,2.  **Cardio (Steady State)** | Intensity: Moderate | Duration: 30 minutes,1
professional_alibayram/medgemma:4b_P1_run1,alibayram/medgemma:4b,professional,P1,24,*   Brisk Walking or Jogging: Maintain a pace where he can hold a conversation comfortably.,4
professional_alibayram/medgemma:4b_P1_run1,alibayram/medgemma:4b,professional,P1,26,**Tuesday**,0
professional_alibayram/medgemma:4b_P1_run1,alibayram/medgemma:4b,professional,P1,27,1.  **Active Recovery/Mobility** | Intensity: Light | Duration: 30 minutes,1
professional_alibayram/medgemma:4b_P1_run1,alibayram/medgemma:4b,professional,P1,28,"*   Yoga or Pilates: Focus on flexibility, balance, and core strength.",4
professional_alibayram/medgemma:4b_P1_run1,alibayram/medgemma:4b,professional,P1,29,"*   Foam Rolling: Target major muscle groups (legs, back, shoulders).",4
professional_alibayram/medgemma:4b_P1_run1,alibayram/medgemma:4b,professional,P1,30,*   Light Stretching: Hold each stretch for 30 seconds.,1
professional_alibayram/medgemma:4b_P1_run1,alibayram/medgemma:4b,professional,P1,32,**Wednesday**,0
professional_alibayram/medgemma:4b_P1_run1,alibayram/medgemma:4b,professional,P1,33,1.  **Strength Training (Upper Body)** | Intensity: Moderate | Duration: 45 minutes,1
professional_alibayram/medgemma:4b_P1_run1,alibayram/medgemma:4b,professional,P1,34,*   Bench Press (Dumbbells or Barbell): 3 sets of 8-12 repetitions,1
professional_alibayram/medgemma:4b_P1_run1,alibayram/medgemma:4b,professional,P1,35,*   Pull-ups (or Lat Pulldowns): 3 sets of as many repetitions as possible (AMRAP),1
professional_alibayram/medgemma:4b_P1_run1,alibayram/medgemma:4b,professional,P1,36,*   Bicep Curls: 3 sets of 8-12 repetitions,1
professional_alibayram/medgemma:4b_P1_run1,alibayram/medgemma:4b,professional,P1,37,*   Triceps Extensions: 3 sets of 8-12 repetitions,1
professional_alibayram/medgemma:4b_P1_run1,alibayram/medgemma:4b,professional,P1,38,*   Shoulder Lateral Raises: 3 sets of 10-15 repetitions,1
professional_alibayram/medgemma:4b_P1_run1,alibayram/medgemma:4b,professional,P1,39,2.  **Cardio (Interval Training)** | Intensity: Moderate to Vigorous | Duration: 20 minutes,1
professional_alibayram/medgemma:4b_P1_run1,alibayram/medgemma:4b,professional,P1,40,"*   Running or Cycling: Alternate between high-intensity bursts (e.g., 30 seconds sprint) and low-intensity recovery periods (e.g., 60 seconds walk).",1
professional_alibayram/medgemma:4b_P1_run1,alibayram/medgemma:4b,professional,P1,42,**Thursday**,0
professional_alibayram/medgemma:4b_P1_run1,alibayram/medgemma:4b,professional,P1,43,1.  **Strength Training (Lower Body)** | Intensity: Moderate | Duration: 45 minutes,1
professional_alibayram/medgemma:4b_P1_run1,alibayram/medgemma:4b,professional,P1,44,"*   Deadlifts (Dumbbells or Barbell): 1 set of 5 repetitions, 1 set of 3 repetitions, 1 set of 1 repetition (increase weight each set).",1
professional_alibayram/medgemma:4b_P1_run1,alibayram/medgemma:4b,professional,P1,45,*   Lunges: 3 sets of 10-12 repetitions per leg,1
professional_alibayram/medgemma:4b_P1_run1,alibayram/medgemma:4b,professional,P1,46,*   Hamstring Curls: 3 sets of 10-15 repetitions,1
professional_alibayram/medgemma:4b_P1_run1,alibayram/medgemma:4b,professional,P1,47,*   Calf Raises: 3 sets of 15-20 repetitions,1
professional_alibayram/medgemma:4b_P1_run1,alibayram/medgemma:4b,professional,P1,48,*   Glute Bridges: 3 sets of 15-20 repetitions,1
professional_alibayram/medgemma:4b_P1_run1,alibayram/medgemma:4b,professional,P1,49,2.  **Cardio (Steady State)** | Intensity: Moderate | Duration: 30 minutes,1
professional_alibayram/medgemma:4b_P1_run1,alibayram/medgemma:4b,professional,P1,50,*   Swimming or Elliptical: Choose an activity he enjoys and can maintain a steady pace.,4
professional_alibayram/medgemma:4b_P1_run1,alibayram/medgemma:4b,professional,P1,52,**Friday**,0
professional_alibayram/medgemma:4b_P1_run1,alibayram/medgemma:4b,professional,P1,53,1.  **Strength Training (Full Body)** | Intensity: Moderate | Duration: 45 minutes,1
professional_alibayram/medgemma:4b_P1_run1,alibayram/medgemma:4b,professional,P1,54,*   Burpees: 3 sets of 10-15 repetitions,1
professional_alibayram/medgemma:4b_P1_run1,alibayram/medgemma:4b,professional,P1,55,*   Dumbbell Thrusters: 3 sets of 8-12 repetitions,1
professional_alibayram/medgemma:4b_P1_run1,alibayram/medgemma:4b,professional,P1,56,*   Renegade Rows: 3 sets of 8-12 repetitions per arm,1
professional_alibayram/medgemma:4b_P1_run1,alibayram/medgemma:4b,professional,P1,57,*   Russian Twists: 3 sets of 15-20 repetitions,1
professional_alibayram/medgemma:4b_P1_run1,alibayram/medgemma:4b,professional,P1,58,"*   Wall Sit: 3 sets, hold for 30-60 seconds",1
professional_alibayram/medgemma:4b_P1_run1,alibayram/medgemma:4b,professional,P1,59,2.  **Cardio (Long Duration)** | Intensity: Moderate | Duration: 45 minutes,1
professional_alibayram/medgemma:4b_P1_run1,alibayram/medgemma:4b,professional,P1,60,"*   Hiking or Cycling: Enjoy a longer, more leisurely activity.",4
professional_alibayram/medgemma:4b_P1_run1,alibayram/medgemma:4b,professional,P1,62,**Saturday**,0
professional_alibayram/medgemma:4b_P1_run1,alibayram/medgemma:4b,professional,P1,63,1.  **Rest or Active Recovery** | Intensity: Light | Duration: 30 minutes,1
professional_alibayram/medgemma:4b_P1_run1,alibayram/medgemma:4b,professional,P1,64,"*   Light walk, stretching, or foam rolling.",1
professional_alibayram/medgemma:4b_P1_run1,alibayram/medgemma:4b,professional,P1,66,**Sunday**,0
professional_alibayram/medgemma:4b_P1_run1,alibayram/medgemma:4b,professional,P1,67,1.  **Active Recovery/Flexibility** | Intensity: Light | Duration: 45 minutes,1
professional_alibayram/medgemma:4b_P1_run1,alibayram/medgemma:4b,professional,P1,68,"*   Yoga or Pilates: Focus on flexibility, balance, and core strength.",4
professional_alibayram/medgemma:4b_P1_run1,alibayram/medgemma:4b,professional,P1,69,*   Light Stretching: Hold each stretch for 30 seconds.,1
professional_alibayram/medgemma:4b_P1_run1,alibayram/medgemma:4b,professional,P1,70,"*   Foam Rolling: Target major muscle groups (legs, back, shoulders).",4
professional_alibayram/medgemma:4b_P1_run1,alibayram/medgemma:4b,professional,P1,72,**Additional Notes and Recommendations:**,0
professional_alibayram/medgemma:4b_P1_run1,alibayram/medgemma:4b,professional,P1,74,*   **Sleep:** Encourage adequate sleep (7-9 hours per night) for recovery and optimal performance.,4
professional_alibayram/medgemma:4b_P1_run1,alibayram/medgemma:4b,professional,P1,75,"*   **Stress Management:** Advise the patient to incorporate stress management techniques (e.g., meditation, deep breathing) into their routine.",4
professional_alibayram/medgemma:4b_P1_run1,alibayram/medgemma:4b,professional,P1,76,"*   **Progression:** As the patient progresses, gradually increase the intensity, duration, or frequency of the exercises. Consider adding more challenging exercises or increasing the weight lifted.",4
professional_alibayram/medgemma:4b_P1_run1,alibayram/medgemma:4b,professional,P1,77,*   **Enjoyment:** Encourage the patient to choose activities they enjoy to improve adherence to the exercise program.,4
professional_alibayram/medgemma:4b_P1_run1,alibayram/medgemma:4b,professional,P1,78,*   **Consultation:** Reiterate the importance of consulting with a healthcare professional before starting any new exercise program.,3
professional_alibayram/medgemma:4b_P1_run1,alibayram/medgemma:4b,professional,P1,79,"*   **Record Keeping:** Suggest keeping a log of exercises, sets, repetitions, and weight lifted to track progress and identify areas for improvement.",4
professional_alibayram/medgemma:4b_P1_run1,alibayram/medgemma:4b,professional,P1,80,"*   **Consider a Personal Trainer:** If the patient is serious about improving their athletic performance, consider working with a qualified personal trainer for guidance and personalized coaching.",4
professional_alibayram/medgemma:4b_P1_run1,alibayram/medgemma:4b,professional,P1,82,This plan is a starting point and should be adjusted based on the patient's individual needs and preferences. Regular monitoring and adjustments are crucial to ensure the patient stays motivated and achieves their fitness goals.,0
professional_alibayram/medgemma:4b_P2_run1,alibayram/medgemma:4b,professional,P2,1,"Okay, here's a sample weekly exercise program designed for a 35-year-old female with a sedentary lifestyle, aiming for general health improvement, based on the provided profile and PAR-Q+ results. This plan focuses on building a foundation of regular physical activity.",0
professional_alibayram/medgemma:4b_P2_run1,alibayram/medgemma:4b,professional,P2,3,**Important Considerations Before Starting:**,0
professional_alibayram/medgemma:4b_P2_run1,alibayram/medgemma:4b,professional,P2,5,"*   **Consultation:** Before starting any exercise program, it's crucial to have a more in-depth discussion with the patient, including a physical assessment to identify any limitations or potential risks.",4
professional_alibayram/medgemma:4b_P2_run1,alibayram/medgemma:4b,professional,P2,6,"*   **Warm-up:** Always begin each session with a 5-minute warm-up, such as light cardio (e.g., marching in place, arm circles) and dynamic stretching (e.g., leg swings, torso twists).",4
professional_alibayram/medgemma:4b_P2_run1,alibayram/medgemma:4b,professional,P2,7,"*   **Cool-down:** End each session with a 5-minute cool-down, including static stretching (holding stretches for 20-30 seconds).",4
professional_alibayram/medgemma:4b_P2_run1,alibayram/medgemma:4b,professional,P2,8,*   **Listen to Your Body:** Encourage the patient to pay attention to their body and stop if they experience any pain or discomfort.,4
professional_alibayram/medgemma:4b_P2_run1,alibayram/medgemma:4b,professional,P2,9,"*   **Progression:** This is a starting point. As the patient gets fitter, gradually increase the duration, intensity, or frequency of the exercises.",4
professional_alibayram/medgemma:4b_P2_run1,alibayram/medgemma:4b,professional,P2,10,"*   **Hydration:** Emphasize the importance of staying hydrated by drinking water before, during, and after exercise.",4
professional_alibayram/medgemma:4b_P2_run1,alibayram/medgemma:4b,professional,P2,11,"*   **Proper Form:** Proper form is crucial to prevent injuries. If the patient is unsure about proper form, consider recommending a session with a certified personal trainer or exercise professional.",4
professional_alibayram/medgemma:4b_P2_run1,alibayram/medgemma:4b,professional,P2,12,"*   **Enjoyment:** Encourage the patient to find activities they enjoy, as this will increase adherence to the program.",4
professional_alibayram/medgemma:4b_P2_run1,alibayram/medgemma:4b,professional,P2,14,**Weekly Exercise Plan:**,0
professional_alibayram/medgemma:4b_P2_run1,alibayram/medgemma:4b,professional,P2,16,**Monday**,0
professional_alibayram/medgemma:4b_P2_run1,alibayram/medgemma:4b,professional,P2,18,1.  **Brisk Walking** | Intensity: Light | Duration: 30 minutes,1
professional_alibayram/medgemma:4b_P2_run1,alibayram/medgemma:4b,professional,P2,19,2.  **Strength Training (Bodyweight)** | Intensity: Light | Duration: 20 minutes,1
professional_alibayram/medgemma:4b_P2_run1,alibayram/medgemma:4b,professional,P2,20,*   Squats: 3 sets of 10-12 repetitions,1
professional_alibayram/medgemma:4b_P2_run1,alibayram/medgemma:4b,professional,P2,21,*   Push-ups (on knees if needed): 3 sets of as many repetitions as possible (AMRAP),1
professional_alibayram/medgemma:4b_P2_run1,alibayram/medgemma:4b,professional,P2,22,*   Lunges: 3 sets of 10-12 repetitions per leg,1
professional_alibayram/medgemma:4b_P2_run1,alibayram/medgemma:4b,professional,P2,23,"*   Plank: 3 sets, hold for 30 seconds",1
professional_alibayram/medgemma:4b_P2_run1,alibayram/medgemma:4b,professional,P2,24,3.  **Stretching** | Intensity: Light | Duration: 10 minutes,1
professional_alibayram/medgemma:4b_P2_run1,alibayram/medgemma:4b,professional,P2,26,**Tuesday**,0
professional_alibayram/medgemma:4b_P2_run1,alibayram/medgemma:4b,professional,P2,28,1.  **Rest**,4
professional_alibayram/medgemma:4b_P2_run1,alibayram/medgemma:4b,professional,P2,30,**Wednesday**,0
professional_alibayram/medgemma:4b_P2_run1,alibayram/medgemma:4b,professional,P2,32,1.  **Brisk Walking** | Intensity: Light | Duration: 30 minutes,1
professional_alibayram/medgemma:4b_P2_run1,alibayram/medgemma:4b,professional,P2,33,2.  **Strength Training (Bodyweight)** | Intensity: Light | Duration: 20 minutes,1
professional_alibayram/medgemma:4b_P2_run1,alibayram/medgemma:4b,professional,P2,34,*   Squats: 3 sets of 10-12 repetitions,1
professional_alibayram/medgemma:4b_P2_run1,alibayram/medgemma:4b,professional,P2,35,*   Push-ups (on knees if needed): 3 sets of as many repetitions as possible (AMRAP),1
professional_alibayram/medgemma:4b_P2_run1,alibayram/medgemma:4b,professional,P2,36,*   Lunges: 3 sets of 10-12 repetitions per leg,1
professional_alibayram/medgemma:4b_P2_run1,alibayram/medgemma:4b,professional,P2,37,"*   Plank: 3 sets, hold for 30 seconds",1
professional_alibayram/medgemma:4b_P2_run1,alibayram/medgemma:4b,professional,P2,38,3.  **Stretching** | Intensity: Light | Duration: 10 minutes,1
professional_alibayram/medgemma:4b_P2_run1,alibayram/medgemma:4b,professional,P2,40,**Thursday**,0
professional_alibayram/medgemma:4b_P2_run1,alibayram/medgemma:4b,professional,P2,42,1.  **Rest**,4
professional_alibayram/medgemma:4b_P2_run1,alibayram/medgemma:4b,professional,P2,44,**Friday**,0
professional_alibayram/medgemma:4b_P2_run1,alibayram/medgemma:4b,professional,P2,46,1.  **Brisk Walking** | Intensity: Light | Duration: 30 minutes,1
professional_alibayram/medgemma:4b_P2_run1,alibayram/medgemma:4b,professional,P2,47,2.  **Strength Training (Bodyweight)** | Intensity: Light | Duration: 20 minutes,1
professional_alibayram/medgemma:4b_P2_run1,alibayram/medgemma:4b,professional,P2,48,*   Squats: 3 sets of 10-12 repetitions,1
professional_alibayram/medgemma:4b_P2_run1,alibayram/medgemma:4b,professional,P2,49,*   Push-ups (on knees if needed): 3 sets of as many repetitions as possible (AMRAP),1
professional_alibayram/medgemma:4b_P2_run1,alibayram/medgemma:4b,professional,P2,50,*   Lunges: 3 sets of 10-12 repetitions per leg,1
professional_alibayram/medgemma:4b_P2_run1,alibayram/medgemma:4b,professional,P2,51,"*   Plank: 3 sets, hold for 30 seconds",1
professional_alibayram/medgemma:4b_P2_run1,alibayram/medgemma:4b,professional,P2,52,3.  **Stretching** | Intensity: Light | Duration: 10 minutes,1
professional_alibayram/medgemma:4b_P2_run1,alibayram/medgemma:4b,professional,P2,54,**Saturday**,0
professional_alibayram/medgemma:4b_P2_run1,alibayram/medgemma:4b,professional,P2,56,1.  **Active Recovery** | Intensity: Light | Duration: 30 minutes,1
professional_alibayram/medgemma:4b_P2_run1,alibayram/medgemma:4b,professional,P2,57,*   Yoga or Pilates: Focus on gentle stretching and mindful movement.,4
professional_alibayram/medgemma:4b_P2_run1,alibayram/medgemma:4b,professional,P2,58,*   Light cycling or swimming: If the patient enjoys these activities.,1
professional_alibayram/medgemma:4b_P2_run1,alibayram/medgemma:4b,professional,P2,60,**Sunday**,0
professional_alibayram/medgemma:4b_P2_run1,alibayram/medgemma:4b,professional,P2,62,1.  **Rest**,4
professional_alibayram/medgemma:4b_P2_run1,alibayram/medgemma:4b,professional,P2,64,**Additional Notes and Recommendations:**,0
professional_alibayram/medgemma:4b_P2_run1,alibayram/medgemma:4b,professional,P2,66,*   **Consistency is Key:** Emphasize the importance of sticking to the exercise program as consistently as possible.,4
professional_alibayram/medgemma:4b_P2_run1,alibayram/medgemma:4b,professional,P2,67,"*   **Motivation:** Encourage the patient to find ways to stay motivated, such as exercising with a friend, joining a fitness class, or tracking their progress.",4
professional_alibayram/medgemma:4b_P2_run1,alibayram/medgemma:4b,professional,P2,68,*   **Nutrition:** Remind the patient that exercise is most effective when combined with a healthy diet.,4
professional_alibayram/medgemma:4b_P2_run1,alibayram/medgemma:4b,professional,P2,69,"*   **Progression:** After 4-6 weeks, reassess the patient's progress and adjust the program accordingly. Consider increasing the intensity, duration, or frequency of the exercises.",4
professional_alibayram/medgemma:4b_P2_run1,alibayram/medgemma:4b,professional,P2,70,*   **Variety:** Encourage the patient to try different types of activities to keep things interesting and prevent boredom.,4
professional_alibayram/medgemma:4b_P2_run1,alibayram/medgemma:4b,professional,P2,71,"*   **Listen to Your Body:** If the patient experiences any pain or discomfort, they should stop exercising and consult with a healthcare professional.",3
professional_alibayram/medgemma:4b_P2_run1,alibayram/medgemma:4b,professional,P2,72,"*   **Consider a Referral:** If the patient is interested in more advanced training, consider referring them to a certified personal trainer or exercise physiologist.",4
professional_alibayram/medgemma:4b_P2_run1,alibayram/medgemma:4b,professional,P2,73,"*   **Long-Term Goals:** Discuss long-term health goals with the patient, such as improving cardiovascular health, increasing strength, or managing weight.",4
professional_alibayram/medgemma:4b_P2_run1,alibayram/medgemma:4b,professional,P2,75,This plan provides a structured starting point. Remember to personalize it based on the patient's individual needs and preferences. Good luck!,0
professional_alibayram/medgemma:4b_P3_run1,alibayram/medgemma:4b,professional,P3,1,"Okay, here's a weekly exercise plan for a 55-year-old male patient with controlled hypertension, a BMI of 27.8, and a moderate activity level, aiming to improve cardiovascular health and manage blood pressure.",0
professional_alibayram/medgemma:4b_P3_run1,alibayram/medgemma:4b,professional,P3,3,**Important Considerations Before Starting:**,0
professional_alibayram/medgemma:4b_P3_run1,alibayram/medgemma:4b,professional,P3,5,"*   **Consultation:** This is a sample plan. *Before starting any new exercise program, the patient MUST consult with their doctor.* This is crucial, especially given his controlled hypertension and medication use. The doctor can assess his current fitness level, any limitations, and provide personalized recommendations.",3
professional_alibayram/medgemma:4b_P3_run1,alibayram/medgemma:4b,professional,P3,6,"*   **Warm-up and Cool-down:** Each exercise session should begin with a 5-minute warm-up (e.g., light cardio like marching in place, arm circles) and end with a 5-minute cool-down (e.g., stretching).",4
professional_alibayram/medgemma:4b_P3_run1,alibayram/medgemma:4b,professional,P3,7,"*   **Listen to Your Body:** The patient should pay attention to his body and stop if he experiences any pain, dizziness, or shortness of breath.",3
professional_alibayram/medgemma:4b_P3_run1,alibayram/medgemma:4b,professional,P3,8,"*   **Proper Form:** Emphasize the importance of using proper form during all exercises to prevent injuries. If possible, a session with a qualified personal trainer for a few sessions could be beneficial to learn correct form.",4
professional_alibayram/medgemma:4b_P3_run1,alibayram/medgemma:4b,professional,P3,9,"*   **Hydration:** The patient should drink plenty of water before, during, and after exercise.",4
professional_alibayram/medgemma:4b_P3_run1,alibayram/medgemma:4b,professional,P3,10,*   **Progression:** The plan should be gradually increased in intensity and duration as the patient gets fitter.,4
professional_alibayram/medgemma:4b_P3_run1,alibayram/medgemma:4b,professional,P3,11,*   **Medication Considerations:** The patient should continue taking his Lisinopril as prescribed by his doctor.,3
professional_alibayram/medgemma:4b_P3_run1,alibayram/medgemma:4b,professional,P3,12,"*   **Monitoring Blood Pressure:** The patient should monitor his blood pressure regularly, both at home and during exercise, to ensure it remains within the target range.",3
professional_alibayram/medgemma:4b_P3_run1,alibayram/medgemma:4b,professional,P3,14,**Weekly Exercise Plan:**,0
professional_alibayram/medgemma:4b_P3_run1,alibayram/medgemma:4b,professional,P3,16,**Monday**,0
professional_alibayram/medgemma:4b_P3_run1,alibayram/medgemma:4b,professional,P3,18,1.  **Brisk Walking** | Intensity: Moderate | Duration: 30 minutes,1
professional_alibayram/medgemma:4b_P3_run1,alibayram/medgemma:4b,professional,P3,19,2.  **Strength Training (Upper Body)** | Intensity: Light | Duration: 20 minutes,1
professional_alibayram/medgemma:4b_P3_run1,alibayram/medgemma:4b,professional,P3,20,*   Push-ups (against a wall if needed) - 3 sets of 8-12 repetitions,1
professional_alibayram/medgemma:4b_P3_run1,alibayram/medgemma:4b,professional,P3,21,*   Dumbbell rows (using light weights) - 3 sets of 8-12 repetitions per arm,1
professional_alibayram/medgemma:4b_P3_run1,alibayram/medgemma:4b,professional,P3,22,*   Overhead press (using light weights) - 3 sets of 8-12 repetitions,1
professional_alibayram/medgemma:4b_P3_run1,alibayram/medgemma:4b,professional,P3,23,*   Bicep curls (using light weights) - 3 sets of 8-12 repetitions,1
professional_alibayram/medgemma:4b_P3_run1,alibayram/medgemma:4b,professional,P3,24,*   Triceps extensions (using light weights) - 3 sets of 8-12 repetitions,1
professional_alibayram/medgemma:4b_P3_run1,alibayram/medgemma:4b,professional,P3,25,3.  **Cool-down Stretching** | Intensity: Light | Duration: 5 minutes,1
professional_alibayram/medgemma:4b_P3_run1,alibayram/medgemma:4b,professional,P3,27,**Tuesday**,0
professional_alibayram/medgemma:4b_P3_run1,alibayram/medgemma:4b,professional,P3,29,1.  **Rest**,4
professional_alibayram/medgemma:4b_P3_run1,alibayram/medgemma:4b,professional,P3,31,**Wednesday**,0
professional_alibayram/medgemma:4b_P3_run1,alibayram/medgemma:4b,professional,P3,33,1.  **Swimming** | Intensity: Moderate | Duration: 30 minutes,1
professional_alibayram/medgemma:4b_P3_run1,alibayram/medgemma:4b,professional,P3,34,2.  **Core Strengthening** | Intensity: Light | Duration: 15 minutes,1
professional_alibayram/medgemma:4b_P3_run1,alibayram/medgemma:4b,professional,P3,35,"*   Plank - 3 sets, hold for 30 seconds",1
professional_alibayram/medgemma:4b_P3_run1,alibayram/medgemma:4b,professional,P3,36,*   Crunches - 3 sets of 15 repetitions,1
professional_alibayram/medgemma:4b_P3_run1,alibayram/medgemma:4b,professional,P3,37,*   Bird Dog - 3 sets of 10 repetitions per side,1
professional_alibayram/medgemma:4b_P3_run1,alibayram/medgemma:4b,professional,P3,38,3.  **Cool-down Stretching** | Intensity: Light | Duration: 5 minutes,1
professional_alibayram/medgemma:4b_P3_run1,alibayram/medgemma:4b,professional,P3,40,**Thursday**,0
professional_alibayram/medgemma:4b_P3_run1,alibayram/medgemma:4b,professional,P3,42,1.  **Brisk Walking** | Intensity: Moderate | Duration: 30 minutes,1
professional_alibayram/medgemma:4b_P3_run1,alibayram/medgemma:4b,professional,P3,43,2.  **Strength Training (Lower Body)** | Intensity: Light | Duration: 20 minutes,1
professional_alibayram/medgemma:4b_P3_run1,alibayram/medgemma:4b,professional,P3,44,*   Squats (using bodyweight or light weights) - 3 sets of 10-15 repetitions,1
professional_alibayram/medgemma:4b_P3_run1,alibayram/medgemma:4b,professional,P3,45,*   Lunges (alternating legs) - 3 sets of 10-12 repetitions per leg,1
professional_alibayram/medgemma:4b_P3_run1,alibayram/medgemma:4b,professional,P3,46,*   Calf raises - 3 sets of 15-20 repetitions,1
professional_alibayram/medgemma:4b_P3_run1,alibayram/medgemma:4b,professional,P3,47,*   Hamstring curls (using resistance band or machine) - 3 sets of 10-12 repetitions,1
professional_alibayram/medgemma:4b_P3_run1,alibayram/medgemma:4b,professional,P3,48,4.  **Cool-down Stretching** | Intensity: Light | Duration: 5 minutes,1
professional_alibayram/medgemma:4b_P3_run1,alibayram/medgemma:4b,professional,P3,50,**Friday**,0
professional_alibayram/medgemma:4b_P3_run1,alibayram/medgemma:4b,professional,P3,52,1.  **Rest**,4
professional_alibayram/medgemma:4b_P3_run1,alibayram/medgemma:4b,professional,P3,54,**Saturday**,0
professional_alibayram/medgemma:4b_P3_run1,alibayram/medgemma:4b,professional,P3,56,1.  **Cycling** | Intensity: Moderate | Duration: 45 minutes,1
professional_alibayram/medgemma:4b_P3_run1,alibayram/medgemma:4b,professional,P3,57,2.  **Light Cardio** | Intensity: Light | Duration: 15 minutes,1
professional_alibayram/medgemma:4b_P3_run1,alibayram/medgemma:4b,professional,P3,58,"*   Marching in place, arm circles, or light stretching",1
professional_alibayram/medgemma:4b_P3_run1,alibayram/medgemma:4b,professional,P3,59,3.  **Cool-down Stretching** | Intensity: Light | Duration: 5 minutes,1
professional_alibayram/medgemma:4b_P3_run1,alibayram/medgemma:4b,professional,P3,61,**Sunday**,0
professional_alibayram/medgemma:4b_P3_run1,alibayram/medgemma:4b,professional,P3,63,1.  **Active Recovery** | Intensity: Light | Duration: 30 minutes,1
professional_alibayram/medgemma:4b_P3_run1,alibayram/medgemma:4b,professional,P3,64,"*   Light gardening, leisurely walk, or yoga",1
professional_alibayram/medgemma:4b_P3_run1,alibayram/medgemma:4b,professional,P3,65,2.  **Cool-down Stretching** | Intensity: Light | Duration: 5 minutes,1
professional_alibayram/medgemma:4b_P3_run1,alibayram/medgemma:4b,professional,P3,67,**Additional Notes and Recommendations:**,0
professional_alibayram/medgemma:4b_P3_run1,alibayram/medgemma:4b,professional,P3,69,"*   **Blood Pressure Monitoring:** Emphasize the importance of monitoring blood pressure before, during, and after exercise. The patient should keep a log of their blood pressure readings and share them with their doctor.",3
professional_alibayram/medgemma:4b_P3_run1,alibayram/medgemma:4b,professional,P3,70,"*   **Diet:** Encourage a healthy diet with a focus on fruits, vegetables, whole grains, and lean protein. Limit sodium intake and saturated fat.",4
professional_alibayram/medgemma:4b_P3_run1,alibayram/medgemma:4b,professional,P3,71,"*   **Stress Management:** Stress can raise blood pressure. Encourage stress-reducing activities such as meditation, deep breathing exercises, or spending time in nature.",3
professional_alibayram/medgemma:4b_P3_run1,alibayram/medgemma:4b,professional,P3,72,*   **Sleep:** Aim for 7-8 hours of quality sleep per night.,4
professional_alibayram/medgemma:4b_P3_run1,alibayram/medgemma:4b,professional,P3,73,*   **Gradual Progression:** The exercise intensity and duration should be gradually increased over time. The patient should only increase the intensity by 10% per week.,4
professional_alibayram/medgemma:4b_P3_run1,alibayram/medgemma:4b,professional,P3,74,*   **Enjoyment:** The patient should choose activities that he enjoys to make exercise a sustainable habit.,4
professional_alibayram/medgemma:4b_P3_run1,alibayram/medgemma:4b,professional,P3,75,"*   **Professional Guidance:** If the patient has any questions or concerns, he should consult with his doctor or a qualified exercise professional.",4
professional_alibayram/medgemma:4b_P3_run1,alibayram/medgemma:4b,professional,P3,76,*   **Consider a Personal Trainer:** A personal trainer can provide individualized guidance and support to help the patient achieve his goals safely and effectively.,4
professional_alibayram/medgemma:4b_P3_run1,alibayram/medgemma:4b,professional,P3,78,This plan provides a starting point. It is essential to tailor the program to the individual's needs and abilities and to monitor their progress closely. Regular communication with the patient's doctor is vital to ensure their safety and well-being.,0
professional_alibayram/medgemma:4b_P4_run1,alibayram/medgemma:4b,professional,P4,1,"Okay, here's a weekly exercise plan designed for a 60-year-old female patient with Type 2 diabetes, obesity (BMI 33.2), and a low activity level. This plan prioritizes safety, gradual progression, and focuses on activities that can be easily incorporated into daily life. It's crucial to emphasize that this is a general guideline and should be individualized based on the patient's progress and response.",0
professional_alibayram/medgemma:4b_P4_run1,alibayram/medgemma:4b,professional,P4,3,**Important Considerations Before Starting:**,0
professional_alibayram/medgemma:4b_P4_run1,alibayram/medgemma:4b,professional,P4,5,*   **Medical Clearance:** This plan assumes the patient has been cleared by her physician for exercise. A formal exercise prescription from her doctor is always recommended.,3
professional_alibayram/medgemma:4b_P4_run1,alibayram/medgemma:4b,professional,P4,6,"*   **Medication Adjustments:** The patient should discuss any potential adjustments to her metformin dosage with her physician, especially if she experiences hypoglycemia (low blood sugar) during exercise.",3
professional_alibayram/medgemma:4b_P4_run1,alibayram/medgemma:4b,professional,P4,7,"*   **Monitoring Blood Sugar:** The patient should monitor her blood sugar levels before, during, and after exercise to understand how exercise affects her glucose control.",3
professional_alibayram/medgemma:4b_P4_run1,alibayram/medgemma:4b,professional,P4,8,"*   **Hydration:** Adequate hydration is essential before, during, and after exercise.",4
professional_alibayram/medgemma:4b_P4_run1,alibayram/medgemma:4b,professional,P4,9,*   **Proper Footwear:** Comfortable and supportive shoes are crucial to prevent foot problems.,4
professional_alibayram/medgemma:4b_P4_run1,alibayram/medgemma:4b,professional,P4,10,*   **Warm-up and Cool-down:** Always include a 5-10 minute warm-up before each workout and a 5-10 minute cool-down afterward.,4
professional_alibayram/medgemma:4b_P4_run1,alibayram/medgemma:4b,professional,P4,11,"*   **Listen to Her Body:** The patient should pay attention to her body and stop if she experiences any pain, dizziness, or shortness of breath.",3
professional_alibayram/medgemma:4b_P4_run1,alibayram/medgemma:4b,professional,P4,12,*   **Progression:** This plan is designed for a gradual progression. The patient should increase the duration and intensity of her workouts as she gets fitter.,4
professional_alibayram/medgemma:4b_P4_run1,alibayram/medgemma:4b,professional,P4,14,**Weekly Exercise Plan:**,0
professional_alibayram/medgemma:4b_P4_run1,alibayram/medgemma:4b,professional,P4,16,**Monday**,0
professional_alibayram/medgemma:4b_P4_run1,alibayram/medgemma:4b,professional,P4,17,1.  **Walking** | Intensity: Light | Duration: 20 minutes,1
professional_alibayram/medgemma:4b_P4_run1,alibayram/medgemma:4b,professional,P4,18,"2.  **Chair Exercises** | Intensity: Light | Duration: 15 minutes (e.g., arm circles, leg raises, torso twists)",1
professional_alibayram/medgemma:4b_P4_run1,alibayram/medgemma:4b,professional,P4,19,3.  **Stretching** | Intensity: Light | Duration: 10 minutes,1
professional_alibayram/medgemma:4b_P4_run1,alibayram/medgemma:4b,professional,P4,21,**Tuesday**,0
professional_alibayram/medgemma:4b_P4_run1,alibayram/medgemma:4b,professional,P4,22,1.  **Swimming** | Intensity: Light | Duration: 25 minutes (if accessible and safe),1
professional_alibayram/medgemma:4b_P4_run1,alibayram/medgemma:4b,professional,P4,23,"*   *Alternative:* If swimming isn't an option, substitute with another low-impact activity like water aerobics or walking in a pool.",4
professional_alibayram/medgemma:4b_P4_run1,alibayram/medgemma:4b,professional,P4,24,2.  **Light housework** | Intensity: Light | Duration: 20 minutes,1
professional_alibayram/medgemma:4b_P4_run1,alibayram/medgemma:4b,professional,P4,26,**Wednesday**,0
professional_alibayram/medgemma:4b_P4_run1,alibayram/medgemma:4b,professional,P4,27,1.  **Walking** | Intensity: Light | Duration: 25 minutes,1
professional_alibayram/medgemma:4b_P4_run1,alibayram/medgemma:4b,professional,P4,28,2.  **Chair Exercises** | Intensity: Light | Duration: 15 minutes,1
professional_alibayram/medgemma:4b_P4_run1,alibayram/medgemma:4b,professional,P4,29,3.  **Stretching** | Intensity: Light | Duration: 10 minutes,1
professional_alibayram/medgemma:4b_P4_run1,alibayram/medgemma:4b,professional,P4,31,**Thursday**,0
professional_alibayram/medgemma:4b_P4_run1,alibayram/medgemma:4b,professional,P4,32,1.  **Cycling (stationary or outdoors)** | Intensity: Light | Duration: 20 minutes,1
professional_alibayram/medgemma:4b_P4_run1,alibayram/medgemma:4b,professional,P4,33,2.  **Yoga (beginner)** | Intensity: Light | Duration: 30 minutes (focus on gentle poses),1
professional_alibayram/medgemma:4b_P4_run1,alibayram/medgemma:4b,professional,P4,35,**Friday**,0
professional_alibayram/medgemma:4b_P4_run1,alibayram/medgemma:4b,professional,P4,36,1.  **Walking** | Intensity: Light | Duration: 20 minutes,1
professional_alibayram/medgemma:4b_P4_run1,alibayram/medgemma:4b,professional,P4,37,2.  **Chair Exercises** | Intensity: Light | Duration: 15 minutes,1
professional_alibayram/medgemma:4b_P4_run1,alibayram/medgemma:4b,professional,P4,38,3.  **Stretching** | Intensity: Light | Duration: 10 minutes,1
professional_alibayram/medgemma:4b_P4_run1,alibayram/medgemma:4b,professional,P4,40,**Saturday**,0
professional_alibayram/medgemma:4b_P4_run1,alibayram/medgemma:4b,professional,P4,41,1.  **Gardening** | Intensity: Light | Duration: 45 minutes,1
professional_alibayram/medgemma:4b_P4_run1,alibayram/medgemma:4b,professional,P4,42,2.  **Gentle dance** | Intensity: Light | Duration: 30 minutes,1
professional_alibayram/medgemma:4b_P4_run1,alibayram/medgemma:4b,professional,P4,44,**Sunday**,0
professional_alibayram/medgemma:4b_P4_run1,alibayram/medgemma:4b,professional,P4,45,"1.  **Rest or light activity** | Intensity: Light | Duration: 30 minutes (e.g., leisurely walk, light stretching)",1
professional_alibayram/medgemma:4b_P4_run1,alibayram/medgemma:4b,professional,P4,47,**Additional Notes and Recommendations:**,0
professional_alibayram/medgemma:4b_P4_run1,alibayram/medgemma:4b,professional,P4,49,"*   **Consistency is Key:** Encourage the patient to aim for consistent exercise, even if it's just for a short period each day.",4
professional_alibayram/medgemma:4b_P4_run1,alibayram/medgemma:4b,professional,P4,50,"*   **Find Activities She Enjoys:** The more enjoyable the activity, the more likely she is to stick with it.",4
professional_alibayram/medgemma:4b_P4_run1,alibayram/medgemma:4b,professional,P4,51,*   **Social Support:** Encourage her to exercise with a friend or join a walking group for motivation and accountability.,4
professional_alibayram/medgemma:4b_P4_run1,alibayram/medgemma:4b,professional,P4,52,*   **Nutrition:** Emphasize the importance of a healthy diet as part of her weight loss and blood sugar management plan.,3
professional_alibayram/medgemma:4b_P4_run1,alibayram/medgemma:4b,professional,P4,53,*   **Weight Loss:** Aim for a gradual weight loss of 1-2 pounds per week.,4
professional_alibayram/medgemma:4b_P4_run1,alibayram/medgemma:4b,professional,P4,54,*   **Blood Pressure:** Monitor her blood pressure regularly.,3
professional_alibayram/medgemma:4b_P4_run1,alibayram/medgemma:4b,professional,P4,55,"*   **Foot Care:** Advise her to inspect her feet daily for any cuts, blisters, or signs of infection.",4
professional_alibayram/medgemma:4b_P4_run1,alibayram/medgemma:4b,professional,P4,56,"*   **Progression:** As the patient becomes more comfortable, gradually increase the duration, intensity, or frequency of her workouts.",4
professional_alibayram/medgemma:4b_P4_run1,alibayram/medgemma:4b,professional,P4,57,*   **Consultation:** Encourage her to consult with her doctor or a certified diabetes educator for personalized advice and guidance.,4
professional_alibayram/medgemma:4b_P4_run1,alibayram/medgemma:4b,professional,P4,58,*   **Goal Setting:** Help her set realistic and achievable goals to stay motivated.,4
professional_alibayram/medgemma:4b_P4_run1,alibayram/medgemma:4b,professional,P4,59,*   **Celebrate Successes:** Acknowledge and celebrate her progress along the way to reinforce positive behavior.,4
professional_alibayram/medgemma:4b_P4_run1,alibayram/medgemma:4b,professional,P4,61,**Disclaimer:** This exercise plan is for informational purposes only and does not constitute medical advice. It is essential to consult with a healthcare professional before starting any new exercise program.,0
professional_alibayram/medgemma:4b_P5_run1,alibayram/medgemma:4b,professional,P5,1,"Okay, here's a weekly exercise plan tailored for your patient, keeping in mind their age, weight, medical conditions (knee osteoarthritis), current activity level, and goal of reducing knee pain and improving joint mobility.",0
professional_alibayram/medgemma:4b_P5_run1,alibayram/medgemma:4b,professional,P5,3,**Important Considerations Before Starting:**,0
professional_alibayram/medgemma:4b_P5_run1,alibayram/medgemma:4b,professional,P5,5,"*   **Warm-up:** Always start each session with a 5-minute warm-up. This could include gentle marching in place, arm circles, leg swings, and dynamic stretches.",4
professional_alibayram/medgemma:4b_P5_run1,alibayram/medgemma:4b,professional,P5,6,"*   **Cool-down:** End each session with a 5-minute cool-down. This should include static stretches, holding each stretch for 20-30 seconds. Focus on stretching the quadriceps, hamstrings, and calf muscles.",4
professional_alibayram/medgemma:4b_P5_run1,alibayram/medgemma:4b,professional,P5,7,*   **Listen to Your Body:** Emphasize that the patient should stop immediately if they experience any pain.,3
professional_alibayram/medgemma:4b_P5_run1,alibayram/medgemma:4b,professional,P5,8,*   **Proper Form:** Ensure the patient understands the correct form for each exercise to avoid injury. Consider having them demonstrate the exercises to you or provide videos.,4
professional_alibayram/medgemma:4b_P5_run1,alibayram/medgemma:4b,professional,P5,9,"*   **Progression:** The plan should be gradually progressed over time. As the patient gets stronger and more comfortable, the intensity and duration can be increased.",4
professional_alibayram/medgemma:4b_P5_run1,alibayram/medgemma:4b,professional,P5,10,"*   **Consultation:** Remind the patient to consult with their doctor before starting any new exercise program, especially given their medical conditions.",3
professional_alibayram/medgemma:4b_P5_run1,alibayram/medgemma:4b,professional,P5,12,**Weekly Exercise Plan:**,0
professional_alibayram/medgemma:4b_P5_run1,alibayram/medgemma:4b,professional,P5,14,**Monday**,0
professional_alibayram/medgemma:4b_P5_run1,alibayram/medgemma:4b,professional,P5,16,1.  **Low-Impact Aerobic Exercise** | Intensity: Light | Duration: 30 minutes,1
professional_alibayram/medgemma:4b_P5_run1,alibayram/medgemma:4b,professional,P5,17,2.  **Stationary Cycling** | Intensity: Light | Duration: 20 minutes,1
professional_alibayram/medgemma:4b_P5_run1,alibayram/medgemma:4b,professional,P5,18,3.  **Walking on Treadmill** | Intensity: Light | Duration: 10 minutes,1
professional_alibayram/medgemma:4b_P5_run1,alibayram/medgemma:4b,professional,P5,19,4.  **Strength Training (Legs)** | Intensity: Light | Duration: 20 minutes,1
professional_alibayram/medgemma:4b_P5_run1,alibayram/medgemma:4b,professional,P5,20,*   **Chair Squats:** 3 sets of 10-12 repetitions,1
professional_alibayram/medgemma:4b_P5_run1,alibayram/medgemma:4b,professional,P5,21,*   **Calf Raises:** 3 sets of 15-20 repetitions,1
professional_alibayram/medgemma:4b_P5_run1,alibayram/medgemma:4b,professional,P5,22,*   **Hamstring Curls (with resistance band):** 3 sets of 10-12 repetitions,1
professional_alibayram/medgemma:4b_P5_run1,alibayram/medgemma:4b,professional,P5,23,5.  **Cool-down** | Intensity: Light | Duration: 5 minutes,1
professional_alibayram/medgemma:4b_P5_run1,alibayram/medgemma:4b,professional,P5,25,**Tuesday**,0
professional_alibayram/medgemma:4b_P5_run1,alibayram/medgemma:4b,professional,P5,27,1.  **Rest or Active Recovery** | Intensity: Light | Duration: 20 minutes,1
professional_alibayram/medgemma:4b_P5_run1,alibayram/medgemma:4b,professional,P5,28,2.  **Gentle Stretching** | Intensity: Light | Duration: 15 minutes,1
professional_alibayram/medgemma:4b_P5_run1,alibayram/medgemma:4b,professional,P5,29,*   Quadriceps stretch,4
professional_alibayram/medgemma:4b_P5_run1,alibayram/medgemma:4b,professional,P5,30,*   Hamstring stretch,4
professional_alibayram/medgemma:4b_P5_run1,alibayram/medgemma:4b,professional,P5,31,*   Calf stretch,4
professional_alibayram/medgemma:4b_P5_run1,alibayram/medgemma:4b,professional,P5,32,*   Hip flexor stretch,4
professional_alibayram/medgemma:4b_P5_run1,alibayram/medgemma:4b,professional,P5,33,3.  **Foam Rolling (Legs)** | Intensity: Light | Duration: 10 minutes,1
professional_alibayram/medgemma:4b_P5_run1,alibayram/medgemma:4b,professional,P5,34,"*   Focus on quadriceps, hamstrings, and calves.",4
professional_alibayram/medgemma:4b_P5_run1,alibayram/medgemma:4b,professional,P5,36,**Wednesday**,0
professional_alibayram/medgemma:4b_P5_run1,alibayram/medgemma:4b,professional,P5,38,1.  **Low-Impact Aerobic Exercise** | Intensity: Light | Duration: 30 minutes,1
professional_alibayram/medgemma:4b_P5_run1,alibayram/medgemma:4b,professional,P5,39,2.  **Swimming** | Intensity: Light | Duration: 20 minutes (or Water Aerobics),1
professional_alibayram/medgemma:4b_P5_run1,alibayram/medgemma:4b,professional,P5,40,3.  **Walking on Treadmill** | Intensity: Light | Duration: 10 minutes,1
professional_alibayram/medgemma:4b_P5_run1,alibayram/medgemma:4b,professional,P5,41,4.  **Strength Training (Legs)** | Intensity: Light | Duration: 20 minutes,1
professional_alibayram/medgemma:4b_P5_run1,alibayram/medgemma:4b,professional,P5,42,*   **Leg Extensions (with resistance band):** 3 sets of 10-12 repetitions,1
professional_alibayram/medgemma:4b_P5_run1,alibayram/medgemma:4b,professional,P5,43,*   **Hamstring Curls (with resistance band):** 3 sets of 10-12 repetitions,1
professional_alibayram/medgemma:4b_P5_run1,alibayram/medgemma:4b,professional,P5,44,*   **Hip Abduction (with resistance band):** 3 sets of 10-12 repetitions,1
professional_alibayram/medgemma:4b_P5_run1,alibayram/medgemma:4b,professional,P5,45,5.  **Cool-down** | Intensity: Light | Duration: 5 minutes,1
professional_alibayram/medgemma:4b_P5_run1,alibayram/medgemma:4b,professional,P5,47,**Thursday**,0
professional_alibayram/medgemma:4b_P5_run1,alibayram/medgemma:4b,professional,P5,49,1.  **Rest or Active Recovery** | Intensity: Light | Duration: 20 minutes,1
professional_alibayram/medgemma:4b_P5_run1,alibayram/medgemma:4b,professional,P5,50,2.  **Gentle Stretching** | Intensity: Light | Duration: 15 minutes,1
professional_alibayram/medgemma:4b_P5_run1,alibayram/medgemma:4b,professional,P5,51,*   Quadriceps stretch,4
professional_alibayram/medgemma:4b_P5_run1,alibayram/medgemma:4b,professional,P5,52,*   Hamstring stretch,4
professional_alibayram/medgemma:4b_P5_run1,alibayram/medgemma:4b,professional,P5,53,*   Calf stretch,4
professional_alibayram/medgemma:4b_P5_run1,alibayram/medgemma:4b,professional,P5,54,*   Hip flexor stretch,4
professional_alibayram/medgemma:4b_P5_run1,alibayram/medgemma:4b,professional,P5,55,3.  **Foam Rolling (Legs)** | Intensity: Light | Duration: 10 minutes,1
professional_alibayram/medgemma:4b_P5_run1,alibayram/medgemma:4b,professional,P5,56,"*   Focus on quadriceps, hamstrings, and calves.",4
professional_alibayram/medgemma:4b_P5_run1,alibayram/medgemma:4b,professional,P5,58,**Friday**,0
professional_alibayram/medgemma:4b_P5_run1,alibayram/medgemma:4b,professional,P5,60,1.  **Low-Impact Aerobic Exercise** | Intensity: Light | Duration: 30 minutes,1
professional_alibayram/medgemma:4b_P5_run1,alibayram/medgemma:4b,professional,P5,61,2.  **Stationary Cycling** | Intensity: Light | Duration: 20 minutes,1
professional_alibayram/medgemma:4b_P5_run1,alibayram/medgemma:4b,professional,P5,62,3.  **Walking on Treadmill** | Intensity: Light | Duration: 10 minutes,1
professional_alibayram/medgemma:4b_P5_run1,alibayram/medgemma:4b,professional,P5,63,4.  **Strength Training (Legs)** | Intensity: Light | Duration: 20 minutes,1
professional_alibayram/medgemma:4b_P5_run1,alibayram/medgemma:4b,professional,P5,64,*   **Chair Squats:** 3 sets of 10-12 repetitions,1
professional_alibayram/medgemma:4b_P5_run1,alibayram/medgemma:4b,professional,P5,65,*   **Calf Raises:** 3 sets of 15-20 repetitions,1
professional_alibayram/medgemma:4b_P5_run1,alibayram/medgemma:4b,professional,P5,66,*   **Hamstring Curls (with resistance band):** 3 sets of 10-12 repetitions,1
professional_alibayram/medgemma:4b_P5_run1,alibayram/medgemma:4b,professional,P5,67,5.  **Cool-down** | Intensity: Light | Duration: 5 minutes,1
professional_alibayram/medgemma:4b_P5_run1,alibayram/medgemma:4b,professional,P5,69,**Saturday**,0
professional_alibayram/medgemma:4b_P5_run1,alibayram/medgemma:4b,professional,P5,71,1.  **Rest or Active Recovery** | Intensity: Light | Duration: 20 minutes,1
professional_alibayram/medgemma:4b_P5_run1,alibayram/medgemma:4b,professional,P5,72,2.  **Gentle Stretching** | Intensity: Light | Duration: 15 minutes,1
professional_alibayram/medgemma:4b_P5_run1,alibayram/medgemma:4b,professional,P5,73,*   Quadriceps stretch,4
professional_alibayram/medgemma:4b_P5_run1,alibayram/medgemma:4b,professional,P5,74,*   Hamstring stretch,4
professional_alibayram/medgemma:4b_P5_run1,alibayram/medgemma:4b,professional,P5,75,*   Calf stretch,4
professional_alibayram/medgemma:4b_P5_run1,alibayram/medgemma:4b,professional,P5,76,*   Hip flexor stretch,4
professional_alibayram/medgemma:4b_P5_run1,alibayram/medgemma:4b,professional,P5,78,**Sunday**,0
professional_alibayram/medgemma:4b_P5_run1,alibayram/medgemma:4b,professional,P5,80,1.  **Rest** | Intensity: Light | Duration: 0 minutes,1
professional_alibayram/medgemma:4b_P5_run1,alibayram/medgemma:4b,professional,P5,82,**Additional Notes and Recommendations:**,0
professional_alibayram/medgemma:4b_P5_run1,alibayram/medgemma:4b,professional,P5,84,"*   **Pain Management:** Encourage the patient to continue taking ibuprofen as needed for pain, but emphasize that exercise is a key part of managing osteoarthritis.",4
professional_alibayram/medgemma:4b_P5_run1,alibayram/medgemma:4b,professional,P5,85,"*   **Hydration:** Remind the patient to drink plenty of water throughout the day, especially before, during, and after exercise.",4
professional_alibayram/medgemma:4b_P5_run1,alibayram/medgemma:4b,professional,P5,86,"*   **Nutrition:** Advise the patient to maintain a healthy diet, focusing on whole foods, lean protein, and plenty of fruits and vegetables.",4
professional_alibayram/medgemma:4b_P5_run1,alibayram/medgemma:4b,professional,P5,87,*   **Footwear:** Ensure the patient is wearing supportive and comfortable shoes during exercise.,4
professional_alibayram/medgemma:4b_P5_run1,alibayram/medgemma:4b,professional,P5,88,"*   **Environment:** Encourage the patient to exercise in a safe and comfortable environment, avoiding extreme temperatures or uneven surfaces.",4
professional_alibayram/medgemma:4b_P5_run1,alibayram/medgemma:4b,professional,P5,89,"*   **Progression:** As the patient becomes more comfortable and stronger, gradually increase the intensity, duration, or frequency of the exercises.",4
professional_alibayram/medgemma:4b_P5_run1,alibayram/medgemma:4b,professional,P5,90,"*   **Monitoring:** Encourage the patient to monitor their symptoms and adjust the program as needed. If pain increases, reduce the intensity or duration of the exercises.",4
professional_alibayram/medgemma:4b_P5_run1,alibayram/medgemma:4b,professional,P5,91,"*   **Variety:** Consider incorporating other low-impact activities like yoga, Tai Chi, or gardening to keep things interesting and provide additional benefits.",4
professional_alibayram/medgemma:4b_P5_run1,alibayram/medgemma:4b,professional,P5,92,*   **Social Support:** Encourage the patient to exercise with a friend or family member for added motivation and support.,4
professional_alibayram/medgemma:4b_P5_run1,alibayram/medgemma:4b,professional,P5,93,"*   **Consider a Physical Therapist:** If the patient is not comfortable performing the exercises on their own, consider referring them to a physical therapist for guidance and supervision.",4
professional_alibayram/medgemma:4b_P5_run1,alibayram/medgemma:4b,professional,P5,95,This plan is a starting point and should be individualized based on the patient's progress and response to the exercise program. Regular communication with the patient and adjustments to the plan as needed are crucial for success.,0
professional_alibayram/medgemma:4b_P6_run1,alibayram/medgemma:4b,professional,P6,1,"Okay, here's a sample weekly exercise program for a 70-year-old female patient with a history of myocardial infarction (MI), stable angina, and currently taking Aspirin, Atenolol, and Atorvastatin. This plan prioritizes safety, gradual progression, and adherence to medical guidelines. *It is crucial to emphasize that this is a sample plan and should be individualized based on the patient's response to the program and the guidance of her physician.*",0
professional_alibayram/medgemma:4b_P6_run1,alibayram/medgemma:4b,professional,P6,3,**Important Considerations Before Starting:**,0
professional_alibayram/medgemma:4b_P6_run1,alibayram/medgemma:4b,professional,P6,5,"*   **Consultation with Physician:** This plan should be reviewed and approved by the patient's cardiologist before starting. The physician will assess the patient's current cardiac status, exercise tolerance, and any other relevant factors.",3
professional_alibayram/medgemma:4b_P6_run1,alibayram/medgemma:4b,professional,P6,6,*   **Medication Management:** The patient should maintain her current medication regimen unless otherwise directed by her physician.,3
professional_alibayram/medgemma:4b_P6_run1,alibayram/medgemma:4b,professional,P6,7,"*   **Monitoring:** The patient should be monitored closely for any signs or symptoms of angina, dizziness, shortness of breath, or chest pain during exercise.",3
professional_alibayram/medgemma:4b_P6_run1,alibayram/medgemma:4b,professional,P6,8,*   **Warm-up and Cool-down:** A 5-minute warm-up before each exercise session and a 5-minute cool-down afterward are essential.,4
professional_alibayram/medgemma:4b_P6_run1,alibayram/medgemma:4b,professional,P6,9,*   **Breathing:** Encourage the patient to breathe deeply and rhythmically throughout the exercises.,4
professional_alibayram/medgemma:4b_P6_run1,alibayram/medgemma:4b,professional,P6,10,"*   **Listen to the Body:** The patient should stop exercising immediately if she experiences any chest pain, shortness of breath, dizziness, or other concerning symptoms.",3
professional_alibayram/medgemma:4b_P6_run1,alibayram/medgemma:4b,professional,P6,11,*   **Progression:** The program should be gradually progressed as the patient becomes more fit and comfortable.,4
professional_alibayram/medgemma:4b_P6_run1,alibayram/medgemma:4b,professional,P6,12,"*   **Hydration:** The patient should drink plenty of water before, during, and after exercise.",4
professional_alibayram/medgemma:4b_P6_run1,alibayram/medgemma:4b,professional,P6,14,**Weekly Exercise Plan**,0
professional_alibayram/medgemma:4b_P6_run1,alibayram/medgemma:4b,professional,P6,16,**Monday**,0
professional_alibayram/medgemma:4b_P6_run1,alibayram/medgemma:4b,professional,P6,18,1.  **Walking** | Intensity: Light | Duration: 20 minutes,1
professional_alibayram/medgemma:4b_P6_run1,alibayram/medgemma:4b,professional,P6,19,"2.  **Chair Exercises** | Intensity: Light | Duration: 10 minutes (e.g., arm raises, leg extensions, torso twists).",1
professional_alibayram/medgemma:4b_P6_run1,alibayram/medgemma:4b,professional,P6,21,**Tuesday**,0
professional_alibayram/medgemma:4b_P6_run1,alibayram/medgemma:4b,professional,P6,23,1.  **Rest**,4
professional_alibayram/medgemma:4b_P6_run1,alibayram/medgemma:4b,professional,P6,25,**Wednesday**,0
professional_alibayram/medgemma:4b_P6_run1,alibayram/medgemma:4b,professional,P6,27,1.  **Walking** | Intensity: Light | Duration: 25 minutes,1
professional_alibayram/medgemma:4b_P6_run1,alibayram/medgemma:4b,professional,P6,28,2.  **Chair Exercises** | Intensity: Light | Duration: 10 minutes,1
professional_alibayram/medgemma:4b_P6_run1,alibayram/medgemma:4b,professional,P6,30,**Thursday**,0
professional_alibayram/medgemma:4b_P6_run1,alibayram/medgemma:4b,professional,P6,32,1.  **Rest**,4
professional_alibayram/medgemma:4b_P6_run1,alibayram/medgemma:4b,professional,P6,34,**Friday**,0
professional_alibayram/medgemma:4b_P6_run1,alibayram/medgemma:4b,professional,P6,36,1.  **Walking** | Intensity: Light | Duration: 30 minutes,1
professional_alibayram/medgemma:4b_P6_run1,alibayram/medgemma:4b,professional,P6,37,2.  **Chair Exercises** | Intensity: Light | Duration: 10 minutes,1
professional_alibayram/medgemma:4b_P6_run1,alibayram/medgemma:4b,professional,P6,39,**Saturday**,0
professional_alibayram/medgemma:4b_P6_run1,alibayram/medgemma:4b,professional,P6,41,1.  **Rest**,4
professional_alibayram/medgemma:4b_P6_run1,alibayram/medgemma:4b,professional,P6,43,**Sunday**,0
professional_alibayram/medgemma:4b_P6_run1,alibayram/medgemma:4b,professional,P6,45,1.  **Walking** | Intensity: Light | Duration: 20 minutes,1
professional_alibayram/medgemma:4b_P6_run1,alibayram/medgemma:4b,professional,P6,46,2.  **Chair Exercises** | Intensity: Light | Duration: 10 minutes,1
professional_alibayram/medgemma:4b_P6_run1,alibayram/medgemma:4b,professional,P6,48,**Detailed Exercise Descriptions:**,0
professional_alibayram/medgemma:4b_P6_run1,alibayram/medgemma:4b,professional,P6,50,*   **Walking:** Start with a comfortable pace where the patient can easily hold a conversation. Gradually increase the duration and intensity over time. Focus on maintaining good posture.,4
professional_alibayram/medgemma:4b_P6_run1,alibayram/medgemma:4b,professional,P6,52,"*   **Chair Exercises:** These exercises can be performed while seated in a chair. They help improve strength, flexibility, and balance. Examples include:",4
professional_alibayram/medgemma:4b_P6_run1,alibayram/medgemma:4b,professional,P6,53,"*   Arm raises (forward, backward, and sideways)",1
professional_alibayram/medgemma:4b_P6_run1,alibayram/medgemma:4b,professional,P6,54,*   Leg extensions,4
professional_alibayram/medgemma:4b_P6_run1,alibayram/medgemma:4b,professional,P6,55,*   Torso twists,4
professional_alibayram/medgemma:4b_P6_run1,alibayram/medgemma:4b,professional,P6,56,*   Seated marching,4
professional_alibayram/medgemma:4b_P6_run1,alibayram/medgemma:4b,professional,P6,57,*   Ankle pumps,4
professional_alibayram/medgemma:4b_P6_run1,alibayram/medgemma:4b,professional,P6,58,*   Shoulder shrugs,4
professional_alibayram/medgemma:4b_P6_run1,alibayram/medgemma:4b,professional,P6,60,**Additional Notes and Recommendations:**,0
professional_alibayram/medgemma:4b_P6_run1,alibayram/medgemma:4b,professional,P6,62,"*   **Cardiac Rehabilitation:** Encourage the patient to participate in a cardiac rehabilitation program if one is available. Cardiac rehab programs provide supervised exercise training, education, and counseling to help patients recover from cardiac events.",4
professional_alibayram/medgemma:4b_P6_run1,alibayram/medgemma:4b,professional,P6,63,"*   **Home Exercise Program:** This exercise plan can be modified to fit the patient's home environment. If she doesn't have access to a safe place to walk, she can walk indoors on a treadmill or around the house.",4
professional_alibayram/medgemma:4b_P6_run1,alibayram/medgemma:4b,professional,P6,64,"*   **Flexibility:** The patient should be encouraged to incorporate flexibility exercises into her routine, such as stretching, yoga, or tai chi.",4
professional_alibayram/medgemma:4b_P6_run1,alibayram/medgemma:4b,professional,P6,65,*   **Social Support:** Encourage the patient to exercise with a friend or family member for added motivation and support.,4
professional_alibayram/medgemma:4b_P6_run1,alibayram/medgemma:4b,professional,P6,66,"*   **Progression:** After 2-4 weeks, the patient can gradually increase the duration and intensity of her walking sessions. She can also add more challenging chair exercises.",4
professional_alibayram/medgemma:4b_P6_run1,alibayram/medgemma:4b,professional,P6,67,"*   **Listen to her body:** It is important to listen to her body and avoid pushing herself too hard, especially in the beginning.",4
professional_alibayram/medgemma:4b_P6_run1,alibayram/medgemma:4b,professional,P6,69,"**Disclaimer:** *This exercise plan is for informational purposes only and should not be considered medical advice. It is essential to consult with a healthcare professional before starting any new exercise program, especially if you have a history of heart disease.*",0
professional_alibayram/medgemma:4b_P7_run1,alibayram/medgemma:4b,professional,P7,1,"Okay, here's a weekly exercise plan for your patient, considering his profile, goals, and PAR-Q+ results.",0
professional_alibayram/medgemma:4b_P7_run1,alibayram/medgemma:4b,professional,P7,3,**Weekly Exercise Plan**,0
professional_alibayram/medgemma:4b_P7_run1,alibayram/medgemma:4b,professional,P7,5,**Monday**,0
professional_alibayram/medgemma:4b_P7_run1,alibayram/medgemma:4b,professional,P7,7,1.  **Warm-up:** Dynamic Stretching | Intensity: Light | Duration: 5 minutes,1
professional_alibayram/medgemma:4b_P7_run1,alibayram/medgemma:4b,professional,P7,8,2.  **Cardio:** Brisk Walking | Intensity: Moderate | Duration: 30 minutes,1
professional_alibayram/medgemma:4b_P7_run1,alibayram/medgemma:4b,professional,P7,9,3.  **Strength Training (Upper Body):**,4
professional_alibayram/medgemma:4b_P7_run1,alibayram/medgemma:4b,professional,P7,10,*   Push-ups | Intensity: Moderate | Duration: 3 sets of 8-12 repetitions,1
professional_alibayram/medgemma:4b_P7_run1,alibayram/medgemma:4b,professional,P7,11,*   Dumbbell Rows (Bent-Over) | Intensity: Moderate | Duration: 3 sets of 8-12 repetitions per arm,1
professional_alibayram/medgemma:4b_P7_run1,alibayram/medgemma:4b,professional,P7,12,*   Overhead Press (Dumbbells) | Intensity: Moderate | Duration: 3 sets of 8-12 repetitions,1
professional_alibayram/medgemma:4b_P7_run1,alibayram/medgemma:4b,professional,P7,13,4.  **Cool-down:** Static Stretching | Intensity: Light | Duration: 5 minutes,1
professional_alibayram/medgemma:4b_P7_run1,alibayram/medgemma:4b,professional,P7,15,**Tuesday**,0
professional_alibayram/medgemma:4b_P7_run1,alibayram/medgemma:4b,professional,P7,17,1.  **Rest**,4
professional_alibayram/medgemma:4b_P7_run1,alibayram/medgemma:4b,professional,P7,19,**Wednesday**,0
professional_alibayram/medgemma:4b_P7_run1,alibayram/medgemma:4b,professional,P7,21,1.  **Warm-up:** Dynamic Stretching | Intensity: Light | Duration: 5 minutes,1
professional_alibayram/medgemma:4b_P7_run1,alibayram/medgemma:4b,professional,P7,22,2.  **Cardio:** Cycling | Intensity: Moderate | Duration: 40 minutes,1
professional_alibayram/medgemma:4b_P7_run1,alibayram/medgemma:4b,professional,P7,23,3.  **Strength Training (Lower Body):**,4
professional_alibayram/medgemma:4b_P7_run1,alibayram/medgemma:4b,professional,P7,24,*   Squats | Intensity: Moderate | Duration: 3 sets of 10-15 repetitions,1
professional_alibayram/medgemma:4b_P7_run1,alibayram/medgemma:4b,professional,P7,25,*   Lunges (Alternating) | Intensity: Moderate | Duration: 3 sets of 10-12 repetitions per leg,1
professional_alibayram/medgemma:4b_P7_run1,alibayram/medgemma:4b,professional,P7,26,*   Calf Raises | Intensity: Moderate | Duration: 3 sets of 15-20 repetitions,1
professional_alibayram/medgemma:4b_P7_run1,alibayram/medgemma:4b,professional,P7,27,4.  **Cool-down:** Static Stretching | Intensity: Light | Duration: 5 minutes,1
professional_alibayram/medgemma:4b_P7_run1,alibayram/medgemma:4b,professional,P7,29,**Thursday**,0
professional_alibayram/medgemma:4b_P7_run1,alibayram/medgemma:4b,professional,P7,31,1.  **Rest**,4
professional_alibayram/medgemma:4b_P7_run1,alibayram/medgemma:4b,professional,P7,33,**Friday**,0
professional_alibayram/medgemma:4b_P7_run1,alibayram/medgemma:4b,professional,P7,35,1.  **Warm-up:** Dynamic Stretching | Intensity: Light | Duration: 5 minutes,1
professional_alibayram/medgemma:4b_P7_run1,alibayram/medgemma:4b,professional,P7,36,2.  **Cardio:** Swimming | Intensity: Moderate | Duration: 35 minutes,1
professional_alibayram/medgemma:4b_P7_run1,alibayram/medgemma:4b,professional,P7,37,3.  **Strength Training (Full Body):**,4
professional_alibayram/medgemma:4b_P7_run1,alibayram/medgemma:4b,professional,P7,38,*   Burpees | Intensity: Moderate | Duration: 3 sets of 8-10 repetitions,1
professional_alibayram/medgemma:4b_P7_run1,alibayram/medgemma:4b,professional,P7,39,*   Dumbbell Deadlifts | Intensity: Moderate | Duration: 3 sets of 8-10 repetitions,1
professional_alibayram/medgemma:4b_P7_run1,alibayram/medgemma:4b,professional,P7,40,"*   Plank | Intensity: Moderate | Duration: 3 sets, hold for 30-60 seconds",1
professional_alibayram/medgemma:4b_P7_run1,alibayram/medgemma:4b,professional,P7,41,4.  **Cool-down:** Static Stretching | Intensity: Light | Duration: 5 minutes,1
professional_alibayram/medgemma:4b_P7_run1,alibayram/medgemma:4b,professional,P7,43,**Saturday**,0
professional_alibayram/medgemma:4b_P7_run1,alibayram/medgemma:4b,professional,P7,45,1.  **Active Recovery:** Hiking/Light Jogging | Intensity: Light | Duration: 45 minutes,1
professional_alibayram/medgemma:4b_P7_run1,alibayram/medgemma:4b,professional,P7,46,"2.  **Optional:** Recreational sports (e.g., soccer, basketball) - Keep intensity moderate.",4
professional_alibayram/medgemma:4b_P7_run1,alibayram/medgemma:4b,professional,P7,48,**Sunday**,0
professional_alibayram/medgemma:4b_P7_run1,alibayram/medgemma:4b,professional,P7,50,1.  **Rest**,4
professional_alibayram/medgemma:4b_P7_run1,alibayram/medgemma:4b,professional,P7,52,**Additional Notes and Recommendations:**,0
professional_alibayram/medgemma:4b_P7_run1,alibayram/medgemma:4b,professional,P7,54,"*   **Progression:** Gradually increase the duration and intensity of each exercise over time. For example, increase walking time by 5 minutes each week, or add weight to the dumbbells.",4
professional_alibayram/medgemma:4b_P7_run1,alibayram/medgemma:4b,professional,P7,55,*   **Warm-up/Cool-down:** Emphasize the importance of proper warm-up and cool-down routines to prevent injuries.,4
professional_alibayram/medgemma:4b_P7_run1,alibayram/medgemma:4b,professional,P7,56,*   **Proper Form:** Ensure the patient is using correct form during all exercises. Consider having him work with a trainer initially to learn proper technique.,4
professional_alibayram/medgemma:4b_P7_run1,alibayram/medgemma:4b,professional,P7,57,"*   **Hydration:** Remind the patient to drink plenty of water before, during, and after exercise.",4
professional_alibayram/medgemma:4b_P7_run1,alibayram/medgemma:4b,professional,P7,58,*   **Listen to Your Body:** Advise the patient to stop exercising if he experiences any pain or discomfort.,3
professional_alibayram/medgemma:4b_P7_run1,alibayram/medgemma:4b,professional,P7,59,*   **Nutrition:** Encourage a balanced diet to support his exercise goals.,4
professional_alibayram/medgemma:4b_P7_run1,alibayram/medgemma:4b,professional,P7,60,*   **Variety:** Encourage trying different activities to keep things interesting and prevent boredom.,4
professional_alibayram/medgemma:4b_P7_run1,alibayram/medgemma:4b,professional,P7,61,"*   **Specificity:** Tailor the exercises to his specific recreational sports. For example, if he wants to improve his soccer skills, add exercises that mimic those movements (e.g., agility drills, plyometrics).",4
professional_alibayram/medgemma:4b_P7_run1,alibayram/medgemma:4b,professional,P7,62,"*   **Monitor Progress:** Ask the patient to track his progress (e.g., distance walked, weight lifted) to stay motivated.",4
professional_alibayram/medgemma:4b_P7_run1,alibayram/medgemma:4b,professional,P7,63,"*   **Consultation:** If the patient experiences any new or worsening symptoms, he should consult with a healthcare professional.",3
professional_alibayram/medgemma:4b_P7_run1,alibayram/medgemma:4b,professional,P7,64,"*   **Consider a Trainer:** If the patient is unsure how to perform exercises correctly, consider recommending a certified personal trainer for a few sessions to learn proper form and technique.",4
professional_alibayram/medgemma:4b_P7_run1,alibayram/medgemma:4b,professional,P7,65,*   **Rest Days are Important:** Ensure he understands the importance of rest days for recovery and preventing overtraining.,2
professional_alibayram/medgemma:4b_P7_run1,alibayram/medgemma:4b,professional,P7,66,*   **Active Recovery:** Encourage active recovery activities like walking or light stretching on rest days to promote blood flow and reduce muscle soreness.,2
professional_alibayram/medgemma:4b_P7_run1,alibayram/medgemma:4b,professional,P7,67,"*   **Enjoyment:** Most importantly, encourage him to find activities he enjoys to make exercise a sustainable part of his lifestyle.",4
professional_alibayram/medgemma:4b_P8_run1,alibayram/medgemma:4b,professional,P8,1,"Okay, here's a weekly exercise plan for your patient, taking into account their age, medical conditions, current activity level, and goals. This plan is designed to be gradual and safe, focusing on hypertension management and weight loss. **It's crucial to emphasize that this is a general guideline and should be reviewed and adjusted by the patient's physician before starting.**",0
professional_alibayram/medgemma:4b_P8_run1,alibayram/medgemma:4b,professional,P8,3,**Important Considerations:**,0
professional_alibayram/medgemma:4b_P8_run1,alibayram/medgemma:4b,professional,P8,5,*   **Medical Clearance:** The patient MUST have medical clearance from her physician before starting this program. The physician will assess her cardiovascular health and any other relevant factors.,3
professional_alibayram/medgemma:4b_P8_run1,alibayram/medgemma:4b,professional,P8,6,"*   **Monitoring:** The patient should be closely monitored during exercise for any signs of discomfort, dizziness, chest pain, shortness of breath, or palpitations.",3
professional_alibayram/medgemma:4b_P8_run1,alibayram/medgemma:4b,professional,P8,7,*   **Progression:** The intensity and duration of exercises should be gradually increased as the patient becomes fitter and more comfortable.,4
professional_alibayram/medgemma:4b_P8_run1,alibayram/medgemma:4b,professional,P8,8,*   **Warm-up and Cool-down:** Always include a 5-minute warm-up before each exercise session and a 5-minute cool-down afterward.,4
professional_alibayram/medgemma:4b_P8_run1,alibayram/medgemma:4b,professional,P8,9,"*   **Hydration:** The patient should drink plenty of water before, during, and after exercise.",4
professional_alibayram/medgemma:4b_P8_run1,alibayram/medgemma:4b,professional,P8,10,"*   **Proper Form:** Emphasize the importance of proper form to prevent injuries. If possible, consider a consultation with a certified personal trainer or physical therapist to ensure correct technique.",4
professional_alibayram/medgemma:4b_P8_run1,alibayram/medgemma:4b,professional,P8,11,*   **Listen to the Body:** The patient should pay attention to her body and stop if she feels pain or discomfort.,4
professional_alibayram/medgemma:4b_P8_run1,alibayram/medgemma:4b,professional,P8,13,**Weekly Exercise Plan:**,0
professional_alibayram/medgemma:4b_P8_run1,alibayram/medgemma:4b,professional,P8,15,**Monday**,0
professional_alibayram/medgemma:4b_P8_run1,alibayram/medgemma:4b,professional,P8,17,1.  **Walking** | Intensity: Light | Duration: 20 minutes,1
professional_alibayram/medgemma:4b_P8_run1,alibayram/medgemma:4b,professional,P8,18,2.  **Chair Stands** | Intensity: Light | Duration: 10 repetitions | Focus: Strengthening legs and core,1
professional_alibayram/medgemma:4b_P8_run1,alibayram/medgemma:4b,professional,P8,19,3.  **Wall Push-ups** | Intensity: Light | Duration: 10 repetitions | Focus: Upper body strength,1
professional_alibayram/medgemma:4b_P8_run1,alibayram/medgemma:4b,professional,P8,20,4.  **Bicep Curls (with light weights)** | Intensity: Light | Duration: 10 repetitions | Focus: Upper body strength,1
professional_alibayram/medgemma:4b_P8_run1,alibayram/medgemma:4b,professional,P8,22,**Tuesday**,0
professional_alibayram/medgemma:4b_P8_run1,alibayram/medgemma:4b,professional,P8,24,1.  **Rest**,4
professional_alibayram/medgemma:4b_P8_run1,alibayram/medgemma:4b,professional,P8,26,**Wednesday**,0
professional_alibayram/medgemma:4b_P8_run1,alibayram/medgemma:4b,professional,P8,28,1.  **Walking** | Intensity: Light | Duration: 20 minutes,1
professional_alibayram/medgemma:4b_P8_run1,alibayram/medgemma:4b,professional,P8,29,2.  **Chair Stands** | Intensity: Light | Duration: 10 repetitions | Focus: Strengthening legs and core,1
professional_alibayram/medgemma:4b_P8_run1,alibayram/medgemma:4b,professional,P8,30,3.  **Wall Push-ups** | Intensity: Light | Duration: 10 repetitions | Focus: Upper body strength,1
professional_alibayram/medgemma:4b_P8_run1,alibayram/medgemma:4b,professional,P8,31,4.  **Bicep Curls (with light weights)** | Intensity: Light | Duration: 10 repetitions | Focus: Upper body strength,1
professional_alibayram/medgemma:4b_P8_run1,alibayram/medgemma:4b,professional,P8,33,**Thursday**,0
professional_alibayram/medgemma:4b_P8_run1,alibayram/medgemma:4b,professional,P8,35,1.  **Rest**,4
professional_alibayram/medgemma:4b_P8_run1,alibayram/medgemma:4b,professional,P8,37,**Friday**,0
professional_alibayram/medgemma:4b_P8_run1,alibayram/medgemma:4b,professional,P8,39,1.  **Walking** | Intensity: Light | Duration: 20 minutes,1
professional_alibayram/medgemma:4b_P8_run1,alibayram/medgemma:4b,professional,P8,40,2.  **Chair Stands** | Intensity: Light | Duration: 10 repetitions | Focus: Strengthening legs and core,1
professional_alibayram/medgemma:4b_P8_run1,alibayram/medgemma:4b,professional,P8,41,3.  **Wall Push-ups** | Intensity: Light | Duration: 10 repetitions | Focus: Upper body strength,1
professional_alibayram/medgemma:4b_P8_run1,alibayram/medgemma:4b,professional,P8,42,4.  **Bicep Curls (with light weights)** | Intensity: Light | Duration: 10 repetitions | Focus: Upper body strength,1
professional_alibayram/medgemma:4b_P8_run1,alibayram/medgemma:4b,professional,P8,44,**Saturday**,0
professional_alibayram/medgemma:4b_P8_run1,alibayram/medgemma:4b,professional,P8,46,1.  **Rest**,4
professional_alibayram/medgemma:4b_P8_run1,alibayram/medgemma:4b,professional,P8,48,**Sunday**,0
professional_alibayram/medgemma:4b_P8_run1,alibayram/medgemma:4b,professional,P8,50,1.  **Rest**,4
professional_alibayram/medgemma:4b_P8_run1,alibayram/medgemma:4b,professional,P8,52,**Detailed Exercise Descriptions:**,0
professional_alibayram/medgemma:4b_P8_run1,alibayram/medgemma:4b,professional,P8,54,*   **Walking:** Walking at a comfortable pace where the patient can hold a conversation.,4
professional_alibayram/medgemma:4b_P8_run1,alibayram/medgemma:4b,professional,P8,55,"*   **Chair Stands:** Stand up from a chair without using arms, and then sit back down.",4
professional_alibayram/medgemma:4b_P8_run1,alibayram/medgemma:4b,professional,P8,56,"*   **Wall Push-ups:** Stand facing a wall, place hands shoulder-width apart on the wall, and lean in towards the wall, bending elbows. Push back to the starting position.",4
professional_alibayram/medgemma:4b_P8_run1,alibayram/medgemma:4b,professional,P8,57,"*   **Bicep Curls:** Stand with feet shoulder-width apart, holding light dumbbells (1-2 kg) in each hand. Keeping elbows close to the body, curl the weights up towards the shoulders. Slowly lower the weights back to the starting position.",4
professional_alibayram/medgemma:4b_P8_run1,alibayram/medgemma:4b,professional,P8,59,**Additional Notes and Recommendations:**,0
professional_alibayram/medgemma:4b_P8_run1,alibayram/medgemma:4b,professional,P8,61,"*   **Blood Pressure Monitoring:** The patient should monitor her blood pressure regularly (e.g., once a week) and keep a record of the readings. This will help her and her physician assess the effectiveness of the exercise program.",3
professional_alibayram/medgemma:4b_P8_run1,alibayram/medgemma:4b,professional,P8,62,"*   **Diet:** Encourage the patient to follow a healthy, balanced diet that is low in sodium and saturated fat. A registered dietitian can provide personalized dietary advice.",4
professional_alibayram/medgemma:4b_P8_run1,alibayram/medgemma:4b,professional,P8,63,*   **Weight Loss:** Aim for a gradual weight loss of 0.5-1 kg per week. This is a sustainable and healthy rate of weight loss.,4
professional_alibayram/medgemma:4b_P8_run1,alibayram/medgemma:4b,professional,P8,64,"*   **Progression:** As the patient becomes more comfortable, gradually increase the duration and intensity of the exercises. For example, she could increase the walking time to 30 minutes, or add resistance to the chair stands or wall push-ups.",4
professional_alibayram/medgemma:4b_P8_run1,alibayram/medgemma:4b,professional,P8,65,"*   **Variety:** Consider adding other activities that the patient enjoys, such as swimming, cycling, or gardening, once she has built a foundation of regular exercise.",4
professional_alibayram/medgemma:4b_P8_run1,alibayram/medgemma:4b,professional,P8,66,*   **Social Support:** Encourage the patient to exercise with a friend or family member for added motivation and support.,4
professional_alibayram/medgemma:4b_P8_run1,alibayram/medgemma:4b,professional,P8,67,"*   **Motivation:** It is important to help the patient stay motivated and engaged in the exercise program. Set realistic goals, celebrate successes, and provide positive reinforcement.",4
professional_alibayram/medgemma:4b_P8_run1,alibayram/medgemma:4b,professional,P8,68,*   **Consultation with a Professional:** Consider a referral to a physical therapist or certified personal trainer for individualized guidance and instruction. This is especially important given the patient's medical conditions and sedentary lifestyle.,4
professional_alibayram/medgemma:4b_P8_run1,alibayram/medgemma:4b,professional,P8,69,*   **Doctor's Approval is Key:** **Reiterate that this plan MUST be approved by the patient's physician before implementation.** The physician can provide specific recommendations based on the patient's individual needs and medical history.,3
professional_alibayram/medgemma:4b_P8_run1,alibayram/medgemma:4b,professional,P8,71,This plan provides a starting point and should be tailored to the patient's specific needs and preferences. Regular communication with the patient and her physician is essential to ensure her safety and success.,0
professional_deepseek-r1:14b_P1_run1,deepseek-r1:14b,professional,P1,1,**Weekly Exercise Program for 25-Year-Old Male Patient**,0
professional_deepseek-r1:14b_P1_run1,deepseek-r1:14b,professional,P1,3,**Objective:** Maintain fitness and improve athletic performance.,0
professional_deepseek-r1:14b_P1_run1,deepseek-r1:14b,professional,P1,5,**Structure:**,0
professional_deepseek-r1:14b_P1_run1,deepseek-r1:14b,professional,P1,6,- **Day 1:** Aerobic Endurance (Moderate Intensity),4
professional_deepseek-r1:14b_P1_run1,deepseek-r1:14b,professional,P1,7,- **Day 2:** Strength Training (Moderate to Vigorous Intensity),4
professional_deepseek-r1:14b_P1_run1,deepseek-r1:14b,professional,P1,8,- **Day 3:** Active Recovery & Flexibility,4
professional_deepseek-r1:14b_P1_run1,deepseek-r1:14b,professional,P1,9,- **Day 4:** High-Intensity Interval Training or Sport-Specific Conditioning,4
professional_deepseek-r1:14b_P1_run1,deepseek-r1:14b,professional,P1,10,- **Day 5:** Core & Mobility Exercises,4
professional_deepseek-r1:14b_P1_run1,deepseek-r1:14b,professional,P1,11,- **Day 6:** Aerobic Cross-Training (Moderate Intensity),4
professional_deepseek-r1:14b_P1_run1,deepseek-r1:14b,professional,P1,12,- **Day 7:** Rest or Leisure Activity,4
professional_deepseek-r1:14b_P1_run1,deepseek-r1:14b,professional,P1,14,**Details:**,0
professional_deepseek-r1:14b_P1_run1,deepseek-r1:14b,professional,P1,16,1. **Aerobic Endurance (Day 1):**,4
professional_deepseek-r1:14b_P1_run1,deepseek-r1:14b,professional,P1,17,"- Exercise: Running, Cycling, or Swimming",1
professional_deepseek-r1:14b_P1_run1,deepseek-r1:14b,professional,P1,18,- Duration: 45 minutes (including warm-up and cool-down),1
professional_deepseek-r1:14b_P1_run1,deepseek-r1:14b,professional,P1,19,- Focus: Continuous moderate-paced activity to enhance cardiovascular endurance.,1
professional_deepseek-r1:14b_P1_run1,deepseek-r1:14b,professional,P1,21,2. **Strength Training (Day 2):**,4
professional_deepseek-r1:14b_P1_run1,deepseek-r1:14b,professional,P1,22,- Warm-Up: 5-10 minutes on a treadmill or stationary bike.,1
professional_deepseek-r1:14b_P1_run1,deepseek-r1:14b,professional,P1,23,- Workout:,4
professional_deepseek-r1:14b_P1_run1,deepseek-r1:14b,professional,P1,24,- Squats: 3 sets of 8 reps,1
professional_deepseek-r1:14b_P1_run1,deepseek-r1:14b,professional,P1,25,- Bench Press: 3 sets of 8 reps,1
professional_deepseek-r1:14b_P1_run1,deepseek-r1:14b,professional,P1,26,- Deadlifts: 3 sets of 6 reps,1
professional_deepseek-r1:14b_P1_run1,deepseek-r1:14b,professional,P1,27,- Dips (bodyweight): 3 sets of 10 reps,1
professional_deepseek-r1:14b_P1_run1,deepseek-r1:14b,professional,P1,28,- Planks: 3 sets of 1 minute hold,1
professional_deepseek-r1:14b_P1_run1,deepseek-r1:14b,professional,P1,29,- Cool-Down: Stretching focusing on major muscle groups.,4
professional_deepseek-r1:14b_P1_run1,deepseek-r1:14b,professional,P1,31,3. **Active Recovery & Flexibility (Day 3):**,4
professional_deepseek-r1:14b_P1_run1,deepseek-r1:14b,professional,P1,32,- Exercise: Yoga or Pilates,1
professional_deepseek-r1:14b_P1_run1,deepseek-r1:14b,professional,P1,33,- Duration: 45 minutes,1
professional_deepseek-r1:14b_P1_run1,deepseek-r1:14b,professional,P1,34,"- Focus: Gentle poses to improve flexibility, reduce muscle tension, and promote recovery.",4
professional_deepseek-r1:14b_P1_run1,deepseek-r1:14b,professional,P1,36,4. **High-Intensity Interval Training (HIIT) or Sport-Specific Conditioning (Day 4):**,4
professional_deepseek-r1:14b_P1_run1,deepseek-r1:14b,professional,P1,37,- HIIT Example:,4
professional_deepseek-r1:14b_P1_run1,deepseek-r1:14b,professional,P1,38,"- Burpees: 20 seconds high intensity, rest 20 seconds",1
professional_deepseek-r1:14b_P1_run1,deepseek-r1:14b,professional,P1,39,"- Kettlebell Swings: 30 seconds, rest 30 seconds",4
professional_deepseek-r1:14b_P1_run1,deepseek-r1:14b,professional,P1,40,"- Sprints: 30 seconds, rest 1 minute",1
professional_deepseek-r1:14b_P1_run1,deepseek-r1:14b,professional,P1,41,- Repeat circuit for 15-20 minutes.,1
professional_deepseek-r1:14b_P1_run1,deepseek-r1:14b,professional,P1,42,- Sport-Specific Drills: Incorporate specific skills or agility exercises relevant to his sport.,4
professional_deepseek-r1:14b_P1_run1,deepseek-r1:14b,professional,P1,44,5. **Core & Mobility (Day 5):**,4
professional_deepseek-r1:14b_P1_run1,deepseek-r1:14b,professional,P1,45,- Warm-Up: Dynamic stretching and light cardio for 5-10 minutes.,1
professional_deepseek-r1:14b_P1_run1,deepseek-r1:14b,professional,P1,46,- Core Workout:,4
professional_deepseek-r1:14b_P1_run1,deepseek-r1:14b,professional,P1,47,- Russian Twists: 3 sets of 20 reps,1
professional_deepseek-r1:14b_P1_run1,deepseek-r1:14b,professional,P1,48,- Leg Raises: 3 sets of 15 reps,1
professional_deepseek-r1:14b_P1_run1,deepseek-r1:14b,professional,P1,49,- Side Planks: 3 sets of 45 seconds per side,1
professional_deepseek-r1:14b_P1_run1,deepseek-r1:14b,professional,P1,50,- Bicycle Crunches: 3 sets of 20 reps,1
professional_deepseek-r1:14b_P1_run1,deepseek-r1:14b,professional,P1,51,- Mobility Focus: Joint rotations and flexibility exercises for major muscle groups.,4
professional_deepseek-r1:14b_P1_run1,deepseek-r1:14b,professional,P1,53,6. **Aerobic Cross-Training (Day 6):**,4
professional_deepseek-r1:14b_P1_run1,deepseek-r1:14b,professional,P1,54,"- Exercise: Elliptical, Rowing, or Swimming",1
professional_deepseek-r1:14b_P1_run1,deepseek-r1:14b,professional,P1,55,- Duration: 45 minutes (including warm-up and cool-down),1
professional_deepseek-r1:14b_P1_run1,deepseek-r1:14b,professional,P1,56,- Focus: Vary aerobic activity to maintain interest and cardiovascular development.,4
professional_deepseek-r1:14b_P1_run1,deepseek-r1:14b,professional,P1,58,7. **Rest or Leisure Activity (Day 7):**,4
professional_deepseek-r1:14b_P1_run1,deepseek-r1:14b,professional,P1,59,"- Light activities such as walking, gardening, or leisure reading.",1
professional_deepseek-r1:14b_P1_run1,deepseek-r1:14b,professional,P1,60,- Focus: Complete rest or gentle movement to aid recovery without exertion.,4
professional_deepseek-r1:14b_P1_run1,deepseek-r1:14b,professional,P1,62,**Additional Notes:**,0
professional_deepseek-r1:14b_P1_run1,deepseek-r1:14b,professional,P1,63,- Hydration: Drink plenty of water throughout the day.,4
professional_deepseek-r1:14b_P1_run1,deepseek-r1:14b,professional,P1,64,"- Nutrition: Maintain a balanced diet rich in protein, healthy fats, and complex carbohydrates.",4
professional_deepseek-r1:14b_P1_run1,deepseek-r1:14b,professional,P1,65,- Sleep: Aim for 7-9 hours of quality sleep per night to support recovery.,4
professional_deepseek-r1:14b_P1_run1,deepseek-r1:14b,professional,P1,66,"- Monitoring: Track progress weekly; adjust intensity or volume as needed. If signs of overtraining appear (fatigue, decreased performance), reduce intensity or take an additional rest day.",4
professional_deepseek-r1:14b_P1_run1,deepseek-r1:14b,professional,P1,67,- Variation: Consider cycling through different aerobic exercises and strength routines every few weeks to maintain motivation and prevent plateaus.,4
professional_deepseek-r1:14b_P1_run1,deepseek-r1:14b,professional,P1,69,"This plan balances endurance, strength, flexibility, and recovery, tailored to enhance athletic performance while maintaining overall fitness.",0
professional_deepseek-r1:14b_P2_run1,deepseek-r1:14b,professional,P2,1,**Weekly Exercise Plan for 35-Year-Old Female Patient**,0
professional_deepseek-r1:14b_P2_run1,deepseek-r1:14b,professional,P2,3,**Monday:**,0
professional_deepseek-r1:14b_P2_run1,deepseek-r1:14b,professional,P2,4,1. Warm-Up: Light walking or dynamic stretches | Duration: 5 minutes,1
professional_deepseek-r1:14b_P2_run1,deepseek-r1:14b,professional,P2,5,2. Walking (Cardio) | Intensity: Moderate | Duration: 30 minutes,1
professional_deepseek-r1:14b_P2_run1,deepseek-r1:14b,professional,P2,6,3. Cool Down: Stretching focusing on legs and lower back | Duration: 5 minutes,1
professional_deepseek-r1:14b_P2_run1,deepseek-r1:14b,professional,P2,8,**Tuesday:**,0
professional_deepseek-r1:14b_P2_run1,deepseek-r1:14b,professional,P2,9,1. Upper Body Strength Training | Intensity: Moderate | Duration: 20 minutes,1
professional_deepseek-r1:14b_P2_run1,deepseek-r1:14b,professional,P2,10,"- Push-ups, resistance band rows, lateral raises, bicep curls, tricep dips, planks",4
professional_deepseek-r1:14b_P2_run1,deepseek-r1:14b,professional,P2,11,2. Cool Down: Stretching focusing on shoulders and arms | Duration: 5 minutes,1
professional_deepseek-r1:14b_P2_run1,deepseek-r1:14b,professional,P2,13,**Wednesday:**,0
professional_deepseek-r1:14b_P2_run1,deepseek-r1:14b,professional,P2,14,1. Cycling (Cardio) | Intensity: Moderate | Duration: 30 minutes,1
professional_deepseek-r1:14b_P2_run1,deepseek-r1:14b,professional,P2,15,- Start with stationary bike or outdoor cycling in a safe area,4
professional_deepseek-r1:14b_P2_run1,deepseek-r1:14b,professional,P2,16,"2. Cool Down: Stretching of quads, hamstrings, and calves | Duration: 5 minutes",1
professional_deepseek-r1:14b_P2_run1,deepseek-r1:14b,professional,P2,18,**Thursday:**,0
professional_deepseek-r1:14b_P2_run1,deepseek-r1:14b,professional,P2,19,1. Core Exercise | Intensity: Moderate | Duration: 20 minutes,1
professional_deepseek-r1:14b_P2_run1,deepseek-r1:14b,professional,P2,20,"- Plank, Russian twists, bicycle crunches, leg raises, side bends with resistance band",4
professional_deepseek-r1:14b_P2_run1,deepseek-r1:14b,professional,P2,21,2. Cool Down: Stretching focusing on core muscles | Duration: 5 minutes,1
professional_deepseek-r1:14b_P2_run1,deepseek-r1:14b,professional,P2,23,**Friday:**,0
professional_deepseek-r1:14b_P2_run1,deepseek-r1:14b,professional,P2,24,1. Lower Body Strength Training | Intensity: Moderate | Duration: 20 minutes,1
professional_deepseek-r1:14b_P2_run1,deepseek-r1:14b,professional,P2,25,"- Squats, lunges, glute bridges, step-ups, deadlifts using bodyweight or resistance bands",4
professional_deepseek-r1:14b_P2_run1,deepseek-r1:14b,professional,P2,26,"2. Cool Down: Stretching of thighs, hips, and lower back | Duration: 5 minutes",1
professional_deepseek-r1:14b_P2_run1,deepseek-r1:14b,professional,P2,28,**Saturday:**,0
professional_deepseek-r1:14b_P2_run1,deepseek-r1:14b,professional,P2,29,1. Yoga (Flexibility & Balance) | Intensity: Gentle to Moderate | Duration: 30 minutes,1
professional_deepseek-r1:14b_P2_run1,deepseek-r1:14b,professional,P2,30,"- Focus on poses like downward dog, tree pose, warrior II, and child's pose",4
professional_deepseek-r1:14b_P2_run1,deepseek-r1:14b,professional,P2,31,2. Cool Down: Relaxation or meditation session | Duration: 5 minutes,1
professional_deepseek-r1:14b_P2_run1,deepseek-r1:14b,professional,P2,33,**Sunday:**,0
professional_deepseek-r1:14b_P2_run1,deepseek-r1:14b,professional,P2,34,1. Light Hiking (Cardio & Flexibility) | Intensity: Moderate | Duration: 30-45 minutes,1
professional_deepseek-r1:14b_P2_run1,deepseek-r1:14b,professional,P2,35,- Choose a trail with gentle terrain to accommodate her fitness level,4
professional_deepseek-r1:14b_P2_run1,deepseek-r1:14b,professional,P2,36,2. Cool Down: Stretching focusing on all major muscle groups | Duration: 5 minutes,1
professional_deepseek-r1:14b_P2_run1,deepseek-r1:14b,professional,P2,38,**Additional Notes and Recommendations:**,0
professional_deepseek-r1:14b_P2_run1,deepseek-r1:14b,professional,P2,39,"- **Hydration:** Drink plenty of water throughout the day, especially before, during, and after exercise.",4
professional_deepseek-r1:14b_P2_run1,deepseek-r1:14b,professional,P2,40,"- **Clothing:** Wear comfortable, breathable clothing suitable for each activity.",4
professional_deepseek-r1:14b_P2_run1,deepseek-r1:14b,professional,P2,41,"- **Listen to Your Body:** If any exercise causes pain or discomfort, stop and consult a healthcare provider if necessary.",3
professional_deepseek-r1:14b_P2_run1,deepseek-r1:14b,professional,P2,42,"- **Track Progress:** Keep a log of exercises, duration, and how you feel post-workout. Adjust the plan as needed based on progress.",4
professional_deepseek-r1:14b_P2_run1,deepseek-r1:14b,professional,P2,44,This plan is designed to gradually build her fitness level while ensuring a balanced approach to physical activity. It incorporates various aspects of exercise to promote overall health and well-being.,0
professional_deepseek-r1:14b_P3_run1,deepseek-r1:14b,professional,P3,1,**Weekly Exercise Plan for 55-Year-Old Male with Controlled Hypertension**,0
professional_deepseek-r1:14b_P3_run1,deepseek-r1:14b,professional,P3,3,**Monday: Aerobic Exercise**,0
professional_deepseek-r1:14b_P3_run1,deepseek-r1:14b,professional,P3,4,1. Brisk Walking | Intensity: Moderate | Duration: 30 minutes,1
professional_deepseek-r1:14b_P3_run1,deepseek-r1:14b,professional,P3,5,- Start with a 5-minute warm-up walk.,4
professional_deepseek-r1:14b_P3_run1,deepseek-r1:14b,professional,P3,6,- Maintain a moderate pace for 25 minutes.,1
professional_deepseek-r1:14b_P3_run1,deepseek-r1:14b,professional,P3,7,- Cool down with a 5-minute slow walk.,4
professional_deepseek-r1:14b_P3_run1,deepseek-r1:14b,professional,P3,9,**Tuesday: Strength Training**,0
professional_deepseek-r1:14b_P3_run1,deepseek-r1:14b,professional,P3,10,1. Machine Chest Press | Intensity: Light to Moderate | Duration: 10 minutes (3 sets of 12 reps),1
professional_deepseek-r1:14b_P3_run1,deepseek-r1:14b,professional,P3,11,2. Leg Press | Intensity: Light to Moderate | Duration: 10 minutes (3 sets of 12 reps),1
professional_deepseek-r1:14b_P3_run1,deepseek-r1:14b,professional,P3,12,3. Dumbbell Shoulder Press | Intensity: Light to Moderate | Duration: 10 minutes (3 sets of 12 reps),1
professional_deepseek-r1:14b_P3_run1,deepseek-r1:14b,professional,P3,13,4. Seated Row Machine | Intensity: Light to Moderate | Duration: 10 minutes (3 sets of 12 reps),1
professional_deepseek-r1:14b_P3_run1,deepseek-r1:14b,professional,P3,15,**Wednesday: Active Recovery**,2
professional_deepseek-r1:14b_P3_run1,deepseek-r1:14b,professional,P3,16,1. Stretching Routine (Focusing on Major Muscle Groups) | Intensity: Light | Duration: 20 minutes,1
professional_deepseek-r1:14b_P3_run1,deepseek-r1:14b,professional,P3,17,"2. Balance Exercises (e.g., Single-Leg Stance, Heel-to-Toe Walk) | Intensity: Light | Duration: 15 minutes",1
professional_deepseek-r1:14b_P3_run1,deepseek-r1:14b,professional,P3,19,**Thursday: Aerobic Exercise**,0
professional_deepseek-r1:14b_P3_run1,deepseek-r1:14b,professional,P3,20,1. Cycling or Elliptical Training | Intensity: Moderate | Duration: 30 minutes,1
professional_deepseek-r1:14b_P3_run1,deepseek-r1:14b,professional,P3,21,- Include a 5-minute warm-up and cool-down.,4
professional_deepseek-r1:14b_P3_run1,deepseek-r1:14b,professional,P3,23,**Friday: Strength Training (Lower Intensity)**,0
professional_deepseek-r1:14b_P3_run1,deepseek-r1:14b,professional,P3,24,1. Resistance Band Rows | Intensity: Light to Moderate | Duration: 10 minutes (3 sets of 12 reps),1
professional_deepseek-r1:14b_P3_run1,deepseek-r1:14b,professional,P3,25,2. Bicep Curls with Light Weights | Intensity: Light to Moderate | Duration: 10 minutes (3 sets of 12 reps),1
professional_deepseek-r1:14b_P3_run1,deepseek-r1:14b,professional,P3,26,3. Tricep Dips on a Chair | Intensity: Light to Moderate | Duration: 10 minutes (3 sets of 12 reps),1
professional_deepseek-r1:14b_P3_run1,deepseek-r1:14b,professional,P3,28,**Saturday: Outdoor Activity**,0
professional_deepseek-r1:14b_P3_run1,deepseek-r1:14b,professional,P3,29,1. Hiking or Nature Walk | Intensity: Moderate | Duration: 45 minutes,1
professional_deepseek-r1:14b_P3_run1,deepseek-r1:14b,professional,P3,30,- Incorporate light stretching before and after.,4
professional_deepseek-r1:14b_P3_run1,deepseek-r1:14b,professional,P3,32,**Sunday: Flexibility and Core Focus**,0
professional_deepseek-r1:14b_P3_run1,deepseek-r1:14b,professional,P3,33,1. Yoga Session Focusing on Flexibility and Balance | Intensity: Light | Duration: 30 minutes,1
professional_deepseek-r1:14b_P3_run1,deepseek-r1:14b,professional,P3,34,"2. Core Exercises (e.g., Planks, Bird-Dog) | Intensity: Light to Moderate | Duration: 15 minutes",1
professional_deepseek-r1:14b_P3_run1,deepseek-r1:14b,professional,P3,36,**Additional Notes:**,0
professional_deepseek-r1:14b_P3_run1,deepseek-r1:14b,professional,P3,37,"- **Hydration:** Ensure adequate hydration before, during, and after exercise.",4
professional_deepseek-r1:14b_P3_run1,deepseek-r1:14b,professional,P3,38,"- **Monitor Symptoms:** If any dizziness, chest pain, or unusual symptoms occur, stop exercising immediately.",3
professional_deepseek-r1:14b_P3_run1,deepseek-r1:14b,professional,P3,39,- **Warm-Up/Cool-Down:** Always include a warm-up and cool-down to gradually adjust heart rate.,3
professional_deepseek-r1:14b_P3_run1,deepseek-r1:14b,professional,P3,40,"- **Consult Healthcare Provider:** Before starting the program, consult with his healthcare provider, especially regarding current medications.",3
professional_deepseek-r1:14b_P3_run1,deepseek-r1:14b,professional,P3,41,- **Blood Pressure Monitoring:** Encourage tracking blood pressure before and after exercise to observe changes.,3
professional_deepseek-r1:14b_P3_run1,deepseek-r1:14b,professional,P3,43,"This plan balances aerobic and strength training with flexibility and balance exercises, ensuring a comprehensive approach to improving cardiovascular health while managing hypertension safely.",0
professional_deepseek-r1:14b_P4_run1,deepseek-r1:14b,professional,P4,1,**Weekly Exercise Program for a 60-Year-Old Female with Type 2 Diabetes and Obesity**,0
professional_deepseek-r1:14b_P4_run1,deepseek-r1:14b,professional,P4,3,**Monday: Aerobic Exercise - Walking**,0
professional_deepseek-r1:14b_P4_run1,deepseek-r1:14b,professional,P4,4,1. Warm-Up: 5 minutes of light walking or gentle stretching,1
professional_deepseek-r1:14b_P4_run1,deepseek-r1:14b,professional,P4,5,2. Brisk Walking: Intensity - Moderate | Duration - 30 minutes,1
professional_deepseek-r1:14b_P4_run1,deepseek-r1:14b,professional,P4,6,"- Focus on maintaining a steady pace, gradually increasing speed as endurance builds",4
professional_deepseek-r1:14b_P4_run1,deepseek-r1:14b,professional,P4,7,3. Cool Down: 5 minutes of slow walking and stretching,1
professional_deepseek-r1:14b_P4_run1,deepseek-r1:14b,professional,P4,9,**Tuesday: Strength Training**,0
professional_deepseek-r1:14b_P4_run1,deepseek-r1:14b,professional,P4,10,1. Warm-Up: 5 minutes of light walking or gentle stretching,1
professional_deepseek-r1:14b_P4_run1,deepseek-r1:14b,professional,P4,11,2. Resistance Band Exercises:,1
professional_deepseek-r1:14b_P4_run1,deepseek-r1:14b,professional,P4,12,- Seated Rows | Intensity - Moderate | Duration - 1 set of 10-12 reps,1
professional_deepseek-r1:14b_P4_run1,deepseek-r1:14b,professional,P4,13,- Shoulder Press | Intensity - Moderate | Duration - 1 set of 8-10 reps,1
professional_deepseek-r1:14b_P4_run1,deepseek-r1:14b,professional,P4,14,- Bicep Curls and Tricep Pushdowns | Intensity - Moderate | Duration - 1 set each of 8-10 reps,1
professional_deepseek-r1:14b_P4_run1,deepseek-r1:14b,professional,P4,15,3. Cool Down: Stretching focusing on major muscle groups,1
professional_deepseek-r1:14b_P4_run1,deepseek-r1:14b,professional,P4,17,**Wednesday: Flexibility and Balance**,0
professional_deepseek-r1:14b_P4_run1,deepseek-r1:14b,professional,P4,18,1. Warm-Up: 5 minutes of light walking or gentle stretching,1
professional_deepseek-r1:14b_P4_run1,deepseek-r1:14b,professional,P4,19,2. Stretching Exercises:,1
professional_deepseek-r1:14b_P4_run1,deepseek-r1:14b,professional,P4,20,- Hamstring Stretch | Intensity - Light | Duration - 2 sets of 20-30 seconds per leg,1
professional_deepseek-r1:14b_P4_run1,deepseek-r1:14b,professional,P4,21,- Quad Stretch | Intensity - Light | Duration - 2 sets of 20-30 seconds per leg,1
professional_deepseek-r1:14b_P4_run1,deepseek-r1:14b,professional,P4,22,3. Balance Exercises:,1
professional_deepseek-r1:14b_P4_run1,deepseek-r1:14b,professional,P4,23,- Single-Leg Stand (use chair for support) | Intensity - Moderate | Duration - 1 minute per leg,1
professional_deepseek-r1:14b_P4_run1,deepseek-r1:14b,professional,P4,24,- Heel-to-Toe Walk | Intensity - Moderate | Duration - 5 minutes,1
professional_deepseek-r1:14b_P4_run1,deepseek-r1:14b,professional,P4,25,4. Cool Down: Gentle stretches,1
professional_deepseek-r1:14b_P4_run1,deepseek-r1:14b,professional,P4,27,**Thursday: Aerobic Exercise - Walking**,0
professional_deepseek-r1:14b_P4_run1,deepseek-r1:14b,professional,P4,28,"Same as Monday, with a focus on maintaining or slightly increasing walking pace and duration if feeling comfortable.",4
professional_deepseek-r1:14b_P4_run1,deepseek-r1:14b,professional,P4,30,**Friday: Strength Training**,0
professional_deepseek-r1:14b_P4_run1,deepseek-r1:14b,professional,P4,31,"Same as Tuesday, focusing on proper form and gradually increasing resistance if possible.",4
professional_deepseek-r1:14b_P4_run1,deepseek-r1:14b,professional,P4,33,"**Saturday: Low-Impact Aerobic Activity (e.g., Water Aerobics or Stationary Bike)**",0
professional_deepseek-r1:14b_P4_run1,deepseek-r1:14b,professional,P4,34,1. Warm-Up: 5 minutes of light activity,1
professional_deepseek-r1:14b_P4_run1,deepseek-r1:14b,professional,P4,35,2. Moderate-Intensity Exercise | Duration - 30 minutes,1
professional_deepseek-r1:14b_P4_run1,deepseek-r1:14b,professional,P4,36,"- Choose an activity that minimizes joint stress, such as water aerobics or a stationary bike",4
professional_deepseek-r1:14b_P4_run1,deepseek-r1:14b,professional,P4,37,3. Cool Down: Stretching,1
professional_deepseek-r1:14b_P4_run1,deepseek-r1:14b,professional,P4,39,**Sunday: Active Recovery and Balance**,2
professional_deepseek-r1:14b_P4_run1,deepseek-r1:14b,professional,P4,40,1. Light Walking or Gentle Yoga:,1
professional_deepseek-r1:14b_P4_run1,deepseek-r1:14b,professional,P4,41,- Intensity - Light | Duration - 20-30 minutes,1
professional_deepseek-r1:14b_P4_run1,deepseek-r1:14b,professional,P4,42,2. Balance Exercises (as on Wednesday) with possible increase in duration or difficulty,1
professional_deepseek-r1:14b_P4_run1,deepseek-r1:14b,professional,P4,43,3. Cool Down: Gentle stretching focusing on relaxation,1
professional_deepseek-r1:14b_P4_run1,deepseek-r1:14b,professional,P4,45,**Additional Notes and Recommendations:**,0
professional_deepseek-r1:14b_P4_run1,deepseek-r1:14b,professional,P4,47,- **Blood Sugar Monitoring:** Check blood glucose before and after exercise. Have a fast-acting carbohydrate snack nearby if levels drop below 70 mg/dL.,3
professional_deepseek-r1:14b_P4_run1,deepseek-r1:14b,professional,P4,48,"- **Hydration:** Drink water before, during (if intense), and after exercise.",4
professional_deepseek-r1:14b_P4_run1,deepseek-r1:14b,professional,P4,49,"- **Foot Care:** Inspect feet daily for blisters or redness, wear comfortable shoes, and maintain proper foot hygiene.",4
professional_deepseek-r1:14b_P4_run1,deepseek-r1:14b,professional,P4,50,"- **Progression:** Gradually increase intensity, duration, or resistance as endurance improves. Reassess the plan every 4-6 weeks.",4
professional_deepseek-r1:14b_P4_run1,deepseek-r1:14b,professional,P4,51,- **Fall Prevention:** Ensure safe exercise environments with non-slip floors and use support aids if needed.,4
professional_deepseek-r1:14b_P4_run1,deepseek-r1:14b,professional,P4,53,"This program is designed to be adaptable based on her progress and any changes in health status. Always encourage consulting healthcare providers before starting new routines, especially for those with chronic conditions.",3
professional_deepseek-r1:14b_P5_run1,deepseek-r1:14b,professional,P5,1,**Weekly Exercise Program for Patient with Knee Osteoarthritis**,0
professional_deepseek-r1:14b_P5_run1,deepseek-r1:14b,professional,P5,3,**Day 1: Lower Body Strengthening**,0
professional_deepseek-r1:14b_P5_run1,deepseek-r1:14b,professional,P5,4,1. Warm-Up: 5 minutes of light cycling or dynamic stretching.,1
professional_deepseek-r1:14b_P5_run1,deepseek-r1:14b,professional,P5,5,2. Seated Leg Extensions: 3 sets of 12-15 reps (Intensity: Moderate).,1
professional_deepseek-r1:14b_P5_run1,deepseek-r1:14b,professional,P5,6,3. Hamstring Curls: 3 sets of 12-15 reps using a machine or bodyweight (Moderate).,1
professional_deepseek-r1:14b_P5_run1,deepseek-r1:14b,professional,P5,7,4. Straight Leg Raises: 3 sets of 12-15 reps lying on back (Light).,1
professional_deepseek-r1:14b_P5_run1,deepseek-r1:14b,professional,P5,8,"5. Cool Down: 5 minutes of static stretching focusing on hamstrings, quads, and calves.",1
professional_deepseek-r1:14b_P5_run1,deepseek-r1:14b,professional,P5,10,**Day 2: Balance and Core**,0
professional_deepseek-r1:14b_P5_run1,deepseek-r1:14b,professional,P5,11,1. Warm-Up: 5 minutes of gentle walking or dynamic stretches.,1
professional_deepseek-r1:14b_P5_run1,deepseek-r1:14b,professional,P5,12,2. Single-Leg Stands: 3 sets of 20-30 seconds per leg (Light to Moderate).,1
professional_deepseek-r1:14b_P5_run1,deepseek-r1:14b,professional,P5,13,3. Plank: 3 sets of 30-45 seconds (Moderate).,1
professional_deepseek-r1:14b_P5_run1,deepseek-r1:14b,professional,P5,14,4. Bird-Dog Exercise: 3 sets of 8-10 reps per side (Moderate).,1
professional_deepseek-r1:14b_P5_run1,deepseek-r1:14b,professional,P5,15,5. Cool Down: 5 minutes of core stretching and relaxation.,1
professional_deepseek-r1:14b_P5_run1,deepseek-r1:14b,professional,P5,17,**Day 3: Cardiovascular Activity**,0
professional_deepseek-r1:14b_P5_run1,deepseek-r1:14b,professional,P5,18,1. Warm-Up: 5 minutes of light walking or stationary cycling.,1
professional_deepseek-r1:14b_P5_run1,deepseek-r1:14b,professional,P5,19,2. Low-Impact Aerobics: 20 minutes on an elliptical or swimming (Moderate to Vigorous).,1
professional_deepseek-r1:14b_P5_run1,deepseek-r1:14b,professional,P5,20,3. Cool Down: 5 minutes of stretching focusing on the lower body.,1
professional_deepseek-r1:14b_P5_run1,deepseek-r1:14b,professional,P5,22,**Additional Notes:**,0
professional_deepseek-r1:14b_P5_run1,deepseek-r1:14b,professional,P5,23,"- **Monitor Pain:** If knee pain worsens, reduce intensity or consult healthcare provider.",3
professional_deepseek-r1:14b_P5_run1,deepseek-r1:14b,professional,P5,24,- **Proper Form:** Ensure correct technique to prevent injury; consider using machines for support.,4
professional_deepseek-r1:14b_P5_run1,deepseek-r1:14b,professional,P5,25,"- **Progression:** Gradually increase duration and intensity as tolerated, aiming for 30 minutes per session.",4
professional_deepseek-r1:14b_P5_run1,deepseek-r1:14b,professional,P5,26,"- **Consult Healthcare Provider:** Before starting any new program, especially if unsure about safety.",3
professional_deepseek-r1:14b_P5_run1,deepseek-r1:14b,professional,P5,28,"This plan focuses on strengthening, balance, core stability, and low-impact cardio to reduce knee pain and improve mobility while being cautious of his joint condition.",0
professional_deepseek-r1:14b_P6_run1,deepseek-r1:14b,professional,P6,1,**Weekly Exercise Program for Patient**,0
professional_deepseek-r1:14b_P6_run1,deepseek-r1:14b,professional,P6,3,**Day 1: Monday**,0
professional_deepseek-r1:14b_P6_run1,deepseek-r1:14b,professional,P6,4,1. Walking | Intensity: Moderate | Duration: 5 minutes,1
professional_deepseek-r1:14b_P6_run1,deepseek-r1:14b,professional,P6,5,- Start with a slow walk to ease into the routine.,4
professional_deepseek-r1:14b_P6_run1,deepseek-r1:14b,professional,P6,7,2. Gentle Stretching | Intensity: Light | Duration: 5 minutes,1
professional_deepseek-r1:14b_P6_run1,deepseek-r1:14b,professional,P6,8,- Focus on upper body and lower body stretches.,4
professional_deepseek-r1:14b_P6_run1,deepseek-r1:14b,professional,P6,10,**Day 2: Tuesday**,0
professional_deepseek-r1:14b_P6_run1,deepseek-r1:14b,professional,P6,11,1. Walking | Intensity: Moderate | Duration: 7 minutes,1
professional_deepseek-r1:14b_P6_run1,deepseek-r1:14b,professional,P6,12,- Increase by 2 minutes from Monday.,1
professional_deepseek-r1:14b_P6_run1,deepseek-r1:14b,professional,P6,14,2. Resistance Training (Bands) | Intensity: Light | Duration: 8 minutes,1
professional_deepseek-r1:14b_P6_run1,deepseek-r1:14b,professional,P6,15,"- Focus on legs, incorporating seated or standing exercises.",4
professional_deepseek-r1:14b_P6_run1,deepseek-r1:14b,professional,P6,17,3. Stretching | Intensity: Light | Duration: 5 minutes,1
professional_deepseek-r1:14b_P6_run1,deepseek-r1:14b,professional,P6,18,- Continue with upper and lower body stretches.,4
professional_deepseek-r1:14b_P6_run1,deepseek-r1:14b,professional,P6,20,**Day 3: Wednesday**,0
professional_deepseek-r1:14b_P6_run1,deepseek-r1:14b,professional,P6,21,1. Walking | Intensity: Moderate | Duration: 9 minutes,1
professional_deepseek-r1:14b_P6_run1,deepseek-r1:14b,professional,P6,22,- Increase by another 2 minutes.,1
professional_deepseek-r1:14b_P6_run1,deepseek-r1:14b,professional,P6,24,2. Gentle Stretching | Intensity: Light | Duration: 5 minutes,1
professional_deepseek-r1:14b_P6_run1,deepseek-r1:14b,professional,P6,26,**Day 4: Thursday**,0
professional_deepseek-r1:14b_P6_run1,deepseek-r1:14b,professional,P6,27,1. Walking | Intensity: Moderate | Duration: 11 minutes,1
professional_deepseek-r1:14b_P6_run1,deepseek-r1:14b,professional,P6,28,"- Continue to increase, incorporating interval walking.",1
professional_deepseek-r1:14b_P6_run1,deepseek-r1:14b,professional,P6,30,2. Resistance Training (Bands) | Intensity: Light | Duration: 8 minutes,1
professional_deepseek-r1:14b_P6_run1,deepseek-r1:14b,professional,P6,31,- Focus on upper body exercises.,4
professional_deepseek-r1:14b_P6_run1,deepseek-r1:14b,professional,P6,33,3. Stretching | Intensity: Light | Duration: 5 minutes,1
professional_deepseek-r1:14b_P6_run1,deepseek-r1:14b,professional,P6,35,**Day 5: Friday**,0
professional_deepseek-r1:14b_P6_run1,deepseek-r1:14b,professional,P6,36,1. Walking | Intensity: Moderate | Duration: 13 minutes,1
professional_deepseek-r1:14b_P6_run1,deepseek-r1:14b,professional,P6,37,- Continue with interval walking.,1
professional_deepseek-r1:14b_P6_run1,deepseek-r1:14b,professional,P6,39,2. Resistance Training (Bands) | Intensity: Light | Duration: 8 minutes,1
professional_deepseek-r1:14b_P6_run1,deepseek-r1:14b,professional,P6,40,- Focus on lower body exercises.,4
professional_deepseek-r1:14b_P6_run1,deepseek-r1:14b,professional,P6,42,3. Stretching | Intensity: Light | Duration: 5 minutes,1
professional_deepseek-r1:14b_P6_run1,deepseek-r1:14b,professional,P6,44,**Day 6: Saturday**,0
professional_deepseek-r1:14b_P6_run1,deepseek-r1:14b,professional,P6,45,1. Walking | Intensity: Moderate | Duration: 15 minutes,1
professional_deepseek-r1:14b_P6_run1,deepseek-r1:14b,professional,P6,46,"- Increase to 15 minutes, incorporating balance exercises.",1
professional_deepseek-r1:14b_P6_run1,deepseek-r1:14b,professional,P6,48,2. Gentle Yoga | Intensity: Light | Duration: 10 minutes,1
professional_deepseek-r1:14b_P6_run1,deepseek-r1:14b,professional,P6,49,- Focus on flexibility and relaxation.,4
professional_deepseek-r1:14b_P6_run1,deepseek-r1:14b,professional,P6,51,3. Stretching | Intensity: Light | Duration: 5 minutes,1
professional_deepseek-r1:14b_P6_run1,deepseek-r1:14b,professional,P6,53,**Day 7: Sunday**,0
professional_deepseek-r1:14b_P6_run1,deepseek-r1:14b,professional,P6,54,1. Walking | Intensity: Moderate | Duration: 17 minutes,1
professional_deepseek-r1:14b_P6_run1,deepseek-r1:14b,professional,P6,55,- Continue with balance exercises.,4
professional_deepseek-r1:14b_P6_run1,deepseek-r1:14b,professional,P6,57,2. Gentle Stretching | Intensity: Light | Duration: 5 minutes,1
professional_deepseek-r1:14b_P6_run1,deepseek-r1:14b,professional,P6,59,---,4
professional_deepseek-r1:14b_P6_run1,deepseek-r1:14b,professional,P6,61,**Additional Notes and Recommendations:**,0
professional_deepseek-r1:14b_P6_run1,deepseek-r1:14b,professional,P6,63,"- **Monitor Symptoms:** Watch for any signs of chest pain, dizziness, or shortness of breath. Stop exercise immediately if symptoms arise and seek medical help.",3
professional_deepseek-r1:14b_P6_run1,deepseek-r1:14b,professional,P6,65,"- **Hydration:** Drink plenty of water before, during, and after exercise to stay hydrated.",4
professional_deepseek-r1:14b_P6_run1,deepseek-r1:14b,professional,P6,67,- **Avoid Heavy Meals Before Exercise:** Ensure she allows time for digestion before exercising.,4
professional_deepseek-r1:14b_P6_run1,deepseek-r1:14b,professional,P6,69,"- **Clothing:** Wear comfortable, breathable clothing and appropriate footwear.",4
professional_deepseek-r1:14b_P6_run1,deepseek-r1:14b,professional,P6,71,"- **Gradual Progression:** Increase duration and intensity slowly, ensuring tolerance.",4
professional_deepseek-r1:14b_P6_run1,deepseek-r1:14b,professional,P6,73,- **Balance Training:** Include balance exercises like standing on one leg or side steps to prevent falls.,4
professional_deepseek-r1:14b_P6_run1,deepseek-r1:14b,professional,P6,75,"- **Yoga Session:** On day 7, focus on low-intensity yoga for flexibility, strength, and relaxation.",4
professional_deepseek-r1:14b_P6_run1,deepseek-r1:14b,professional,P6,77,- **Consult Healthcare Provider:** Schedule regular follow-ups with her healthcare provider to review progress and make necessary adjustments.,3
professional_deepseek-r1:14b_P6_run1,deepseek-r1:14b,professional,P6,79,"This plan is designed to be safe and effective, considering her medical history and current condition. It emphasizes gradual progression and a variety of exercises to promote overall health and well-being.",0
professional_deepseek-r1:14b_P7_run1,deepseek-r1:14b,professional,P7,1,**Weekly Exercise Program for Recreational Sports Enhancement**,0
professional_deepseek-r1:14b_P7_run1,deepseek-r1:14b,professional,P7,3,**Monday: Endurance Focus**,0
professional_deepseek-r1:14b_P7_run1,deepseek-r1:14b,professional,P7,4,1. High-Intensity Interval Training (HIIT) - 60 minutes,1
professional_deepseek-r1:14b_P7_run1,deepseek-r1:14b,professional,P7,5,- Warm-up: 5 minutes of light jogging or cycling.,1
professional_deepseek-r1:14b_P7_run1,deepseek-r1:14b,professional,P7,6,"- HIIT Session: Alternate between 30 seconds of maximum effort (e.g., sprinting, burpees) and 30 seconds of low-intensity recovery (e.g., walking). Repeat for 20 intervals.",1
professional_deepseek-r1:14b_P7_run1,deepseek-r1:14b,professional,P7,7,- Cool-down: 5 minutes of stretching.,1
professional_deepseek-r1:14b_P7_run1,deepseek-r1:14b,professional,P7,9,**Tuesday: Strength Training**,0
professional_deepseek-r1:14b_P7_run1,deepseek-r1:14b,professional,P7,10,1. Compound Lifts - 60 minutes,1
professional_deepseek-r1:14b_P7_run1,deepseek-r1:14b,professional,P7,11,- Squats: 4 sets of 8 reps,1
professional_deepseek-r1:14b_P7_run1,deepseek-r1:14b,professional,P7,12,- Deadlifts: 4 sets of 6 reps,1
professional_deepseek-r1:14b_P7_run1,deepseek-r1:14b,professional,P7,13,- Bench Press: 4 sets of 8 reps,1
professional_deepseek-r1:14b_P7_run1,deepseek-r1:14b,professional,P7,14,"- Rows (e.g., barbell): 4 sets of 8 reps",1
professional_deepseek-r1:14b_P7_run1,deepseek-r1:14b,professional,P7,15,- Cool-down: 10 minutes of stretching.,1
professional_deepseek-r1:14b_P7_run1,deepseek-r1:14b,professional,P7,17,**Wednesday: Active Recovery**,2
professional_deepseek-r1:14b_P7_run1,deepseek-r1:14b,professional,P7,18,1. Yoga and Stretching - 30-45 minutes,1
professional_deepseek-r1:14b_P7_run1,deepseek-r1:14b,professional,P7,19,"- Focus on poses that improve flexibility and recovery, such as downward dog, child's pose, and hip openers.",4
professional_deepseek-r1:14b_P7_run1,deepseek-r1:14b,professional,P7,20,- Include deep breathing exercises for relaxation.,4
professional_deepseek-r1:14b_P7_run1,deepseek-r1:14b,professional,P7,22,**Thursday: Endurance Focus (Steady-State Cardio)**,0
professional_deepseek-r1:14b_P7_run1,deepseek-r1:14b,professional,P7,23,1. Steady-State Cardio - 60 minutes,1
professional_deepseek-r1:14b_P7_run1,deepseek-r1:14b,professional,P7,24,"- Choose an activity like running, cycling, or swimming at a moderate pace to enhance endurance.",1
professional_deepseek-r1:14b_P7_run1,deepseek-r1:14b,professional,P7,25,- Warm-up: 5 minutes of light jogging.,1
professional_deepseek-r1:14b_P7_run1,deepseek-r1:14b,professional,P7,26,- Cool-down: 5 minutes of walking and stretching.,1
professional_deepseek-r1:14b_P7_run1,deepseek-r1:14b,professional,P7,28,**Friday: Functional Training**,0
professional_deepseek-r1:14b_P7_run1,deepseek-r1:14b,professional,P7,29,1. Functional Workouts - 60 minutes,1
professional_deepseek-r1:14b_P7_run1,deepseek-r1:14b,professional,P7,30,- Kettlebell Swings: 3 sets of 12 reps,1
professional_deepseek-r1:14b_P7_run1,deepseek-r1:14b,professional,P7,31,- Medicine Ball Throws: 3 sets of 10 reps,1
professional_deepseek-r1:14b_P7_run1,deepseek-r1:14b,professional,P7,32,- Plank to Push-Up: 3 sets of 15 reps per side,1
professional_deepseek-r1:14b_P7_run1,deepseek-r1:14b,professional,P7,33,- Cool-down: 10 minutes of stretching.,1
professional_deepseek-r1:14b_P7_run1,deepseek-r1:14b,professional,P7,35,**Saturday: Active Recovery**,2
professional_deepseek-r1:14b_P7_run1,deepseek-r1:14b,professional,P7,36,1. Light Cardio and Stretching - 45-60 minutes,1
professional_deepseek-r1:14b_P7_run1,deepseek-r1:14b,professional,P7,37,"- Activities like swimming, walking, or cycling at a leisurely pace.",4
professional_deepseek-r1:14b_P7_run1,deepseek-r1:14b,professional,P7,38,- Include dynamic stretching to enhance flexibility and recovery.,4
professional_deepseek-r1:14b_P7_run1,deepseek-r1:14b,professional,P7,40,**Sunday: Rest or Leisure Activity**,2
professional_deepseek-r1:14b_P7_run1,deepseek-r1:14b,professional,P7,41,1. Rest Day - Complete rest or leisure activities such as hiking or swimming for enjoyment without intense exercise.,1
professional_deepseek-r1:14b_P7_run1,deepseek-r1:14b,professional,P7,43,**Additional Recommendations:**,0
professional_deepseek-r1:14b_P7_run1,deepseek-r1:14b,professional,P7,44,"- **Nutrition:** Maintain a balanced diet rich in lean proteins, complex carbohydrates, and healthy fats. Ensure adequate protein intake for muscle repair.",4
professional_deepseek-r1:14b_P7_run1,deepseek-r1:14b,professional,P7,45,"- **Hydration:** Drink plenty of water throughout the day, especially before, during, and after workouts.",4
professional_deepseek-r1:14b_P7_run1,deepseek-r1:14b,professional,P7,46,- **Sleep:** Aim for 7-9 hours of quality sleep each night to support recovery and performance.,4
professional_deepseek-r1:14b_P7_run1,deepseek-r1:14b,professional,P7,47,- **Warm-Up/Cool-Down:** Always include a dynamic warm-up before sessions and a cool-down with static stretching.,4
professional_deepseek-r1:14b_P7_run1,deepseek-r1:14b,professional,P7,49,"This structured plan balances endurance, strength, flexibility, and recovery to enhance performance in recreational sports while promoting overall health.",4
professional_deepseek-r1:14b_P8_run1,deepseek-r1:14b,professional,P8,1,**Weekly Exercise Program for Patient**,0
professional_deepseek-r1:14b_P8_run1,deepseek-r1:14b,professional,P8,3,**Day 1: Monday**,0
professional_deepseek-r1:14b_P8_run1,deepseek-r1:14b,professional,P8,4,1. Walking | Intensity: Moderate | Duration: 30 minutes,1
professional_deepseek-r1:14b_P8_run1,deepseek-r1:14b,professional,P8,5,- Start with a brisk walk around your neighborhood or on a treadmill.,4
professional_deepseek-r1:14b_P8_run1,deepseek-r1:14b,professional,P8,7,**Day 2: Tuesday**,0
professional_deepseek-r1:14b_P8_run1,deepseek-r1:14b,professional,P8,8,1. Stretching/Yoga | Intensity: Light | Duration: 20 minutes,1
professional_deepseek-r1:14b_P8_run1,deepseek-r1:14b,professional,P8,9,- Focus on improving flexibility and relaxation.,4
professional_deepseek-r1:14b_P8_run1,deepseek-r1:14b,professional,P8,11,**Day 3: Wednesday**,0
professional_deepseek-r1:14b_P8_run1,deepseek-r1:14b,professional,P8,12,1. Resistance Band Training | Intensity: Moderate | Duration: 25-30 minutes,1
professional_deepseek-r1:14b_P8_run1,deepseek-r1:14b,professional,P8,13,"- Include exercises like chest presses, rows, and leg extensions.",4
professional_deepseek-r1:14b_P8_run1,deepseek-r1:14b,professional,P8,15,**Day 4: Thursday**,0
professional_deepseek-r1:14b_P8_run1,deepseek-r1:14b,professional,P8,16,1. Swimming or Walking | Intensity: Moderate | Duration: 30 minutes,1
professional_deepseek-r1:14b_P8_run1,deepseek-r1:14b,professional,P8,17,- Choose an activity that is easy on the joints.,4
professional_deepseek-r1:14b_P8_run1,deepseek-r1:14b,professional,P8,19,**Day 5: Friday**,0
professional_deepseek-r1:14b_P8_run1,deepseek-r1:14b,professional,P8,20,1. Core Exercises | Intensity: Moderate | Duration: 20-30 minutes,1
professional_deepseek-r1:14b_P8_run1,deepseek-r1:14b,professional,P8,21,"- Perform planks, bird-dogs, and leg raises to strengthen core muscles.",4
professional_deepseek-r1:14b_P8_run1,deepseek-r1:14b,professional,P8,23,**Day 6: Saturday**,0
professional_deepseek-r1:14b_P8_run1,deepseek-r1:14b,professional,P8,24,1. Walking or Cycling | Intensity: Moderate | Duration: 30 minutes,1
professional_deepseek-r1:14b_P8_run1,deepseek-r1:14b,professional,P8,25,- Enjoy an outdoor walk or cycle on a stationary bike.,4
professional_deepseek-r1:14b_P8_run1,deepseek-r1:14b,professional,P8,27,**Day 7: Sunday**,0
professional_deepseek-r1:14b_P8_run1,deepseek-r1:14b,professional,P8,28,1. Rest/Active Recovery | Intensity: Light | Duration: 20-30 minutes,1
professional_deepseek-r1:14b_P8_run1,deepseek-r1:14b,professional,P8,29,- Engage in gentle stretching or yoga to aid recovery.,4
professional_deepseek-r1:14b_P8_run1,deepseek-r1:14b,professional,P8,31,**Additional Notes and Recommendations:**,0
professional_deepseek-r1:14b_P8_run1,deepseek-r1:14b,professional,P8,33,"1. **Blood Pressure Monitoring:** Regularly check BP before, during, and after exercise. Report any unusual symptoms to your healthcare provider.",3
professional_deepseek-r1:14b_P8_run1,deepseek-r1:14b,professional,P8,35,"2. **Hydration:** Drink plenty of water throughout the day, especially before, during, and after workouts.",4
professional_deepseek-r1:14b_P8_run1,deepseek-r1:14b,professional,P8,37,"3. **Progression:** Gradually increase session duration or intensity as tolerated, aiming for longer sessions over time.",4
professional_deepseek-r1:14b_P8_run1,deepseek-r1:14b,professional,P8,39,4. **Medical Consultation:** Ensure you consult your healthcare provider before starting this exercise plan.,3
professional_deepseek-r1:14b_P8_run1,deepseek-r1:14b,professional,P8,41,5. **Proper Form:** Focus on maintaining correct form during strength exercises to prevent injury.,4
professional_deepseek-r1:14b_P8_run1,deepseek-r1:14b,professional,P8,43,"6. **Dietary Considerations:** Incorporate a balanced diet rich in fruits, vegetables, lean proteins, and whole grains to support weight loss and blood pressure management.",3
professional_deepseek-r1:14b_P8_run1,deepseek-r1:14b,professional,P8,45,7. **Warm-Up/Cool-Down:** Each session should include a 5-minute warm-up and cool-down to enhance performance and reduce injury risk.,4
professional_deepseek-r1:14b_P8_run1,deepseek-r1:14b,professional,P8,47,"This plan is designed to be safe and effective, helping you achieve your goals of lowering blood pressure and losing weight through gradual, manageable exercise.",0
professional_llama3.1:8b_P1_run1,llama3.1:8b,professional,P1,1,"Based on the patient's profile and goal to maintain fitness and improve athletic performance, I've created a weekly exercise program for him.",0
professional_llama3.1:8b_P1_run1,llama3.1:8b,professional,P1,3,**Monday**,0
professional_llama3.1:8b_P1_run1,llama3.1:8b,professional,P1,4,1. Brisk Walking | Intensity: Vigorous | Duration: 30 minutes,1
professional_llama3.1:8b_P1_run1,llama3.1:8b,professional,P1,5,"2. Bodyweight Squats | Intensity: Moderate | Duration: 3 sets of 12 reps, 60 seconds rest between sets",1
professional_llama3.1:8b_P1_run1,llama3.1:8b,professional,P1,6,"3. Push-ups | Intensity: Moderate | Duration: 3 sets of 12 reps, 60 seconds rest between sets",1
professional_llama3.1:8b_P1_run1,llama3.1:8b,professional,P1,8,**Tuesday**,0
professional_llama3.1:8b_P1_run1,llama3.1:8b,professional,P1,9,1. High-Intensity Interval Training (HIIT) on Treadmill | Intensity: Vigorous | Duration: 20 minutes (with 5-minute warm-up and cool-down),1
professional_llama3.1:8b_P1_run1,llama3.1:8b,professional,P1,10,"2. Plank Hold | Intensity: Moderate | Duration: Hold for 60 seconds, rest for 30 seconds between sets (3 sets total)",1
professional_llama3.1:8b_P1_run1,llama3.1:8b,professional,P1,12,**Wednesday**,0
professional_llama3.1:8b_P1_run1,llama3.1:8b,professional,P1,13,"1. Rest day or Active Recovery (e.g., light yoga or stretching)",1
professional_llama3.1:8b_P1_run1,llama3.1:8b,professional,P1,15,**Thursday**,0
professional_llama3.1:8b_P1_run1,llama3.1:8b,professional,P1,16,1. Swimming Laps | Intensity: Vigorous | Duration: 20 minutes,1
professional_llama3.1:8b_P1_run1,llama3.1:8b,professional,P1,17,"2. Resistance Band Exercises (Chest Press, Rows) | Intensity: Moderate | Duration: 3 sets of 12 reps, 60 seconds rest between sets",1
professional_llama3.1:8b_P1_run1,llama3.1:8b,professional,P1,19,**Friday**,0
professional_llama3.1:8b_P1_run1,llama3.1:8b,professional,P1,20,1. Hill Sprints or Stair Climbing | Intensity: Vigorous | Duration: 15-20 minutes (with 5-minute warm-up and cool-down),1
professional_llama3.1:8b_P1_run1,llama3.1:8b,professional,P1,21,"2. Leg Press or Lunges | Intensity: Moderate | Duration: 3 sets of 12 reps, 60 seconds rest between sets",1
professional_llama3.1:8b_P1_run1,llama3.1:8b,professional,P1,23,**Saturday**,0
professional_llama3.1:8b_P1_run1,llama3.1:8b,professional,P1,24,1. Outdoor Run or Cycling | Intensity: Vigorous | Duration: 30-40 minutes,1
professional_llama3.1:8b_P1_run1,llama3.1:8b,professional,P1,25,"2. Core Exercises (Russian twists, Leg raises) | Intensity: Moderate | Duration: 3 sets of 12 reps, 60 seconds rest between sets",1
professional_llama3.1:8b_P1_run1,llama3.1:8b,professional,P1,27,**Sunday**,0
professional_llama3.1:8b_P1_run1,llama3.1:8b,professional,P1,28,"1. Rest day or Active Recovery (e.g., light yoga or stretching)",1
professional_llama3.1:8b_P1_run1,llama3.1:8b,professional,P1,29,2. Foam Rolling or Self-Myofascial Release for muscle recovery,1
professional_llama3.1:8b_P1_run1,llama3.1:8b,professional,P1,31,Additional Notes and Recommendations:,4
professional_llama3.1:8b_P1_run1,llama3.1:8b,professional,P1,33,"* Given the patient's high current activity level and goal to improve athletic performance, this program focuses on maintaining and challenging his fitness levels.",4
professional_llama3.1:8b_P1_run1,llama3.1:8b,professional,P1,34,"* The intensity of exercises is moderate to vigorous to cater to his goals and current fitness level. However, he can adjust the intensity based on how his body feels during workouts.",1
professional_llama3.1:8b_P1_run1,llama3.1:8b,professional,P1,35,"* It's essential for the patient to listen to their body and rest when needed. If they experience any discomfort or pain, they should consult with their healthcare provider before continuing the program.",4
professional_llama3.1:8b_P1_run1,llama3.1:8b,professional,P1,36,"* Adequate hydration and nutrition are crucial to support physical activity. The patient should aim to drink at least 8-10 glasses of water per day and maintain a balanced diet that includes plenty of fruits, vegetables, whole grains, lean proteins, and healthy fats.",4
professional_llama3.1:8b_P1_run1,llama3.1:8b,professional,P1,37,"* Regular monitoring of progress (e.g., weight, body fat percentage, performance metrics) is essential to adjust the program as needed.",4
professional_llama3.1:8b_P2_run1,llama3.1:8b,professional,P2,1,"Based on the patient's profile and goal to start a regular exercise routine, I've created a gentle and progressive weekly plan to promote overall health and fitness.",0
professional_llama3.1:8b_P2_run1,llama3.1:8b,professional,P2,3,**Monday**,0
professional_llama3.1:8b_P2_run1,llama3.1:8b,professional,P2,4,1. Brisk Walking | Intensity: Moderate | Duration: 30 minutes,1
professional_llama3.1:8b_P2_run1,llama3.1:8b,professional,P2,5,2. Bodyweight Squats (10 reps) | Intensity: Light | Duration: 5 minutes,1
professional_llama3.1:8b_P2_run1,llama3.1:8b,professional,P2,7,**Tuesday**,0
professional_llama3.1:8b_P2_run1,llama3.1:8b,professional,P2,8,1. Seated Stretching | Intensity: Light | Duration: 15 minutes,1
professional_llama3.1:8b_P2_run1,llama3.1:8b,professional,P2,9,"- Focus on neck, shoulder, back, hip, and leg stretches",4
professional_llama3.1:8b_P2_run1,llama3.1:8b,professional,P2,10,2. Chair Dips (3 sets of 8 reps) | Intensity: Moderate | Duration: 10 minutes,1
professional_llama3.1:8b_P2_run1,llama3.1:8b,professional,P2,12,**Wednesday**,0
professional_llama3.1:8b_P2_run1,llama3.1:8b,professional,P2,13,1. Brisk Walking | Intensity: Moderate | Duration: 30 minutes,1
professional_llama3.1:8b_P2_run1,llama3.1:8b,professional,P2,14,2. Wall Push-Ups (3 sets of 10 reps) | Intensity: Light-Moderate | Duration: 15 minutes,1
professional_llama3.1:8b_P2_run1,llama3.1:8b,professional,P2,16,**Thursday**,0
professional_llama3.1:8b_P2_run1,llama3.1:8b,professional,P2,17,1. Resistance Band Chest Press (3 sets of 8 reps) | Intensity: Moderate | Duration: 12 minutes,1
professional_llama3.1:8b_P2_run1,llama3.1:8b,professional,P2,18,"2. Seated Marching (30 seconds per leg, alternating) | Intensity: Light-Moderate | Duration: 10 minutes",1
professional_llama3.1:8b_P2_run1,llama3.1:8b,professional,P2,20,**Friday**,0
professional_llama3.1:8b_P2_run1,llama3.1:8b,professional,P2,21,1. Yoga or Gentle Flow Exercise (30 minutes) | Intensity: Light | Duration: 30 minutes,1
professional_llama3.1:8b_P2_run1,llama3.1:8b,professional,P2,22,- Focus on relaxation and flexibility,4
professional_llama3.1:8b_P2_run1,llama3.1:8b,professional,P2,23,2. Calf Raises (3 sets of 12 reps) | Intensity: Moderate | Duration: 10 minutes,1
professional_llama3.1:8b_P2_run1,llama3.1:8b,professional,P2,25,**Saturday**,0
professional_llama3.1:8b_P2_run1,llama3.1:8b,professional,P2,26,"1. Outdoor Activities (e.g., cycling, swimming, or dancing) | Intensity: Moderate-Vigorous | Duration: 45-60 minutes",1
professional_llama3.1:8b_P2_run1,llama3.1:8b,professional,P2,27,- Choose an activity the patient enjoys and can sustain for at least 45 minutes,1
professional_llama3.1:8b_P2_run1,llama3.1:8b,professional,P2,28,2. Seated Leg Raises (3 sets of 12 reps per leg) | Intensity: Light-Moderate | Duration: 10 minutes,1
professional_llama3.1:8b_P2_run1,llama3.1:8b,professional,P2,30,**Sunday**,0
professional_llama3.1:8b_P2_run1,llama3.1:8b,professional,P2,31,1. Rest Day or Gentle Stretching | Intensity: Light | Duration: 15-30 minutes,1
professional_llama3.1:8b_P2_run1,llama3.1:8b,professional,P2,32,"- Use this day for recovery and relaxation, or gentle stretching if needed",4
professional_llama3.1:8b_P2_run1,llama3.1:8b,professional,P2,34,Additional Notes and Recommendations:,4
professional_llama3.1:8b_P2_run1,llama3.1:8b,professional,P2,36,* Start with shorter duration and gradually increase as the patient becomes more comfortable and confident.,4
professional_llama3.1:8b_P2_run1,llama3.1:8b,professional,P2,37,"* Progress intensity by adding more repetitions, sets, or weight (if using resistance bands).",1
professional_llama3.1:8b_P2_run1,llama3.1:8b,professional,P2,38,"* Encourage the patient to listen to their body and rest when needed. If they experience any discomfort or pain, adjust the plan accordingly.",4
professional_llama3.1:8b_P2_run1,llama3.1:8b,professional,P2,39,"* Emphasize proper posture, breathing, and hydration during exercise sessions.",4
professional_llama3.1:8b_P2_run1,llama3.1:8b,professional,P2,40,* Consider incorporating mindfulness exercises or meditation on non-exercise days for stress reduction and overall well-being.,4
professional_llama3.1:8b_P2_run1,llama3.1:8b,professional,P2,41,"* Schedule regular check-ins with the patient to monitor progress, address concerns, and make adjustments as needed.",4
professional_llama3.1:8b_P2_run1,llama3.1:8b,professional,P2,43,"Remember that this is a starting point, and the plan should be tailored to the individual's needs and preferences. Encourage the patient to consult with their healthcare provider before making any significant changes to their exercise routine.",3
professional_llama3.1:8b_P3_run1,llama3.1:8b,professional,P3,1,"Based on the patient's profile and goals, I've created a weekly exercise program that addresses cardiovascular health and blood pressure management.",0
professional_llama3.1:8b_P3_run1,llama3.1:8b,professional,P3,3,**Monday**,0
professional_llama3.1:8b_P3_run1,llama3.1:8b,professional,P3,4,1. Brisk Walking | Intensity: Moderate | Duration: 30 minutes,1
professional_llama3.1:8b_P3_run1,llama3.1:8b,professional,P3,5,2. Bodyweight Squats | Intensity: Light | Duration: 3 sets of 10 reps (hold for 5 seconds),1
professional_llama3.1:8b_P3_run1,llama3.1:8b,professional,P3,6,3. Push-ups | Intensity: Light | Duration: 3 sets of 10 reps,1
professional_llama3.1:8b_P3_run1,llama3.1:8b,professional,P3,8,**Tuesday**,0
professional_llama3.1:8b_P3_run1,llama3.1:8b,professional,P3,9,1. Swimming (or water aerobics) | Intensity: Moderate to Vigorous | Duration: 30 minutes,1
professional_llama3.1:8b_P3_run1,llama3.1:8b,professional,P3,10,2. Seated Leg Raises | Intensity: Light | Duration: 3 sets of 15 reps,1
professional_llama3.1:8b_P3_run1,llama3.1:8b,professional,P3,11,3. Wall Sit | Intensity: Moderate | Duration: 60 seconds,1
professional_llama3.1:8b_P3_run1,llama3.1:8b,professional,P3,13,**Wednesday**,0
professional_llama3.1:8b_P3_run1,llama3.1:8b,professional,P3,14,"1. Resistance Band Exercises (e.g., banded squats, lunges) | Intensity: Moderate to Vigorous | Duration: 30 minutes",1
professional_llama3.1:8b_P3_run1,llama3.1:8b,professional,P3,15,2. Step-Ups | Intensity: Light to Moderate | Duration: 3 sets of 10 reps per leg,1
professional_llama3.1:8b_P3_run1,llama3.1:8b,professional,P3,16,3. Arm Circles | Intensity: Light | Duration: 3 sets of 15 reps,1
professional_llama3.1:8b_P3_run1,llama3.1:8b,professional,P3,18,**Thursday**,0
professional_llama3.1:8b_P3_run1,llama3.1:8b,professional,P3,19,1. Brisk Walking or Cycling (outdoor or on a stationary bike) | Intensity: Moderate to Vigorous | Duration: 30 minutes,1
professional_llama3.1:8b_P3_run1,llama3.1:8b,professional,P3,20,2. Calf Raises | Intensity: Light to Moderate | Duration: 3 sets of 15 reps,1
professional_llama3.1:8b_P3_run1,llama3.1:8b,professional,P3,21,3. Seated Chest Press (using light weights) | Intensity: Light | Duration: 3 sets of 10 reps,1
professional_llama3.1:8b_P3_run1,llama3.1:8b,professional,P3,23,**Friday**,0
professional_llama3.1:8b_P3_run1,llama3.1:8b,professional,P3,24,1. Yoga or Stretching Exercises | Intensity: Light | Duration: 30 minutes,1
professional_llama3.1:8b_P3_run1,llama3.1:8b,professional,P3,25,2. Seated Leg Lifts | Intensity: Light | Duration: 3 sets of 15 reps per leg,1
professional_llama3.1:8b_P3_run1,llama3.1:8b,professional,P3,26,3. Wall Push-ups | Intensity: Moderate | Duration: 3 sets of 10 reps,1
professional_llama3.1:8b_P3_run1,llama3.1:8b,professional,P3,28,**Saturday**,0
professional_llama3.1:8b_P3_run1,llama3.1:8b,professional,P3,29,"1. Outdoor Activities (e.g., gardening, dancing) or Leisurely Walking | Intensity: Light to Moderate | Duration: 60 minutes",1
professional_llama3.1:8b_P3_run1,llama3.1:8b,professional,P3,30,2. Take a short walk after each meal to aid digestion and blood sugar control.,1
professional_llama3.1:8b_P3_run1,llama3.1:8b,professional,P3,32,**Sunday**,0
professional_llama3.1:8b_P3_run1,llama3.1:8b,professional,P3,33,"Rest Day or Active Recovery (e.g., light yoga or stretching)",2
professional_llama3.1:8b_P3_run1,llama3.1:8b,professional,P3,35,Additional Notes:,4
professional_llama3.1:8b_P3_run1,llama3.1:8b,professional,P3,37,1. **Monitor Blood Pressure**: Regularly check the patient's blood pressure at home or during office visits.,3
professional_llama3.1:8b_P3_run1,llama3.1:8b,professional,P3,38,"2. **Stay Hydrated**: Encourage the patient to drink plenty of water throughout the day, aiming for 8-10 glasses daily.",4
professional_llama3.1:8b_P3_run1,llama3.1:8b,professional,P3,39,3. **Warm-up and Cool-down**: Emphasize the importance of proper warm-ups (5-10 minutes) before exercise and cool-downs (5-10 minutes) after exercise to prevent injuries and promote flexibility.,4
professional_llama3.1:8b_P3_run1,llama3.1:8b,professional,P3,40,4. **Progressive Overload**: Gradually increase the intensity or duration of exercises as the patient becomes more comfortable and capable.,4
professional_llama3.1:8b_P3_run1,llama3.1:8b,professional,P3,41,"5. **Frequency and Consistency**: Encourage the patient to aim for at least 150 minutes of moderate-intensity aerobic activity per week, with two to three strength training sessions.",4
professional_llama3.1:8b_P3_run1,llama3.1:8b,professional,P3,42,6. **Medication Adherence**: Remind the patient to continue taking their prescribed medication (Lisinopril) as directed.,3
professional_llama3.1:8b_P3_run1,llama3.1:8b,professional,P3,44,Please review this plan and adjust it according to your professional judgment and the patient's progress.,4
professional_llama3.1:8b_P4_run1,llama3.1:8b,professional,P4,1,"Based on the patient's profile and goals, I've created a weekly exercise program that is safe and effective for her. Please note that it's essential to consult with the patient regularly to monitor progress and make adjustments as needed.",0
professional_llama3.1:8b_P4_run1,llama3.1:8b,professional,P4,3,**Monday**,0
professional_llama3.1:8b_P4_run1,llama3.1:8b,professional,P4,4,1. Brisk Walking | Intensity: Moderate | Duration: 30 minutes,1
professional_llama3.1:8b_P4_run1,llama3.1:8b,professional,P4,5,"2. Seated Leg Raises | Intensity: Light | Duration: 3 sets of 10 reps, 3 times a week (start this day)",1
professional_llama3.1:8b_P4_run1,llama3.1:8b,professional,P4,7,**Tuesday**,0
professional_llama3.1:8b_P4_run1,llama3.1:8b,professional,P4,8,"1. Bodyweight Squats | Intensity: Moderate | Duration: 3 sets of 10 reps, 3 times a week",1
professional_llama3.1:8b_P4_run1,llama3.1:8b,professional,P4,9,"2. Wall Push-Ups | Intensity: Light | Duration: 3 sets of 10 reps, 3 times a week",1
professional_llama3.1:8b_P4_run1,llama3.1:8b,professional,P4,11,**Wednesday**,0
professional_llama3.1:8b_P4_run1,llama3.1:8b,professional,P4,12,1. Rest day or Gentle Stretching (focus on major muscle groups),1
professional_llama3.1:8b_P4_run1,llama3.1:8b,professional,P4,14,**Thursday**,0
professional_llama3.1:8b_P4_run1,llama3.1:8b,professional,P4,15,1. Brisk Walking | Intensity: Moderate | Duration: 30 minutes,1
professional_llama3.1:8b_P4_run1,llama3.1:8b,professional,P4,16,"2. Seated Leg Raises | Intensity: Light | Duration: 3 sets of 10 reps, 3 times a week",1
professional_llama3.1:8b_P4_run1,llama3.1:8b,professional,P4,18,**Friday**,0
professional_llama3.1:8b_P4_run1,llama3.1:8b,professional,P4,19,"1. Bodyweight Squats | Intensity: Moderate | Duration: 3 sets of 10 reps, 3 times a week",1
professional_llama3.1:8b_P4_run1,llama3.1:8b,professional,P4,20,"2. Wall Push-Ups | Intensity: Light | Duration: 3 sets of 10 reps, 3 times a week",1
professional_llama3.1:8b_P4_run1,llama3.1:8b,professional,P4,22,**Saturday**,0
professional_llama3.1:8b_P4_run1,llama3.1:8b,professional,P4,23,1. Leisurely Walking (or alternative low-impact activity) | Intensity: Light | Duration: 30 minutes,1
professional_llama3.1:8b_P4_run1,llama3.1:8b,professional,P4,24,"2. Seated Arm Raises | Intensity: Light | Duration: 3 sets of 10 reps, 3 times a week",1
professional_llama3.1:8b_P4_run1,llama3.1:8b,professional,P4,26,**Sunday**,0
professional_llama3.1:8b_P4_run1,llama3.1:8b,professional,P4,27,1. Rest day or Gentle Stretching (focus on major muscle groups),1
professional_llama3.1:8b_P4_run1,llama3.1:8b,professional,P4,29,Additional notes and recommendations:,4
professional_llama3.1:8b_P4_run1,llama3.1:8b,professional,P4,31,* Warm up with 5-10 minutes of light cardio and stretching before each exercise session.,4
professional_llama3.1:8b_P4_run1,llama3.1:8b,professional,P4,32,* Cool down with static stretches after each exercise session.,4
professional_llama3.1:8b_P4_run1,llama3.1:8b,professional,P4,33,* Monitor blood sugar levels and adjust medication as per doctor's advice.,3
professional_llama3.1:8b_P4_run1,llama3.1:8b,professional,P4,34,"* Gradually increase exercise duration and intensity over time, but not more than 10% each week to avoid injury or burnout.",4
professional_llama3.1:8b_P4_run1,llama3.1:8b,professional,P4,35,* Encourage the patient to incorporate healthy eating habits and portion control to support weight loss and blood sugar management.,4
professional_llama3.1:8b_P4_run1,llama3.1:8b,professional,P4,36,* Regularly review progress with the patient and make adjustments as needed.,4
professional_llama3.1:8b_P4_run1,llama3.1:8b,professional,P4,38,"As a healthcare provider, it's essential to:",3
professional_llama3.1:8b_P4_run1,llama3.1:8b,professional,P4,40,1. Ensure the patient is comfortable and confident in performing exercises before progressing to more intense or complex activities.,4
professional_llama3.1:8b_P4_run1,llama3.1:8b,professional,P4,41,"2. Monitor for any signs of injury, dizziness, or discomfort during exercise sessions.",4
professional_llama3.1:8b_P4_run1,llama3.1:8b,professional,P4,42,"3. Provide ongoing support, guidance, and encouragement throughout the program.",1
professional_llama3.1:8b_P4_run1,llama3.1:8b,professional,P4,43,4. Regularly assess progress towards weight loss and blood sugar management goals.,1
professional_llama3.1:8b_P4_run1,llama3.1:8b,professional,P4,45,"Please note that this is a basic plan, and you should adjust it according to your patient's specific needs, abilities, and medical conditions. It's also essential to consult with other healthcare professionals (e.g., dietitian, physiotherapist) for comprehensive care.",3
professional_llama3.1:8b_P5_run1,llama3.1:8b,professional,P5,1,"Based on the patient's profile and goal, I've created a weekly exercise program to help reduce knee pain and improve joint mobility while considering their knee osteoarthritis.",0
professional_llama3.1:8b_P5_run1,llama3.1:8b,professional,P5,3,**Monday**,0
professional_llama3.1:8b_P5_run1,llama3.1:8b,professional,P5,4,1. Brisk Walking | Intensity: Moderate | Duration: 30 minutes,1
professional_llama3.1:8b_P5_run1,llama3.1:8b,professional,P5,5,"2. Seated Leg Raises | Intensity: Light | Duration: 3 sets of 10 reps, 3 times a day",1
professional_llama3.1:8b_P5_run1,llama3.1:8b,professional,P5,7,**Tuesday (Upper Body and Breathing Day)**,0
professional_llama3.1:8b_P5_run1,llama3.1:8b,professional,P5,8,"1. Seated Arm Circles | Intensity: Light | Duration: 3 sets of 10 reps, 3 times a day",1
professional_llama3.1:8b_P5_run1,llama3.1:8b,professional,P5,9,"2. Wall Push-Ups | Intensity: Moderate | Duration: 3 sets of 8 reps, 3 times a day",1
professional_llama3.1:8b_P5_run1,llama3.1:8b,professional,P5,10,3. Deep Breathing Exercises | Intensity: N/A | Duration: 5-7 minutes,1
professional_llama3.1:8b_P5_run1,llama3.1:8b,professional,P5,12,**Wednesday (Lower Body and Flexibility Day)**,0
professional_llama3.1:8b_P5_run1,llama3.1:8b,professional,P5,13,"1. Seated Calf Raises | Intensity: Light | Duration: 3 sets of 10 reps, 3 times a day",1
professional_llama3.1:8b_P5_run1,llama3.1:8b,professional,P5,14,"2. Standing Knee Stretch | Intensity: Gentle | Duration: Hold for 30 seconds, 3 sets",1
professional_llama3.1:8b_P5_run1,llama3.1:8b,professional,P5,15,3. Heel-to-Toe Walking (with assistance if needed) | Intensity: Moderate | Duration: 30 minutes,1
professional_llama3.1:8b_P5_run1,llama3.1:8b,professional,P5,17,**Thursday**,0
professional_llama3.1:8b_P5_run1,llama3.1:8b,professional,P5,18,1. Brisk Walking | Intensity: Moderate | Duration: 30 minutes,1
professional_llama3.1:8b_P5_run1,llama3.1:8b,professional,P5,19,"2. Straight Leg Raises (lying on back with unaffected leg raised and affected leg straight) | Intensity: Light | Duration: 3 sets of 10 reps, 3 times a day",1
professional_llama3.1:8b_P5_run1,llama3.1:8b,professional,P5,21,**Friday (Upper Body and Breathing Day)**,0
professional_llama3.1:8b_P5_run1,llama3.1:8b,professional,P5,22,"1. Seated Arm Circles | Intensity: Light | Duration: 3 sets of 10 reps, 3 times a day",1
professional_llama3.1:8b_P5_run1,llama3.1:8b,professional,P5,23,"2. Wall Push-Ups | Intensity: Moderate | Duration: 3 sets of 8 reps, 3 times a day",1
professional_llama3.1:8b_P5_run1,llama3.1:8b,professional,P5,24,3. Deep Breathing Exercises | Intensity: N/A | Duration: 5-7 minutes,1
professional_llama3.1:8b_P5_run1,llama3.1:8b,professional,P5,26,**Saturday (Lower Body and Flexibility Day)**,0
professional_llama3.1:8b_P5_run1,llama3.1:8b,professional,P5,27,"1. Seated Calf Raises | Intensity: Light | Duration: 3 sets of 10 reps, 3 times a day",1
professional_llama3.1:8b_P5_run1,llama3.1:8b,professional,P5,28,"2. Standing Knee Stretch | Intensity: Gentle | Duration: Hold for 30 seconds, 3 sets",1
professional_llama3.1:8b_P5_run1,llama3.1:8b,professional,P5,29,3. Heel-to-Toe Walking (with assistance if needed) | Intensity: Moderate | Duration: 30 minutes,1
professional_llama3.1:8b_P5_run1,llama3.1:8b,professional,P5,31,**Sunday**,0
professional_llama3.1:8b_P5_run1,llama3.1:8b,professional,P5,32,1. Gentle Yoga or Pilates (modified to accommodate knee osteoarthritis) | Intensity: Light-Moderate | Duration: 30-40 minutes,1
professional_llama3.1:8b_P5_run1,llama3.1:8b,professional,P5,33,2. Foam Rolling or Self-Myofascial Release for affected areas (if approved by the patient's doctor) | Intensity: Gentle | Duration: As needed,1
professional_llama3.1:8b_P5_run1,llama3.1:8b,professional,P5,35,**Additional Notes and Recommendations**,0
professional_llama3.1:8b_P5_run1,llama3.1:8b,professional,P5,37,"1. **Warm-up and Cool-down**: The patient should warm up with gentle movements before starting each exercise session, and cool down afterwards to prevent injury.",4
professional_llama3.1:8b_P5_run1,llama3.1:8b,professional,P5,38,2. **Progressive Overload**: Gradually increase the duration or intensity of exercises as the patient becomes more comfortable and tolerates them well.,4
professional_llama3.1:8b_P5_run1,llama3.1:8b,professional,P5,39,"3. **Pain Management**: If pain levels become unmanageable during an exercise session, stop immediately and rest. Consider modifying exercises to reduce discomfort.",3
professional_llama3.1:8b_P5_run1,llama3.1:8b,professional,P5,40,"4. **Footwear and Equipment**: Wear supportive shoes with good arch support and consider using assistive devices (e.g., canes or walkers) if needed for stability.",4
professional_llama3.1:8b_P5_run1,llama3.1:8b,professional,P5,41,"5. **Monitor Progress**: Regularly assess the patient's progress, adjust the exercise plan as necessary, and encourage them to communicate any concerns or changes in their condition.",4
professional_llama3.1:8b_P5_run1,llama3.1:8b,professional,P5,43,Please note that this is a general program and may require modifications based on individual circumstances. It's essential to consult with the patient's healthcare provider before starting any new exercise program.,3
professional_llama3.1:8b_P6_run1,llama3.1:8b,professional,P6,1,"Based on the patient's profile and medical conditions, I have created a gentle and progressive exercise program to help her safely return to physical activity after her cardiac event.",0
professional_llama3.1:8b_P6_run1,llama3.1:8b,professional,P6,3,**Monday**,0
professional_llama3.1:8b_P6_run1,llama3.1:8b,professional,P6,5,1. Brisk Walking | Intensity: Moderate | Duration: 10 minutes,1
professional_llama3.1:8b_P6_run1,llama3.1:8b,professional,P6,6,"2. Seated Leg Lifts | Intensity: Light | Duration: 3 sets of 10 reps, 30 seconds rest between sets",1
professional_llama3.1:8b_P6_run1,llama3.1:8b,professional,P6,7,3. Deep Breathing Exercises | Intensity: Light | Duration: 5 minutes,1
professional_llama3.1:8b_P6_run1,llama3.1:8b,professional,P6,9,**Tuesday**,0
professional_llama3.1:8b_P6_run1,llama3.1:8b,professional,P6,11,1. Gentle Stretching (focusing on major muscle groups) | Intensity: Light | Duration: 10 minutes,1
professional_llama3.1:8b_P6_run1,llama3.1:8b,professional,P6,12,"2. Seated Marches | Intensity: Moderate | Duration: 3 sets of 20 reps, 30 seconds rest between sets",1
professional_llama3.1:8b_P6_run1,llama3.1:8b,professional,P6,13,"3. Wall Push-Ups | Intensity: Moderate | Duration: 3 sets of 5 reps, 30 seconds rest between sets",1
professional_llama3.1:8b_P6_run1,llama3.1:8b,professional,P6,15,**Wednesday**,0
professional_llama3.1:8b_P6_run1,llama3.1:8b,professional,P6,17,1. Rest Day or Gentle Stroll (10-15 minutes),1
professional_llama3.1:8b_P6_run1,llama3.1:8b,professional,P6,19,**Thursday**,0
professional_llama3.1:8b_P6_run1,llama3.1:8b,professional,P6,21,1. Brisk Walking | Intensity: Moderate | Duration: 12 minutes,1
professional_llama3.1:8b_P6_run1,llama3.1:8b,professional,P6,22,"2. Seated Arm Raises | Intensity: Light | Duration: 3 sets of 10 reps, 30 seconds rest between sets",1
professional_llama3.1:8b_P6_run1,llama3.1:8b,professional,P6,23,"3. Seated Bicycle Legs | Intensity: Moderate | Duration: 3 sets of 20 reps, 30 seconds rest between sets",1
professional_llama3.1:8b_P6_run1,llama3.1:8b,professional,P6,25,**Friday**,0
professional_llama3.1:8b_P6_run1,llama3.1:8b,professional,P6,27,1. Gentle Stretching (focusing on major muscle groups) | Intensity: Light | Duration: 10 minutes,1
professional_llama3.1:8b_P6_run1,llama3.1:8b,professional,P6,28,"2. Wall Squats | Intensity: Moderate | Duration: 3 sets of 10 reps, 30 seconds rest between sets",1
professional_llama3.1:8b_P6_run1,llama3.1:8b,professional,P6,29,"3. Seated Rowing | Intensity: Moderate | Duration: 3 sets of 10 reps, 30 seconds rest between sets",1
professional_llama3.1:8b_P6_run1,llama3.1:8b,professional,P6,31,**Saturday**,0
professional_llama3.1:8b_P6_run1,llama3.1:8b,professional,P6,33,"1. Gentle Stroll (10-15 minutes) + Light Household Chores (e.g., laundry, dusting)",1
professional_llama3.1:8b_P6_run1,llama3.1:8b,professional,P6,35,**Sunday**,0
professional_llama3.1:8b_P6_run1,llama3.1:8b,professional,P6,37,1. Brisk Walking | Intensity: Moderate | Duration: 15 minutes,1
professional_llama3.1:8b_P6_run1,llama3.1:8b,professional,P6,38,"2. Seated Leg Lifts | Intensity: Light | Duration: 3 sets of 12 reps, 30 seconds rest between sets",1
professional_llama3.1:8b_P6_run1,llama3.1:8b,professional,P6,39,3. Deep Breathing Exercises | Intensity: Light | Duration: 5 minutes,1
professional_llama3.1:8b_P6_run1,llama3.1:8b,professional,P6,41,**Additional Notes and Recommendations**,0
professional_llama3.1:8b_P6_run1,llama3.1:8b,professional,P6,43,1. **Monitoring**: The patient should wear a heart rate monitor during exercise to track their heart rate and ensure it remains within the target zone (50-70% of maximum).,3
professional_llama3.1:8b_P6_run1,llama3.1:8b,professional,P6,44,"2. **Hydration**: Encourage the patient to drink plenty of water throughout the day, especially before and after exercise.",4
professional_llama3.1:8b_P6_run1,llama3.1:8b,professional,P6,45,"3. **Nutrition**: Advise the patient on maintaining a balanced diet, focusing on fruits, vegetables, whole grains, lean proteins, and healthy fats.",4
professional_llama3.1:8b_P6_run1,llama3.1:8b,professional,P6,46,4. **Progressive Overload**: Gradually increase exercise duration and intensity every week as tolerated by the patient.,4
professional_llama3.1:8b_P6_run1,llama3.1:8b,professional,P6,47,5. **Medication Adjustments**: Regularly review and adjust medication dosages with the patient's primary care physician if necessary.,3
professional_llama3.1:8b_P6_run1,llama3.1:8b,professional,P6,48,6. **Supervision**: Ensure that a healthcare professional or fitness expert is present during exercise sessions to monitor the patient's condition and provide guidance.,3
professional_llama3.1:8b_P6_run1,llama3.1:8b,professional,P6,49,"7. **Emergency Plan**: Establish an emergency plan in case of chest pain, dizziness, or other concerning symptoms.",3
professional_llama3.1:8b_P6_run1,llama3.1:8b,professional,P6,51,This program should be reviewed and adjusted regularly based on the patient's progress and feedback.,4
professional_llama3.1:8b_P7_run1,llama3.1:8b,professional,P7,1,"Based on the patient's profile and goal, I've created a weekly exercise program to enhance endurance and strength for recreational sports.",0
professional_llama3.1:8b_P7_run1,llama3.1:8b,professional,P7,3,**Monday**,0
professional_llama3.1:8b_P7_run1,llama3.1:8b,professional,P7,4,1. Brisk Walking | Intensity: Moderate | Duration: 30 minutes,1
professional_llama3.1:8b_P7_run1,llama3.1:8b,professional,P7,5,2. Bodyweight Squats (3 sets of 12 reps) | Intensity: Light | Duration: N/A,1
professional_llama3.1:8b_P7_run1,llama3.1:8b,professional,P7,6,3. Push-ups (3 sets of 12 reps) | Intensity: Light | Duration: N/A,1
professional_llama3.1:8b_P7_run1,llama3.1:8b,professional,P7,8,**Tuesday**,0
professional_llama3.1:8b_P7_run1,llama3.1:8b,professional,P7,9,1. Swimming or Water Aerobics | Intensity: Moderate-Vigorous | Duration: 45 minutes,1
professional_llama3.1:8b_P7_run1,llama3.1:8b,professional,P7,10,2. Resistance Band Chest Press (3 sets of 12 reps) | Intensity: Light-Moderate | Duration: N/A,1
professional_llama3.1:8b_P7_run1,llama3.1:8b,professional,P7,11,3. Seated Leg Raises (3 sets of 12 reps) | Intensity: Light | Duration: N/A,1
professional_llama3.1:8b_P7_run1,llama3.1:8b,professional,P7,13,**Wednesday**,0
professional_llama3.1:8b_P7_run1,llama3.1:8b,professional,P7,14,"1. Rest day or active recovery (e.g., light yoga or stretching)",1
professional_llama3.1:8b_P7_run1,llama3.1:8b,professional,P7,16,**Thursday**,0
professional_llama3.1:8b_P7_run1,llama3.1:8b,professional,P7,17,1. Jogging or Cycling | Intensity: Moderate-Vigorous | Duration: 45 minutes,1
professional_llama3.1:8b_P7_run1,llama3.1:8b,professional,P7,18,2. Bodyweight Lunges (3 sets of 12 reps) | Intensity: Light-Moderate | Duration: N/A,1
professional_llama3.1:8b_P7_run1,llama3.1:8b,professional,P7,19,"3. Plank Hold (3 sets, holding for 30-60 seconds each) | Intensity: Light-Moderate | Duration: N/A",1
professional_llama3.1:8b_P7_run1,llama3.1:8b,professional,P7,21,**Friday**,0
professional_llama3.1:8b_P7_run1,llama3.1:8b,professional,P7,22,"1. High-Intensity Interval Training (HIIT) | Intensity: Vigorous | Duration: 20 minutes (e.g., sprints, burpees, jump squats)",1
professional_llama3.1:8b_P7_run1,llama3.1:8b,professional,P7,23,2. Dumbbell Rows (3 sets of 12 reps) | Intensity: Light-Moderate | Duration: N/A,1
professional_llama3.1:8b_P7_run1,llama3.1:8b,professional,P7,24,3. Step-ups or Stair Climbing (3 sets of 12 reps) | Intensity: Moderate | Duration: N/A,1
professional_llama3.1:8b_P7_run1,llama3.1:8b,professional,P7,26,**Saturday**,0
professional_llama3.1:8b_P7_run1,llama3.1:8b,professional,P7,27,"1. Outdoor Activity (e.g., hiking, biking, swimming) | Intensity: Moderate-Vigorous | Duration: 60-90 minutes",1
professional_llama3.1:8b_P7_run1,llama3.1:8b,professional,P7,28,2. Foam Rolling or Self-Myofascial Release (10-15 minutes) | Intensity: Light | Duration: N/A,1
professional_llama3.1:8b_P7_run1,llama3.1:8b,professional,P7,30,**Sunday**,0
professional_llama3.1:8b_P7_run1,llama3.1:8b,professional,P7,31,"1. Long Slow Distance (LSD) Cardio | Intensity: Moderate | Duration: 60-90 minutes (e.g., jogging, cycling)",1
professional_llama3.1:8b_P7_run1,llama3.1:8b,professional,P7,32,"2. Core Strengthening Exercises (e.g., Russian twists, leg raises) (3 sets of 12 reps) | Intensity: Light-Moderate | Duration: N/A",1
professional_llama3.1:8b_P7_run1,llama3.1:8b,professional,P7,34,Additional Notes and Recommendations:,4
professional_llama3.1:8b_P7_run1,llama3.1:8b,professional,P7,36,"* As the patient has a high current activity level, I've designed this program to gradually increase intensity and duration while still allowing for active recovery on Wednesdays.",1
professional_llama3.1:8b_P7_run1,llama3.1:8b,professional,P7,37,"* To enhance endurance and strength, the plan includes a mix of aerobic exercises (brisk walking, jogging, cycling), resistance training (bodyweight squats, push-ups, lunges), and high-intensity interval training (HIIT).",1
professional_llama3.1:8b_P7_run1,llama3.1:8b,professional,P7,38,* The patient should focus on proper form and technique throughout each exercise. It's essential to listen to their body and rest when needed.,4
professional_llama3.1:8b_P7_run1,llama3.1:8b,professional,P7,39,* I recommend monitoring the patient's progress and adjusting the program as necessary based on their feedback and performance.,4
professional_llama3.1:8b_P7_run1,llama3.1:8b,professional,P7,40,"* Encourage the patient to incorporate recreational sports activities, such as team sports or individual sports like tennis or basketball, to maintain motivation and enjoyment throughout the week.",4
professional_llama3.1:8b_P8_run1,llama3.1:8b,professional,P8,1,"Based on the patient's profile and medical conditions, I've created a gentle and progressive exercise program to help her lower blood pressure and lose weight. Please note that before starting any new exercise program, it's essential to consult with a healthcare provider.",0
professional_llama3.1:8b_P8_run1,llama3.1:8b,professional,P8,3,**Monday**,0
professional_llama3.1:8b_P8_run1,llama3.1:8b,professional,P8,5,1. Brisk Walking | Intensity: Moderate | Duration: 20 minutes,1
professional_llama3.1:8b_P8_run1,llama3.1:8b,professional,P8,6,2. Seated Leg Raises | Intensity: Light | Duration: 3 sets of 10 reps (5 minutes),1
professional_llama3.1:8b_P8_run1,llama3.1:8b,professional,P8,7,3. Wall Push-Ups | Intensity: Light | Duration: 3 sets of 10 reps (5 minutes),1
professional_llama3.1:8b_P8_run1,llama3.1:8b,professional,P8,9,**Tuesday**,0
professional_llama3.1:8b_P8_run1,llama3.1:8b,professional,P8,11,1. Swimming or Water Aerobics | Intensity: Moderate | Duration: 20 minutes,1
professional_llama3.1:8b_P8_run1,llama3.1:8b,professional,P8,12,2. Seated Marching | Intensity: Light | Duration: 3 sets of 15 reps (5 minutes),1
professional_llama3.1:8b_P8_run1,llama3.1:8b,professional,P8,13,3. Resistance Band Chest Press | Intensity: Light | Duration: 3 sets of 10 reps (5 minutes),1
professional_llama3.1:8b_P8_run1,llama3.1:8b,professional,P8,15,**Wednesday**,0
professional_llama3.1:8b_P8_run1,llama3.1:8b,professional,P8,17,1. Brisk Walking | Intensity: Moderate | Duration: 20 minutes,1
professional_llama3.1:8b_P8_run1,llama3.1:8b,professional,P8,18,2. Seated Bicycle Crunches | Intensity: Light | Duration: 3 sets of 15 reps (5 minutes),1
professional_llama3.1:8b_P8_run1,llama3.1:8b,professional,P8,19,3. Bodyweight Squats | Intensity: Light | Duration: 3 sets of 10 reps (5 minutes),1
professional_llama3.1:8b_P8_run1,llama3.1:8b,professional,P8,21,**Thursday**,0
professional_llama3.1:8b_P8_run1,llama3.1:8b,professional,P8,23,1. Yoga or Gentle Stretching | Intensity: Light | Duration: 20-30 minutes,1
professional_llama3.1:8b_P8_run1,llama3.1:8b,professional,P8,24,2. Seated Leg Extensions | Intensity: Light | Duration: 3 sets of 15 reps (5 minutes),1
professional_llama3.1:8b_P8_run1,llama3.1:8b,professional,P8,25,3. Wall Sit | Intensity: Moderate | Duration: 3 sets of 60-second hold (3 minutes),1
professional_llama3.1:8b_P8_run1,llama3.1:8b,professional,P8,27,**Friday**,0
professional_llama3.1:8b_P8_run1,llama3.1:8b,professional,P8,29,1. Brisk Walking | Intensity: Moderate | Duration: 20 minutes,1
professional_llama3.1:8b_P8_run1,llama3.1:8b,professional,P8,30,2. Seated Calf Raises | Intensity: Light | Duration: 3 sets of 15 reps (5 minutes),1
professional_llama3.1:8b_P8_run1,llama3.1:8b,professional,P8,31,3. Resistance Band Rows | Intensity: Light | Duration: 3 sets of 10 reps (5 minutes),1
professional_llama3.1:8b_P8_run1,llama3.1:8b,professional,P8,33,**Saturday**,0
professional_llama3.1:8b_P8_run1,llama3.1:8b,professional,P8,35,1. Leisurely Swimming or Water Walking | Intensity: Light | Duration: 20-30 minutes,1
professional_llama3.1:8b_P8_run1,llama3.1:8b,professional,P8,36,2. Seated Shoulder Rolls | Intensity: Light | Duration: 3 sets of 15 reps (5 minutes),1
professional_llama3.1:8b_P8_run1,llama3.1:8b,professional,P8,37,3. Bodyweight Lunges | Intensity: Moderate | Duration: 3 sets of 10 reps (per leg) (5 minutes),1
professional_llama3.1:8b_P8_run1,llama3.1:8b,professional,P8,39,**Sunday**,0
professional_llama3.1:8b_P8_run1,llama3.1:8b,professional,P8,41,1. Gentle Yoga or Stretching | Intensity: Light | Duration: 20-30 minutes,1
professional_llama3.1:8b_P8_run1,llama3.1:8b,professional,P8,42,2. Seated Arm Raises | Intensity: Light | Duration: 3 sets of 15 reps (5 minutes),1
professional_llama3.1:8b_P8_run1,llama3.1:8b,professional,P8,43,3. Wall Push-Ups | Intensity: Moderate | Duration: 3 sets of 10 reps (5 minutes),1
professional_llama3.1:8b_P8_run1,llama3.1:8b,professional,P8,45,**Additional Notes and Recommendations**,0
professional_llama3.1:8b_P8_run1,llama3.1:8b,professional,P8,47,1. **Hydration**: Encourage the patient to drink at least 8-10 glasses of water per day.,4
professional_llama3.1:8b_P8_run1,llama3.1:8b,professional,P8,48,2. **Monitoring Blood Pressure**: Schedule regular blood pressure checks with the patient's primary care physician to monitor progress.,3
professional_llama3.1:8b_P8_run1,llama3.1:8b,professional,P8,49,"3. **Medication Consultation**: Advise the patient to discuss their medication regimen with their doctor before starting any new exercise program, especially if they have concerns about potential interactions or changes in medication dosing.",3
professional_llama3.1:8b_P8_run1,llama3.1:8b,professional,P8,50,4. **Progressive Overload**: Gradually increase exercise intensity and duration as the patient becomes more comfortable and builds endurance.,4
professional_llama3.1:8b_P8_run1,llama3.1:8b,professional,P8,51,"5. **Regular Feedback**: Schedule regular check-ins with the patient to assess progress, address any concerns, and make adjustments to the program as needed.",4
professional_llama3.1:8b_P8_run1,llama3.1:8b,professional,P8,53,Remember that this is a general plan and may need to be tailored to the individual's specific needs and medical conditions. Consultation with a healthcare provider before starting any new exercise program is essential.,3
professional_qwen2.5:14b_P1_run1,qwen2.5:14b,professional,P1,1,"Given the patient's profile and goal to maintain fitness and improve athletic performance, here is a balanced weekly exercise program that includes a mix of cardiovascular training, strength training, flexibility exercises, and recovery days.",4
professional_qwen2.5:14b_P1_run1,qwen2.5:14b,professional,P1,3,**Weekly Exercise Plan**,0
professional_qwen2.5:14b_P1_run1,qwen2.5:14b,professional,P1,5,**Monday: Strength Training**,0
professional_qwen2.5:14b_P1_run1,qwen2.5:14b,professional,P1,6,1. Barbell Squats | Intensity: Moderate | Duration: 30 minutes,1
professional_qwen2.5:14b_P1_run1,qwen2.5:14b,professional,P1,7,2. Bench Press | Intensity: Moderate | Duration: 30 minutes,1
professional_qwen2.5:14b_P1_run1,qwen2.5:14b,professional,P1,8,3. Deadlifts | Intensity: Vigorous | Duration: 45 minutes,1
professional_qwen2.5:14b_P1_run1,qwen2.5:14b,professional,P1,10,**Tuesday: Cardiovascular Exercise and Core Training**,0
professional_qwen2.5:14b_P1_run1,qwen2.5:14b,professional,P1,11,1. Interval Training (HIIT) on Treadmill or Elliptical | Intensity: Vigorous | Duration: 30 minutes,1
professional_qwen2.5:14b_P1_run1,qwen2.5:14b,professional,P1,12,2. Planks and Ab Wheel Rollouts | Intensity: Moderate | Duration: 20 minutes,1
professional_qwen2.5:14b_P1_run1,qwen2.5:14b,professional,P1,13,3. Stretching/Rolling for Recovery | Intensity: Light | Duration: 15 minutes,1
professional_qwen2.5:14b_P1_run1,qwen2.5:14b,professional,P1,15,**Wednesday: Active Rest**,2
professional_qwen2.5:14b_P1_run1,qwen2.5:14b,professional,P1,16,1. Low-Intensity Yoga or Pilates | Intensity: Light to Moderate | Duration: 45 minutes,1
professional_qwen2.5:14b_P1_run1,qwen2.5:14b,professional,P1,17,2. Walking (Light Exercise) | Intensity: Light | Duration: 30 minutes,1
professional_qwen2.5:14b_P1_run1,qwen2.5:14b,professional,P1,19,**Thursday: Strength Training and Plyometrics**,0
professional_qwen2.5:14b_P1_run1,qwen2.5:14b,professional,P1,20,1. Power Cleans | Intensity: Vigorous | Duration: 30 minutes,1
professional_qwen2.5:14b_P1_run1,qwen2.5:14b,professional,P1,21,2. Box Jumps | Intensity: Moderate to Vigorous | Duration: 25 minutes,1
professional_qwen2.5:14b_P1_run1,qwen2.5:14b,professional,P1,22,3. Pull-Ups or Assisted Pull-Ups | Intensity: Moderate | Duration: 20 minutes,1
professional_qwen2.5:14b_P1_run1,qwen2.5:14b,professional,P1,24,**Friday: Cardiovascular Exercise and Flexibility**,0
professional_qwen2.5:14b_P1_run1,qwen2.5:14b,professional,P1,25,1. Long-distance Running or Cycling | Intensity: Moderate to Vigorous | Duration: 60 minutes,1
professional_qwen2.5:14b_P1_run1,qwen2.5:14b,professional,P1,26,2. Dynamic Stretching Routine | Intensity: Light | Duration: 15 minutes,1
professional_qwen2.5:14b_P1_run1,qwen2.5:14b,professional,P1,28,**Saturday: Skill Training/Agility Drills**,0
professional_qwen2.5:14b_P1_run1,qwen2.5:14b,professional,P1,29,1. Agility Ladder Drills | Intensity: Moderate to Vigorous | Duration: 30 minutes,1
professional_qwen2.5:14b_P1_run1,qwen2.5:14b,professional,P1,30,2. Medicine Ball Throws and Catch | Intensity: Moderate to Vigorous | Duration: 45 minutes,1
professional_qwen2.5:14b_P1_run1,qwen2.5:14b,professional,P1,31,3. Short Cool Down (Light Jogging/Walking) | Intensity: Light | Duration: 15 minutes,1
professional_qwen2.5:14b_P1_run1,qwen2.5:14b,professional,P1,33,**Sunday: Recovery**,2
professional_qwen2.5:14b_P1_run1,qwen2.5:14b,professional,P1,34,1. Deep Tissue Massage or Foam Rolling | Intensity: Light | Duration: 20 minutes,1
professional_qwen2.5:14b_P1_run1,qwen2.5:14b,professional,P1,35,2. Gentle Stretching Routine | Intensity: Light | Duration: 30 minutes,1
professional_qwen2.5:14b_P1_run1,qwen2.5:14b,professional,P1,36,3. Meditation and Relaxation Exercises | Intensity: Very Light | Duration: 20 minutes,1
professional_qwen2.5:14b_P1_run1,qwen2.5:14b,professional,P1,38,**Additional Notes and Recommendations**,0
professional_qwen2.5:14b_P1_run1,qwen2.5:14b,professional,P1,39,"- Ensure proper nutrition to support training, recovery, and performance.",4
professional_qwen2.5:14b_P1_run1,qwen2.5:14b,professional,P1,40,"- Hydration is crucial; drink plenty of water before, during, and after workouts.",4
professional_qwen2.5:14b_P1_run1,qwen2.5:14b,professional,P1,41,- Gradually increase the intensity and volume over time to avoid injury.,4
professional_qwen2.5:14b_P1_run1,qwen2.5:14b,professional,P1,42,- Incorporate active recovery techniques such as light walking or swimming on rest days.,4
professional_qwen2.5:14b_P1_run1,qwen2.5:14b,professional,P1,43,- Monitor how your body feels and adjust the exercise plan accordingly. Listen to your body for signs of overtraining or fatigue.,4
professional_qwen2.5:14b_P1_run1,qwen2.5:14b,professional,P1,44,- Consider adding a nutritional consultation if you notice performance plateaus or energy levels dropping.,4
professional_qwen2.5:14b_P1_run1,qwen2.5:14b,professional,P1,46,This program is designed to enhance athletic performance while maintaining overall fitness. It includes variety in training methods which can help prevent boredom and promote balanced development.,4
professional_qwen2.5:14b_P2_run1,qwen2.5:14b,professional,P2,1,"Given the patient's profile and goals, a balanced approach to exercise is recommended that includes both cardiovascular exercises and strength training. The aim is to gradually build up physical activity levels while minimizing the risk of injury.",4
professional_qwen2.5:14b_P2_run1,qwen2.5:14b,professional,P2,3,**Weekly Exercise Plan**,0
professional_qwen2.5:14b_P2_run1,qwen2.5:14b,professional,P2,5,**Monday**,0
professional_qwen2.5:14b_P2_run1,qwen2.5:14b,professional,P2,6,1. Walking | Intensity: Light | Duration: 30 minutes,1
professional_qwen2.5:14b_P2_run1,qwen2.5:14b,professional,P2,7,2. Bodyweight Squats | Intensity: Moderate | Sets/Reps: 2 sets of 8-12 reps,1
professional_qwen2.5:14b_P2_run1,qwen2.5:14b,professional,P2,9,**Tuesday**,0
professional_qwen2.5:14b_P2_run1,qwen2.5:14b,professional,P2,10,1. Cycling (stationary or outdoor) | Intensity: Light | Duration: 20 minutes,1
professional_qwen2.5:14b_P2_run1,qwen2.5:14b,professional,P2,11,"2. Core Stability Exercises (e.g., Plank, Bird Dog) | Intensity: Light to Moderate | Duration: 3 rounds with rest in between",1
professional_qwen2.5:14b_P2_run1,qwen2.5:14b,professional,P2,13,**Wednesday**,0
professional_qwen2.5:14b_P2_run1,qwen2.5:14b,professional,P2,14,1. Rest Day or Gentle Stretching/Yoga for flexibility and recovery,1
professional_qwen2.5:14b_P2_run1,qwen2.5:14b,professional,P2,16,**Thursday**,0
professional_qwen2.5:14b_P2_run1,qwen2.5:14b,professional,P2,17,1. Swimming or Water Aerobics | Intensity: Light | Duration: 20 minutes,1
professional_qwen2.5:14b_P2_run1,qwen2.5:14b,professional,P2,18,"2. Upper Body Strength Training (e.g., Push-ups, Dips) | Intensity: Moderate | Sets/Reps: 2 sets of 8-12 reps",1
professional_qwen2.5:14b_P2_run1,qwen2.5:14b,professional,P2,20,**Friday**,0
professional_qwen2.5:14b_P2_run1,qwen2.5:14b,professional,P2,21,1. Walking | Intensity: Light to Moderate | Duration: 30 minutes,1
professional_qwen2.5:14b_P2_run1,qwen2.5:14b,professional,P2,22,"2. Balance Exercises (e.g., Single-Leg Stance, Heel-to-Toe Walk) | Intensity: Light | Duration: 2 rounds with rest in between",1
professional_qwen2.5:14b_P2_run1,qwen2.5:14b,professional,P2,24,**Saturday**,0
professional_qwen2.5:14b_P2_run1,qwen2.5:14b,professional,P2,25,1. Jogging or Brisk Walking | Intensity: Moderate | Duration: 20 minutes,1
professional_qwen2.5:14b_P2_run1,qwen2.5:14b,professional,P2,26,"2. Circuit Training (Incorporate bodyweight exercises like lunges, push-ups, and burpees) | Intensity: Vigorous | Rounds: 3-4 rounds with short rest between",1
professional_qwen2.5:14b_P2_run1,qwen2.5:14b,professional,P2,28,**Sunday**,0
professional_qwen2.5:14b_P2_run1,qwen2.5:14b,professional,P2,29,"1. Rest Day or Light Activity (e.g., leisurely walk)",1
professional_qwen2.5:14b_P2_run1,qwen2.5:14b,professional,P2,31,**Additional Notes & Recommendations**,0
professional_qwen2.5:14b_P2_run1,qwen2.5:14b,professional,P2,33,"- **Warm-Up/Cool Down:** Include a 5-minute warm-up before starting any exercise session to increase heart rate and loosen muscles, and spend at least 5 minutes cooling down with stretching exercises.",3
professional_qwen2.5:14b_P2_run1,qwen2.5:14b,professional,P2,34,"- **Hydration:** Drink plenty of water before, during, and after exercising to maintain hydration levels.",4
professional_qwen2.5:14b_P2_run1,qwen2.5:14b,professional,P2,35,"- **Progression:** Gradually increase the intensity or duration of activities as tolerated. For example, once walking feels easy, start incorporating some jogging intervals into your walk.",4
professional_qwen2.5:14b_P2_run1,qwen2.5:14b,professional,P2,36,- **Consistency is Key:** Aim for at least 150 minutes of moderate-intensity aerobic activity per week and include muscle-strengthening exercises on two or more days a week.,4
professional_qwen2.5:14b_P2_run1,qwen2.5:14b,professional,P2,37,"- **Listen to Your Body:** If you experience any pain or discomfort during exercise, stop immediately and consult with your healthcare provider before continuing the program.",3
professional_qwen2.5:14b_P2_run1,qwen2.5:14b,professional,P2,39,"This plan is designed for gradual improvement in physical fitness while minimizing risks associated with sudden increases in activity. As always, it's important to monitor progress closely and adjust the plan as needed based on feedback from the patient.",0
professional_qwen2.5:14b_P3_run1,qwen2.5:14b,professional,P3,1,"Given the patient's profile and medical conditions, it is essential to design a balanced exercise program that focuses on improving cardiovascular health while being mindful of their controlled hypertension. The following is a sample weekly exercise plan for your patient:",4
professional_qwen2.5:14b_P3_run1,qwen2.5:14b,professional,P3,3,**Monday**,0
professional_qwen2.5:14b_P3_run1,qwen2.5:14b,professional,P3,4,1. Brisk Walking | Intensity: Moderate | Duration: 30 minutes,1
professional_qwen2.5:14b_P3_run1,qwen2.5:14b,professional,P3,5,2. Upper Body Strength Training | Intensity: Light-Moderate | Duration: 20 minutes,1
professional_qwen2.5:14b_P3_run1,qwen2.5:14b,professional,P3,7,**Tuesday**,0
professional_qwen2.5:14b_P3_run1,qwen2.5:14b,professional,P3,8,1. Cycling (Stationary or Road) | Intensity: Moderate | Duration: 25 minutes,1
professional_qwen2.5:14b_P3_run1,qwen2.5:14b,professional,P3,9,2. Core Strengthening Exercises | Intensity: Light | Duration: 15 minutes,1
professional_qwen2.5:14b_P3_run1,qwen2.5:14b,professional,P3,11,**Wednesday**,0
professional_qwen2.5:14b_P3_run1,qwen2.5:14b,professional,P3,12,1. Rest Day,1
professional_qwen2.5:14b_P3_run1,qwen2.5:14b,professional,P3,14,**Thursday**,0
professional_qwen2.5:14b_P3_run1,qwen2.5:14b,professional,P3,15,1. Brisk Walking | Intensity: Moderate | Duration: 30 minutes,1
professional_qwen2.5:14b_P3_run1,qwen2.5:14b,professional,P3,16,"2. Lower Body Strength Training (Squats, Leg Press) | Intensity: Light-Moderate | Duration: 20 minutes",1
professional_qwen2.5:14b_P3_run1,qwen2.5:14b,professional,P3,18,**Friday**,0
professional_qwen2.5:14b_P3_run1,qwen2.5:14b,professional,P3,19,1. Water Aerobics or Swimming | Intensity: Moderate | Duration: 30 minutes,1
professional_qwen2.5:14b_P3_run1,qwen2.5:14b,professional,P3,20,2. Balance and Flexibility Exercises (Yoga or Tai Chi) | Intensity: Light | Duration: 25 minutes,1
professional_qwen2.5:14b_P3_run1,qwen2.5:14b,professional,P3,22,**Saturday**,0
professional_qwen2.5:14b_P3_run1,qwen2.5:14b,professional,P3,23,1. Brisk Walking | Intensity: Moderate | Duration: 40 minutes,1
professional_qwen2.5:14b_P3_run1,qwen2.5:14b,professional,P3,25,**Sunday**,0
professional_qwen2.5:14b_P3_run1,qwen2.5:14b,professional,P3,26,1. Rest Day,1
professional_qwen2.5:14b_P3_run1,qwen2.5:14b,professional,P3,28,### Additional Notes and Recommendations:,0
professional_qwen2.5:14b_P3_run1,qwen2.5:14b,professional,P3,29,"- **Monitor Blood Pressure**: Encourage the patient to monitor their blood pressure before and after exercise, especially on days when they engage in more intense activities.",3
professional_qwen2.5:14b_P3_run1,qwen2.5:14b,professional,P3,30,"- **Hydration and Nutrition**: Advise the patient to stay hydrated throughout the day and maintain a balanced diet rich in fruits, vegetables, whole grains, lean proteins, and healthy fats.",4
professional_qwen2.5:14b_P3_run1,qwen2.5:14b,professional,P3,31,- **Warm-Up and Cool Down**: Ensure that each session includes a 5-minute warm-up (light walking or stretching) and a 5-minute cool down (gentle stretching).,4
professional_qwen2.5:14b_P3_run1,qwen2.5:14b,professional,P3,32,- **Progression of Exercise Intensity**: Gradually increase the duration and intensity of exercises as the patient's fitness improves. It’s crucial to avoid sudden increases in exercise intensity.,4
professional_qwen2.5:14b_P3_run1,qwen2.5:14b,professional,P3,33,"- **Consult with Healthcare Provider**: Encourage regular follow-ups with their healthcare provider to monitor blood pressure control and overall health status, especially if they feel unwell or notice any changes in their condition.",3
professional_qwen2.5:14b_P3_run1,qwen2.5:14b,professional,P3,35,"This plan provides a balanced mix of cardiovascular exercises, strength training, flexibility work, and rest days. It is tailored to the patient's current activity level while aiming to improve cardiovascular fitness and manage hypertension effectively.",0
professional_qwen2.5:14b_P4_run1,qwen2.5:14b,professional,P4,1,"Given the patient's profile and goals, it is important to start with low-intensity exercises that are safe for someone with type 2 diabetes and obesity. The exercise program should gradually increase in intensity as the patient becomes more comfortable and physically capable.",4
professional_qwen2.5:14b_P4_run1,qwen2.5:14b,professional,P4,3,**Weekly Exercise Plan:**,0
professional_qwen2.5:14b_P4_run1,qwen2.5:14b,professional,P4,5,**Monday**,0
professional_qwen2.5:14b_P4_run1,qwen2.5:14b,professional,P4,6,1. Brisk Walking | Intensity: Moderate | Duration: 30 minutes,1
professional_qwen2.5:14b_P4_run1,qwen2.5:14b,professional,P4,7,"2. Strength Training (Bodyweight exercises) | Intensity: Light | Duration: 20 minutes (Focus on legs, arms, core)",1
professional_qwen2.5:14b_P4_run1,qwen2.5:14b,professional,P4,9,**Tuesday**,0
professional_qwen2.5:14b_P4_run1,qwen2.5:14b,professional,P4,10,1. Stretching and Flexibility Exercises | Intensity: Light | Duration: 15 minutes,1
professional_qwen2.5:14b_P4_run1,qwen2.5:14b,professional,P4,12,**Wednesday**,0
professional_qwen2.5:14b_P4_run1,qwen2.5:14b,professional,P4,13,1. Brisk Walking | Intensity: Moderate | Duration: 30 minutes,1
professional_qwen2.5:14b_P4_run1,qwen2.5:14b,professional,P4,14,"2. Strength Training (Bodyweight exercises) | Intensity: Light | Duration: 20 minutes (Focus on legs, arms, core)",1
professional_qwen2.5:14b_P4_run1,qwen2.5:14b,professional,P4,16,**Thursday**,0
professional_qwen2.5:14b_P4_run1,qwen2.5:14b,professional,P4,17,1. Stretching and Flexibility Exercises | Intensity: Light | Duration: 15 minutes,1
professional_qwen2.5:14b_P4_run1,qwen2.5:14b,professional,P4,19,**Friday**,0
professional_qwen2.5:14b_P4_run1,qwen2.5:14b,professional,P4,20,1. Brisk Walking | Intensity: Moderate | Duration: 30 minutes,1
professional_qwen2.5:14b_P4_run1,qwen2.5:14b,professional,P4,21,"2. Strength Training (Bodyweight exercises) | Intensity: Light | Duration: 20 minutes (Focus on legs, arms, core)",1
professional_qwen2.5:14b_P4_run1,qwen2.5:14b,professional,P4,23,**Saturday**,0
professional_qwen2.5:14b_P4_run1,qwen2.5:14b,professional,P4,24,1. Gentle Cycling or Elliptical Trainer | Intensity: Moderate | Duration: 30 minutes,1
professional_qwen2.5:14b_P4_run1,qwen2.5:14b,professional,P4,26,**Sunday**,0
professional_qwen2.5:14b_P4_run1,qwen2.5:14b,professional,P4,27,1. Stretching and Flexibility Exercises | Intensity: Light | Duration: 15 minutes,1
professional_qwen2.5:14b_P4_run1,qwen2.5:14b,professional,P4,28,"2. Yoga | Intensity: Light | Duration: 20-30 minutes (Focus on flexibility, balance, relaxation)",1
professional_qwen2.5:14b_P4_run1,qwen2.5:14b,professional,P4,30,**Additional Notes and Recommendations:**,0
professional_qwen2.5:14b_P4_run1,qwen2.5:14b,professional,P4,32,- **Monitor Blood Glucose Levels:** Before and after exercise to avoid hypoglycemia.,3
professional_qwen2.5:14b_P4_run1,qwen2.5:14b,professional,P4,33,"- **Hydration:** Drink plenty of water before, during, and after exercising.",4
professional_qwen2.5:14b_P4_run1,qwen2.5:14b,professional,P4,34,- **Warm-Up and Cool Down:** Always start with a 5-minute warm-up (light walking or stretching) and end with a cool-down period that includes stretching.,4
professional_qwen2.5:14b_P4_run1,qwen2.5:14b,professional,P4,35,"- **Gradual Progression:** As the patient feels more comfortable and stronger, gradually increase the intensity or duration of exercises.",4
professional_qwen2.5:14b_P4_run1,qwen2.5:14b,professional,P4,36,- **Balance Training:** Incorporate balance training to improve stability and reduce fall risk.,4
professional_qwen2.5:14b_P4_run1,qwen2.5:14b,professional,P4,37,- **Consult Healthcare Provider:** Regularly update your healthcare provider about any changes in condition or symptoms that arise during exercise.,3
professional_qwen2.5:14b_P4_run1,qwen2.5:14b,professional,P4,38,- **Dietary Considerations:** Ensure adequate nutrition to support physical activity. Discuss with a dietitian if needed.,4
professional_qwen2.5:14b_P4_run1,qwen2.5:14b,professional,P4,40,"This plan is designed to help the patient manage their blood sugar levels and lose weight through consistent, safe exercise while considering their medical conditions.",0
professional_qwen2.5:14b_P5_run1,qwen2.5:14b,professional,P5,1,"Given the patient's profile and goals, it is important to focus on low-impact exercises that can help reduce knee pain and improve joint mobility without exacerbating osteoarthritis symptoms. The following exercise program aims at gradually increasing strength and flexibility while ensuring safety.",4
professional_qwen2.5:14b_P5_run1,qwen2.5:14b,professional,P5,3,**Weekly Exercise Plan**,0
professional_qwen2.5:14b_P5_run1,qwen2.5:14b,professional,P5,5,**Monday: Strengthening and Flexibility**,0
professional_qwen2.5:14b_P5_run1,qwen2.5:14b,professional,P5,6,1. Seated Leg Extensions | Intensity: Light | Duration: 10 minutes (2 sets of 10 reps each leg),1
professional_qwen2.5:14b_P5_run1,qwen2.5:14b,professional,P5,7,- This helps in strengthening the quadriceps without putting undue stress on the knee.,4
professional_qwen2.5:14b_P5_run1,qwen2.5:14b,professional,P5,8,2. Seated Hip Abduction/Adduction Machines | Intensity: Light | Duration: 5 minutes (2 sets of 10 reps each direction),1
professional_qwen2.5:14b_P5_run1,qwen2.5:14b,professional,P5,9,- These machines target hip muscles which support knee stability and mobility.,4
professional_qwen2.5:14b_P5_run1,qwen2.5:14b,professional,P5,10,3. Seated Calf Raises | Intensity: Light | Duration: 5 minutes (2 sets of 10 reps),1
professional_qwen2.5:14b_P5_run1,qwen2.5:14b,professional,P5,11,4. Stretching Exercises for the Legs | Intensity: Light | Duration: 10 minutes,1
professional_qwen2.5:14b_P5_run1,qwen2.5:14b,professional,P5,12,"- Include hamstring, quadriceps, calf stretches.",4
professional_qwen2.5:14b_P5_run1,qwen2.5:14b,professional,P5,14,**Tuesday: Low-Impact Cardio**,0
professional_qwen2.5:14b_P5_run1,qwen2.5:14b,professional,P5,15,1. Stationary Cycling at a Gentle Pace | Intensity: Moderate | Duration: 20-30 minutes (keep resistance low),1
professional_qwen2.5:14b_P5_run1,qwen2.5:14b,professional,P5,16,- This is a great way to improve cardiovascular fitness without high impact on knees.,4
professional_qwen2.5:14b_P5_run1,qwen2.5:14b,professional,P5,17,2. Aquatic Exercises in Shallow Water (if access) | Intensity: Light-Moderate | Duration: 15-20 minutes,1
professional_qwen2.5:14b_P5_run1,qwen2.5:14b,professional,P5,18,- Water provides buoyancy which can help reduce knee pain and increase mobility.,4
professional_qwen2.5:14b_P5_run1,qwen2.5:14b,professional,P5,20,**Wednesday: Rest Day**,2
professional_qwen2.5:14b_P5_run1,qwen2.5:14b,professional,P5,22,**Thursday: Strength Training**,0
professional_qwen2.5:14b_P5_run1,qwen2.5:14b,professional,P5,23,1. Seated Leg Press | Intensity: Moderate | Duration: 10 minutes (2 sets of 10 reps),1
professional_qwen2.5:14b_P5_run1,qwen2.5:14b,professional,P5,24,2. Wall Sits | Intensity: Light-Moderate | Duration: 3 sets of 1 minute each,1
professional_qwen2.5:14b_P5_run1,qwen2.5:14b,professional,P5,25,- This exercise helps in strengthening the quadriceps and hip muscles.,4
professional_qwen2.5:14b_P5_run1,qwen2.5:14b,professional,P5,26,3. Stretching Exercises for the Legs | Intensity: Light | Duration: 5 minutes,1
professional_qwen2.5:14b_P5_run1,qwen2.5:14b,professional,P5,28,**Friday: Flexibility Focus**,0
professional_qwen2.5:14b_P5_run1,qwen2.5:14b,professional,P5,29,1. Yoga or Pilates (Focus on gentle poses) | Intensity: Light | Duration: 20-30 minutes,1
professional_qwen2.5:14b_P5_run1,qwen2.5:14b,professional,P5,30,"- Emphasize poses that enhance flexibility and balance, such as warrior pose variations and knee-friendly stretches.",4
professional_qwen2.5:14b_P5_run1,qwen2.5:14b,professional,P5,31,2. Stretching Exercises for the Legs | Intensity: Light | Duration: 10 minutes,1
professional_qwen2.5:14b_P5_run1,qwen2.5:14b,professional,P5,33,**Saturday: Active Recovery**,2
professional_qwen2.5:14b_P5_run1,qwen2.5:14b,professional,P5,34,1. Gentle Walking or Swimming (if no joint pain) | Intensity: Light | Duration: 30-45 minutes,1
professional_qwen2.5:14b_P5_run1,qwen2.5:14b,professional,P5,35,- These activities provide low impact aerobic exercise.,4
professional_qwen2.5:14b_P5_run1,qwen2.5:14b,professional,P5,36,2. Stretching Exercises for the Legs | Intensity: Light | Duration: 10 minutes,1
professional_qwen2.5:14b_P5_run1,qwen2.5:14b,professional,P5,38,**Sunday: Rest Day**,2
professional_qwen2.5:14b_P5_run1,qwen2.5:14b,professional,P5,40,**Additional Notes and Recommendations**,0
professional_qwen2.5:14b_P5_run1,qwen2.5:14b,professional,P5,41,"- Always warm up before starting any workout to prevent injury, especially focusing on leg muscles.",4
professional_qwen2.5:14b_P5_run1,qwen2.5:14b,professional,P5,42,- Hydrate adequately throughout the week as hydration can also help with joint health.,4
professional_qwen2.5:14b_P5_run1,qwen2.5:14b,professional,P5,43,- Incorporate balance exercises like standing on one foot or side steps to improve overall stability which supports knee joints.,4
professional_qwen2.5:14b_P5_run1,qwen2.5:14b,professional,P5,44,"- Monitor knee pain daily and adjust exercise intensity accordingly. If pain increases significantly, cease activity and consult a healthcare professional.",3
professional_qwen2.5:14b_P5_run1,qwen2.5:14b,professional,P5,45,- Encourage the use of assistive devices such as walking sticks for additional support if needed during walks.,4
professional_qwen2.5:14b_P5_run1,qwen2.5:14b,professional,P5,46,- Regular follow-ups to assess progress and make necessary adjustments in the program are essential.,4
professional_qwen2.5:14b_P5_run1,qwen2.5:14b,professional,P5,48,This plan is designed to be safe and effective for someone with mild-moderate knee osteoarthritis while still providing enough challenge to see improvements in fitness level.,0
professional_qwen2.5:14b_P6_run1,qwen2.5:14b,professional,P6,1,"Given the patient's profile and medical history, it is crucial to start with a low-intensity exercise program that gradually increases over time. The focus should be on cardiovascular fitness while minimizing the risk of further cardiac events. Given her heart condition and stable angina, all activities must be closely supervised by a healthcare professional.",3
professional_qwen2.5:14b_P6_run1,qwen2.5:14b,professional,P6,3,**Weekly Exercise Plan**,0
professional_qwen2.5:14b_P6_run1,qwen2.5:14b,professional,P6,5,**Day 1: Supervised Walking**,0
professional_qwen2.5:14b_P6_run1,qwen2.5:14b,professional,P6,6,1. Walking | Intensity: Light | Duration: 10 minutes,1
professional_qwen2.5:14b_P6_run1,qwen2.5:14b,professional,P6,7,- Start with short intervals and gradually increase the duration under close supervision.,4
professional_qwen2.5:14b_P6_run1,qwen2.5:14b,professional,P6,8,2. Flexibility Exercises (stretches) | Intensity: Light | Duration: 5 minutes,1
professional_qwen2.5:14b_P6_run1,qwen2.5:14b,professional,P6,10,**Day 2: Rest Day or Low-Intensity Activity**,2
professional_qwen2.5:14b_P6_run1,qwen2.5:14b,professional,P6,11,1. Gentle stretching and relaxation exercises | Intensity: Light | Duration: 10 minutes,1
professional_qwen2.5:14b_P6_run1,qwen2.5:14b,professional,P6,12,- Focus on full-body stretches to maintain flexibility.,4
professional_qwen2.5:14b_P6_run1,qwen2.5:14b,professional,P6,14,**Day 3: Supervised Walking**,0
professional_qwen2.5:14b_P6_run1,qwen2.5:14b,professional,P6,15,1. Walking | Intensity: Light | Duration: 15 minutes,1
professional_qwen2.5:14b_P6_run1,qwen2.5:14b,professional,P6,16,- Increase the duration from Day 1.,4
professional_qwen2.5:14b_P6_run1,qwen2.5:14b,professional,P6,17,2. Flexibility Exercises (stretches) | Intensity: Light | Duration: 5 minutes,1
professional_qwen2.5:14b_P6_run1,qwen2.5:14b,professional,P6,19,**Day 4: Rest Day or Low-Intensity Activity**,2
professional_qwen2.5:14b_P6_run1,qwen2.5:14b,professional,P6,20,1. Gentle stretching and relaxation exercises | Intensity: Light | Duration: 10 minutes,1
professional_qwen2.5:14b_P6_run1,qwen2.5:14b,professional,P6,21,- Continue to maintain flexibility.,4
professional_qwen2.5:14b_P6_run1,qwen2.5:14b,professional,P6,23,**Day 5: Supervised Walking**,0
professional_qwen2.5:14b_P6_run1,qwen2.5:14b,professional,P6,24,1. Walking | Intensity: Light | Duration: 20 minutes,1
professional_qwen2.5:14b_P6_run1,qwen2.5:14b,professional,P6,25,- Gradually increase the duration from Day 3.,4
professional_qwen2.5:14b_P6_run1,qwen2.5:14b,professional,P6,26,2. Flexibility Exercises (stretches) | Intensity: Light | Duration: 5 minutes,1
professional_qwen2.5:14b_P6_run1,qwen2.5:14b,professional,P6,28,**Day 6: Rest Day or Low-Intensity Activity**,2
professional_qwen2.5:14b_P6_run1,qwen2.5:14b,professional,P6,29,1. Gentle stretching and relaxation exercises | Intensity: Light | Duration: 10 minutes,1
professional_qwen2.5:14b_P6_run1,qwen2.5:14b,professional,P6,30,- Ensure flexibility is maintained.,4
professional_qwen2.5:14b_P6_run1,qwen2.5:14b,professional,P6,32,**Day 7: Supervised Walking**,0
professional_qwen2.5:14b_P6_run1,qwen2.5:14b,professional,P6,33,1. Walking | Intensity: Light | Duration: 25 minutes,1
professional_qwen2.5:14b_P6_run1,qwen2.5:14b,professional,P6,34,- Increase the duration from Day 5.,4
professional_qwen2.5:14b_P6_run1,qwen2.5:14b,professional,P6,35,2. Flexibility Exercises (stretches) | Intensity: Light | Duration: 5 minutes,1
professional_qwen2.5:14b_P6_run1,qwen2.5:14b,professional,P6,37,**Additional Notes and Recommendations**,0
professional_qwen2.5:14b_P6_run1,qwen2.5:14b,professional,P6,39,- **Medical Supervision**: All activities should be closely supervised by a healthcare provider who understands cardiac rehabilitation guidelines.,3
professional_qwen2.5:14b_P6_run1,qwen2.5:14b,professional,P6,40,"- **Pace Progression**: Gradually increase the duration of walking sessions based on patient tolerance. Monitor heart rate, blood pressure, and symptoms during exercise to ensure safety.",3
professional_qwen2.5:14b_P6_run1,qwen2.5:14b,professional,P6,41,- **Activity Monitoring**: Use wearable devices or manual monitoring methods to track activity levels and progress.,4
professional_qwen2.5:14b_P6_run1,qwen2.5:14b,professional,P6,42,"- **Hydration and Nutrition**: Ensure adequate hydration before, during, and after activities. Encourage a balanced diet rich in fruits, vegetables, whole grains, and lean proteins.",4
professional_qwen2.5:14b_P6_run1,qwen2.5:14b,professional,P6,43,- **Education on Symptoms**: Teach the patient to recognize signs of angina (chest pain) or other cardiac symptoms and when to stop exercising.,3
professional_qwen2.5:14b_P6_run1,qwen2.5:14b,professional,P6,44,- **Emotional Well-being**: Include relaxation techniques such as deep breathing exercises or guided imagery to manage stress and anxiety.,4
professional_qwen2.5:14b_P6_run1,qwen2.5:14b,professional,P6,46,This plan should be adjusted according to the patient's progress and any changes in health status. Regular follow-ups with a healthcare provider are essential for monitoring safety and effectiveness of the exercise program.,0
professional_qwen2.5:14b_P7_run1,qwen2.5:14b,professional,P7,1,"Given the patient's profile and goals, here is a balanced weekly exercise program that focuses on enhancing endurance and strength for recreational sports.",4
professional_qwen2.5:14b_P7_run1,qwen2.5:14b,professional,P7,3,**Monday**,0
professional_qwen2.5:14b_P7_run1,qwen2.5:14b,professional,P7,4,1. **Cardiovascular Exercise (Running)** | Intensity: Moderate | Duration: 30 minutes,1
professional_qwen2.5:14b_P7_run1,qwen2.5:14b,professional,P7,5,2. **Strength Training (Upper Body)** | Intensity: Moderate to Vigorous | Duration: 45 minutes,1
professional_qwen2.5:14b_P7_run1,qwen2.5:14b,professional,P7,7,**Tuesday**,0
professional_qwen2.5:14b_P7_run1,qwen2.5:14b,professional,P7,8,1. **Rest or Active Recovery (Yoga/Pilates)** | Intensity: Light | Duration: 30-45 minutes,1
professional_qwen2.5:14b_P7_run1,qwen2.5:14b,professional,P7,10,**Wednesday**,0
professional_qwen2.5:14b_P7_run1,qwen2.5:14b,professional,P7,11,1. **Cardiovascular Exercise (Cycling/Spinning)** | Intensity: Moderate to Vigorous | Duration: 45 minutes,1
professional_qwen2.5:14b_P7_run1,qwen2.5:14b,professional,P7,12,2. **Strength Training (Lower Body and Core)** | Intensity: Moderate to Vigorous | Duration: 45 minutes,1
professional_qwen2.5:14b_P7_run1,qwen2.5:14b,professional,P7,14,**Thursday**,0
professional_qwen2.5:14b_P7_run1,qwen2.5:14b,professional,P7,15,1. **Rest or Active Recovery (Walking/Hiking)** | Intensity: Light to Moderate | Duration: 30-60 minutes,1
professional_qwen2.5:14b_P7_run1,qwen2.5:14b,professional,P7,17,**Friday**,0
professional_qwen2.5:14b_P7_run1,qwen2.5:14b,professional,P7,18,1. **Cardiovascular Exercise (Swimming/Pool Training)** | Intensity: Moderate to Vigorous | Duration: 45 minutes,1
professional_qwen2.5:14b_P7_run1,qwen2.5:14b,professional,P7,19,"2. **Strength Training (Full Body, Focusing on Legs and Core)** | Intensity: Moderate to Vigorous | Duration: 30-45 minutes",1
professional_qwen2.5:14b_P7_run1,qwen2.5:14b,professional,P7,21,**Saturday**,0
professional_qwen2.5:14b_P7_run1,qwen2.5:14b,professional,P7,22,1. **Sport-Specific Training (Basketball/Volleyball/Soccer/Other recreational sport of choice)** | Intensity: Vigorous | Duration: 60 minutes,1
professional_qwen2.5:14b_P7_run1,qwen2.5:14b,professional,P7,23,2. **Flexibility and Balance Exercise (Yoga/Pilates)** | Intensity: Light to Moderate | Duration: 30-45 minutes,1
professional_qwen2.5:14b_P7_run1,qwen2.5:14b,professional,P7,25,**Sunday**,0
professional_qwen2.5:14b_P7_run1,qwen2.5:14b,professional,P7,26,1. **Rest or Active Recovery (Walking/Hiking/Mountain Biking)** | Intensity: Light to Moderate | Duration: 60 minutes,1
professional_qwen2.5:14b_P7_run1,qwen2.5:14b,professional,P7,27,2. **Light Stretching and Foam Rolling** | Intensity: Very Light | Duration: 15-20 minutes,1
professional_qwen2.5:14b_P7_run1,qwen2.5:14b,professional,P7,29,### Additional Notes and Recommendations:,0
professional_qwen2.5:14b_P7_run1,qwen2.5:14b,professional,P7,30,"- **Warm-Up**: Start each session with a warm-up that includes dynamic stretching (e.g., leg swings, arm circles) to prepare the body for exercise.",4
professional_qwen2.5:14b_P7_run1,qwen2.5:14b,professional,P7,31,- **Cool Down**: End each workout with static stretches targeting all major muscle groups used during training. This helps in reducing soreness and improving flexibility.,4
professional_qwen2.5:14b_P7_run1,qwen2.5:14b,professional,P7,32,"- **Hydration**: Ensure adequate hydration before, during, and after workouts.",4
professional_qwen2.5:14b_P7_run1,qwen2.5:14b,professional,P7,33,"- **Nutrition**: Emphasize a balanced diet rich in protein, healthy fats, and complex carbohydrates to support recovery and performance.",4
professional_qwen2.5:14b_P7_run1,qwen2.5:14b,professional,P7,34,- **Progressive Overload**: Gradually increase the intensity or volume of training over time to continue improving endurance and strength.,4
professional_qwen2.5:14b_P7_run1,qwen2.5:14b,professional,P7,35,"- **Cross-Training**: Incorporate varied activities like swimming, cycling, or hiking to prevent overuse injuries and enhance overall fitness.",4
professional_qwen2.5:14b_P7_run1,qwen2.5:14b,professional,P7,36,- **Rest Days**: Use rest days for complete recovery. Engage in light activities such as walking or gentle stretching to aid muscle repair without causing fatigue.,2
professional_qwen2.5:14b_P7_run1,qwen2.5:14b,professional,P7,38,"This program aims to improve cardiovascular health, muscular strength, endurance, and flexibility while allowing sufficient recovery time. Adjust the intensity and duration based on patient feedback and progress over time.",4
professional_qwen2.5:14b_P8_run1,qwen2.5:14b,professional,P8,1,"Given the patient's profile and medical conditions, it is crucial to start with a low-intensity exercise program that can be gradually increased over time. The focus should be on cardiovascular health improvement, weight loss, and safe physical activity progression.",4
professional_qwen2.5:14b_P8_run1,qwen2.5:14b,professional,P8,3,### Weekly Exercise Plan,0
professional_qwen2.5:14b_P8_run1,qwen2.5:14b,professional,P8,5,**Day 1: Cardio Start**,0
professional_qwen2.5:14b_P8_run1,qwen2.5:14b,professional,P8,6,1. Brisk Walking | Intensity: Moderate | Duration: 20 minutes,1
professional_qwen2.5:14b_P8_run1,qwen2.5:14b,professional,P8,7,- Begin with a 5-minute warm-up walk followed by 15 minutes of brisk walking at a pace that slightly elevates heart rate.,1
professional_qwen2.5:14b_P8_run1,qwen2.5:14b,professional,P8,9,**Day 2: Strength and Flexibility**,0
professional_qwen2.5:14b_P8_run1,qwen2.5:14b,professional,P8,10,1. Chair Exercises for Upper Body | Intensity: Light to Moderate | Duration: 10 minutes,1
professional_qwen2.5:14b_P8_run1,qwen2.5:14b,professional,P8,11,2. Seated Leg Raises | Intensity: Light | Duration: 5 minutes,1
professional_qwen2.5:14b_P8_run1,qwen2.5:14b,professional,P8,12,3. Stretching | Intensity: Gentle | Duration: 5 minutes,1
professional_qwen2.5:14b_P8_run1,qwen2.5:14b,professional,P8,13,"- Focus on major muscle groups, especially the hamstrings and hip flexors.",4
professional_qwen2.5:14b_P8_run1,qwen2.5:14b,professional,P8,15,**Day 3: Active Recovery**,2
professional_qwen2.5:14b_P8_run1,qwen2.5:14b,professional,P8,16,1. Leisurely Walking or Cycling (Indoor) | Intensity: Light | Duration: 20 minutes,1
professional_qwen2.5:14b_P8_run1,qwen2.5:14b,professional,P8,17,- This can be a more relaxed pace to allow recovery while still maintaining some activity.,4
professional_qwen2.5:14b_P8_run1,qwen2.5:14b,professional,P8,19,**Day 4: Cardio Progression**,0
professional_qwen2.5:14b_P8_run1,qwen2.5:14b,professional,P8,20,1. Brisk Walking | Intensity: Moderate | Duration: 25 minutes,1
professional_qwen2.5:14b_P8_run1,qwen2.5:14b,professional,P8,22,**Day 5: Strength and Balance**,0
professional_qwen2.5:14b_P8_run1,qwen2.5:14b,professional,P8,23,1. Standing Leg Lifts (using chair for support) | Intensity: Light | Duration: 5 minutes,1
professional_qwen2.5:14b_P8_run1,qwen2.5:14b,professional,P8,24,2. Seated Marching | Intensity: Light | Duration: 5 minutes,1
professional_qwen2.5:14b_P8_run1,qwen2.5:14b,professional,P8,25,3. Stretching | Intensity: Gentle | Duration: 5 minutes,1
professional_qwen2.5:14b_P8_run1,qwen2.5:14b,professional,P8,27,**Day 6: Rest Day**,2
professional_qwen2.5:14b_P8_run1,qwen2.5:14b,professional,P8,28,- Allow the body to rest and recover.,4
professional_qwen2.5:14b_P8_run1,qwen2.5:14b,professional,P8,30,**Day 7: Cardio Maintenance**,0
professional_qwen2.5:14b_P8_run1,qwen2.5:14b,professional,P8,31,1. Brisk Walking | Intensity: Moderate | Duration: 20 minutes,1
professional_qwen2.5:14b_P8_run1,qwen2.5:14b,professional,P8,33,### Additional Notes and Recommendations,0
professional_qwen2.5:14b_P8_run1,qwen2.5:14b,professional,P8,34,"- **Hydration:** Ensure the patient drinks plenty of water before, during, and after exercise.",4
professional_qwen2.5:14b_P8_run1,qwen2.5:14b,professional,P8,35,- **Monitoring Blood Pressure:** Encourage daily blood pressure monitoring to observe any changes in response to the exercise program.,3
professional_qwen2.5:14b_P8_run1,qwen2.5:14b,professional,P8,36,- **Gradual Progression:** Increase exercise intensity or duration gradually over time as tolerated. Aim for a 10% increase per week if no adverse effects are noted.,4
professional_qwen2.5:14b_P8_run1,qwen2.5:14b,professional,P8,37,"- **Consultation with Healthcare Provider:** Regular follow-ups with their healthcare provider should be scheduled to monitor progress and adjust medications as needed, especially regarding blood pressure control.",3
professional_qwen2.5:14b_P8_run1,qwen2.5:14b,professional,P8,38,- **Injury Prevention:** Use proper footwear and consider low-impact exercises like cycling or swimming in the future if joint pain becomes an issue.,4
professional_qwen2.5:14b_P8_run1,qwen2.5:14b,professional,P8,39,- **Nutrition:** Recommend a balanced diet that supports weight loss goals alongside the exercise program. Consultation with a nutritionist might be beneficial.,4
professional_qwen2.5:14b_P8_run1,qwen2.5:14b,professional,P8,41,"This plan is designed to safely introduce physical activity, improve cardiovascular health, and support weight management goals while considering existing medical conditions.",0
